title,developer,url,group,monthlyUsers,totalUsers,rating,reviews,description
Google Maps Scraper,Compass,https://apify.com/compass/crawler-google-places?fpr=youssef,google-maps,39326,633081,4.7,1818,"Extract data from thousands of Google Maps locations and businesses, including reviews, reviewer details, images, contact info, including full name, email, and job title, opening hours, prices & more. Export data, run via API, schedule and monitor runs, or integrate with other tools"
Instagram Profile Scraper,Apify,https://apify.com/apify/instagram-profile-scraper?fpr=youssef,social-leads,30642,237743,4.7,175,"Scrape all Instagram profile info. Just add Instagram usernames, IDs or URLs and extract name, join date, number of followers, location, bio, website, related profiles, video&post count, latest posts. Export scraped data, schedule scraper via API, and integrate with other tools or AI workflows"
Google Search Results Scraper,Apify,https://apify.com/apify/google-search-scraper?fpr=youssef,other-lead-sources,21276,197172,4.6,218,"Scrape Google Search Engine Results Pages (SERPs). Select the country or language and extract organic and paid results, AI Mode, AI overviews, ads, queries, People Also Ask, prices, reviews, like a Google SERP API. Export data, run the scraper via API, schedule runs, or integrate with other tools"
Linkedin Jobs Scraper,Curious Coder,https://apify.com/curious_coder/linkedin-jobs-scraper?fpr=youssef,linkedin,17708,167205,4.6,141,"Scrape Linkedin jobs from jobs search results using search URLs or filters. Get full job details, job poster and company details"
LinkedIn Profile Scraper + Email No Cookies,HarvestAPI,https://apify.com/harvestapi/linkedin-profile-scraper?fpr=youssef,email-finders,11292,76602,4.6,93,"Extract detailed information from LinkedIn profiles in bulk, including complete work experience, education history, skills and more. No cookies or account required"
LinkedIn Profile Posts Scraper (No Cookies),HarvestAPI,https://apify.com/harvestapi/linkedin-profile-posts?fpr=youssef,linkedin,9970,38996,4.4,55,"Extract posts from LinkedIn profiles, including content, media, engagement, reactions, comments, and more. No cookies or account required"
Tweet Scraper V2 - X Scraper / Twitter Scraper / X.com Scraper,API Dojo,https://apify.com/apidojo/tweet-scraper?fpr=youssef,social-leads,8377,103901,3.9,196,"Lightning-fast search, URL, list, and profile scraping, with customizable filters., and 30-80 tweets per second, it is ideal for researchers, entrepreneurs, and businesses! Get comprehensive insights from Twitter (X) now!"
Linkedin Post Search Scraper (No Cookies),HarvestAPI,https://apify.com/harvestapi/linkedin-post-search?fpr=youssef,linkedin,7512,31497,5.0,53,Search LinkedIn Posts with advanced filters by target profiles or companies. No cookies or account required
Facebook Ads Library Scraper,Apify,https://apify.com/apify/facebook-ads-scraper?fpr=youssef,social-leads,7126,40853,4.0,59,"Extract advertising data from Facebook, Instagram, WhatsApp, Threads. Get ads, publishers, prices, reach estimates, impressions, links, images, IDs, timestamps, product info, and more from Facebook Ad Library. Export ad data, schedule runs via API, and integrate with other tools or AI workflows"
LinkedIn Profile Search Scraper No Cookies Find all people,HarvestAPI,https://apify.com/harvestapi/linkedin-profile-search?fpr=youssef,linkedin,6544,46686,4.4,103,"Search for LinkedIn profiles with filters and extract detailed profile information, including work experience, education history, location, and more. No cookies or account required"
Linkedin Company Details Scraper (No Cookies) Bulk,HarvestAPI,https://apify.com/harvestapi/linkedin-company?fpr=youssef,linkedin,6494,24042,4.5,33,"Extract detailed information from LinkedIn Companies such as company name, address, phone numbers, website, employee count, and more. Find LinkedIn company URLs by name in Bulk. No cookies or account required"
Facebook Ad Library Scraper,Curious Coder,https://apify.com/curious_coder/facebook-ads-library-scraper?fpr=youssef,social-leads,6184,43515,4.8,111,Scrape ads from facebook ads library search results and facebook pages. Cost
Facebook Pages Scraper,Apify,https://apify.com/apify/facebook-pages-scraper?fpr=youssef,social-leads,5936,64981,4.6,54,"Extract basic data from multiple Facebook Pages or Profiles. Extract Facebook page details, website, email, address, messenger, likes, followers, rating, ad running status, and other public data. Export scraped data, schedule scraper via API, integrate with other tools or AI workflows"
LinkedIn Company Employees Scraper No Cookies,HarvestAPI,https://apify.com/harvestapi/linkedin-company-employees?fpr=youssef,linkedin,5312,31018,3.9,47,"Extract all LinkedIn Company employees with filters and detailed profile information, including complete work experience, and more. No cookies or account required. This actor can try to find contact emails"
Tweet Scraper| Pay-Per Result | No Rate Limits,Kaito T,https://apify.com/kaitoeasyapi/twitter-x-data-tweet-scraper-pay-per-result-cheapest?fpr=youssef,social-leads,5267,29126,4.3,85,"Twitter scraping, 100% reliability, swift data retrieval.This incredible low price is almost too good to be true.Thanks to our large-scale operations and efficient servers, we can offer you rock-bottom prices that no competitors can match"
LinkedIn Company Posts Scraper (No Cookies),HarvestAPI,https://apify.com/harvestapi/linkedin-company-posts?fpr=youssef,linkedin,4022,13176,5.0,21,"Extract posts from LinkedIn companies including content, media, engagement, reactions, comments and more. No cookies or account required. Concurrency + fast response times make mass scraping fast"
LinkedIn Jobs Scraper,Bebity,https://apify.com/bebity/linkedin-jobs-scraper?fpr=youssef,linkedin,3937,41755,4.3,72,"ℹ Designed for both personal and professional use, simply enter your desired job title and location to receive a tailored list of job opportunities. Try it today!"
Google Maps Extractor,Compass,https://apify.com/compass/google-maps-extractor?fpr=youssef,google-maps,3915,103599,4.9,232,"Extract data from hundreds of places fast. Scrape Google Maps by keyword, category, location, URLs & other filters. Get addresses, contact info, opening hours, popular times, prices, menus & more. Export scraped data, run the scraper via API, schedule and monitor runs, or integrate with other tools"
"Reddit Scraper - Posts, Comments, Search & Subreddits",Harsh Maur,https://apify.com/harshmaur/reddit-scraper?fpr=youssef,social-leads,3827,15089,4.5,40,"Scrape Reddit posts, comments, subreddits, user profiles, and keyword search results - no API key, no rate limits, no login., pay only for what you use. Full comment threads, 60+ fields per post, media and galleries. Works with AI Agents, MCP, n8n, Make, Zapier and more"
Google Maps Email Extractor,Lukáš Křivka,https://apify.com/lukaskrivka/google-maps-with-contact-details?fpr=youssef,google-maps,2898,91264,4.6,222,"Extract Google Maps contact details. Scrape websites of Google Maps places for contact details and get email addresses, website, location, address, zipcode, phone number, social media links. Export scraped data, run the scraper via API, schedule and monitor runs or integrate with other tools"
Contact Details Scraper,Vojta Drmota,https://apify.com/vdrmota/contact-info-scraper?fpr=youssef,email-finders,2398,61810,4.7,92,"Email extractor and lead scraper to extract and download emails, phone numbers, Facebook, Twitter, LinkedIn, Instagram, Threads, Snapchat, and Telegram profiles from any website. Extract contact information at scale from lists of URLs and download the data as Excel, CSV, JSON, HTML, and XML"
"Taobao 淘宝 Product Detail Scraper - SKUs, Prices, Reviews",Zen Studio,https://apify.com/zen-studio/taobao-detail-scraper?fpr=youssef,other-lead-sources,2313,3336,5.0,2,"Extract SKUs, prices, attributes, optional reviews, images, videos, shop data, and category metadata from Taobao (淘宝) and Tmall (天猫) product URLs or item IDs. Export clean JSON, CSV, and Excel rows"
Profile Posts Scraper for LinkedIn [No Cookies],API Maestro,https://apify.com/apimaestro/linkedin-profile-posts?fpr=youssef,linkedin,2207,23132,4.8,67,"Scrape LinkedIn posts data for a given LinkedIn profile including post content, reactions, comments count, and media attachments"
Profile Details Scraper for LinkedIn + EMAIL (No Cookies),API Maestro,https://apify.com/apimaestro/linkedin-profile-detail?fpr=youssef,email-finders,2166,20222,4.7,64,"Scrape comprehensive LinkedIn profile data including work experience, education history, certifications, and location details. Get structured information from any public LinkedIn profile using their username"
Twitter (X.com) Scraper Unlimited: No Limits,API Dojo,https://apify.com/apidojo/twitter-scraper-lite?fpr=youssef,social-leads,2122,34618,4.8,101,"Introducing Twitter Scraper Unlimited, the most comprehensive Twitter data extraction solution available. Our enterprise-grade scraper offers unmatched capabilities with a transparent event-based pricing model, making it perfect for both small-scale and large-scale data extraction needs"
Leads Finder - Emails [Apollo Alternative],Code Pioneer,https://apify.com/code_crafter/leads-finder?fpr=youssef,email-finders,2086,48300,3.5,546,"Affordable alternative to ZoomInfo, Lusha & Apollo. Get Business email, Mobile Number, Personal email, LinkedIn profiles, company details etc"
LinkedIn Post Comments Scraper (No Cookies) (No Cookies),HarvestAPI,https://apify.com/harvestapi/linkedin-post-comments?fpr=youssef,linkedin,2027,8417,4.8,22,"Extract LinkedIn post comments or comment replies in bulk, as well as comment social activities such as the number of likes and reactions. No cookies or account required"
Instagram Followers/Following Scraper | No Login | No Cookies,Scraping Solutions,https://apify.com/scraping_solutions/instagram-scraper-followers-following-no-cookies?fpr=youssef,social-leads,1886,16448,4.8,16,"Download Instagram followers or following from any public account. No login, no cookies required. Supports multiple usernames, auto-pagination, and continuation tokens for large exports. Export to JSON, CSV, Excel. Perfect for lead generation, influencer research, and competitor analysis"
Linkedin Profile Search By Name scraper No Cookies,HarvestAPI,https://apify.com/harvestapi/linkedin-profile-search-by-name?fpr=youssef,linkedin,1850,8425,4.5,17,"Search for LinkedIn profiles by name with filters and extract detailed profile information, including work experience, education history, location and more. No cookies or account required"
Advanced LinkedIn Job Search API,Fantastic.jobs,https://apify.com/fantastic-jobs/advanced-linkedin-job-search-api?fpr=youssef,linkedin,1816,15408,2.9,20,"Access our real-time LinkedIn Jobs database with over 10 million new jobs per month. With detailed company data, recruiter data, and AI enrichments! Get exact results with our advanced filters on title, description, location, company description, no. of employees, industry. Powered by Fantastic.jobs"
X Tweet Scraper | Pay-Per-Result,Xquik,https://apify.com/xquik/x-tweet-scraper?fpr=youssef,social-leads,1806,5400,4.7,16,"Scrape X (Twitter) tweets, replies, profiles, lists, and searches on every Apify plan. Get 63 fields per tweet, 50+ filters, batch lookup & flat exports. No X login. Built by Xquik. World's fastest & cheapest X (Twitter) scraper service. Not affiliated with X Corp"
Facebook Posts Search,Scraper One,https://apify.com/scraper_one/facebook-posts-search?fpr=youssef,social-leads,1718,22144,4.2,14,"Search for Facebook posts using keywords or hashtags. Retrieve post URLs, content, publication dates, author details, and engagement metrics. Ideal for monitoring brand mentions on Facebook over time"
Tiktok Scraper (Pay Per Result),API Dojo,https://apify.com/apidojo/tiktok-scraper?fpr=youssef,social-leads,1684,11580,4.4,30,"Extract TikTok profiles, videos, hashtags, comments at 600 posts/sec. No proxy, 98% success rate. Scrape music, locations & user data with query builder. Export JSON/CSV, API integration. Perfect for influencer discovery, lead gen, market research"
Instagram Post & Reel Details Scraper · No Login,Data Slayer,https://apify.com/data-slayer/instagram-post-details?fpr=youssef,social-leads,1586,3909,5,1,"Get full details from any Instagram post or Reel by URL - no login. 128 fields: likes, comments, views, shares, saves, reposts, captions, audio metadata, video URLs, and creator profiles. Bulk URL input. Includes repost_count missing from Apify's own scraper. JSON/CSV/Excel"
Naukri Job Scraper | India & Gulf Jobs,Muhammet Akkurt,https://apify.com/muhammetakkurtt/naukri-job-scraper?fpr=youssef,jobs-hiring-signals,1566,20713,4.4,11,"Naukri Job Scraper extracts job postings from Naukri.com (India) and NaukriGulf.com (Gulf). Scrape job title, company, salary, experience, description and recruiter email by keyword, URL or filters. Export structured data for recruitment analytics, market research and lead generation"
Career Site Job Listing API,Fantastic.jobs,https://apify.com/fantastic-jobs/career-site-job-listing-api?fpr=youssef,jobs-hiring-signals,1498,7905,4.1,13,"The perfect Job Posting API for high-quality real jobs! Direct postings from over 275k+ company career sites across 58 ATS platforms like: Workday, Greenhouse, and Ashby. Enriched with AI and LinkedIn company data! Includes Lever, Rippling, SuccessFactors, iCIMS. Powered by Fantastic.jobs"
Linkedin Post Scraper No cookies,Supreme Coder,https://apify.com/supreme_coder/linkedin-post?fpr=youssef,linkedin,1474,16745,4.1,54,"Scrape unlimited Linkedin posts without risking your Linkedin account. Live data, Super fast scraping at affordable cost. High success rate"
LinkedIn Company Search Scraper No Cookies,HarvestAPI,https://apify.com/harvestapi/linkedin-company-search?fpr=youssef,linkedin,1460,8375,4.4,22,Search for LinkedIn companies with filters and extract detailed company information. No cookies or account required. Fast and reliable actor
Posts Search Scraper for LinkedIn | No Cookies,API Maestro,https://apify.com/apimaestro/linkedin-posts-search-scraper-no-cookies?fpr=youssef,linkedin,1316,12519,4.7,37,"Scrape LinkedIn posts by keyword without login. Get post content, reactions, author details, and media. Sort by relevance or date. Perfect for research, analysis, and monitoring trends"
Fast Instagram Profile Posts Scraper,Instagram Scraper,https://apify.com/instagram-scraper/fast-instagram-post-scraper?fpr=youssef,social-leads,1270,6969,4.7,10,"Instagram Post Scraper. Post data: hashtags, comment_count, like_count, usertags, images, videos, shortcode and etc. Scrape Instagram Posts with Ease and Speed"
Leads Scraper /Run With EMAILSLike Apollo,Pipeline Labs,https://apify.com/pipelinelabs/lead-scraper-apollo-zoominfo-lusha-ppe?fpr=youssef,email-finders,1250,16327,3.0,87,"Scrape Up to 50K leads per run with Emails, LinkedIn URL, Phone Numbers, & More! Similar to Apollo, ZoomInfo, Lusha. 250+ Million Verified Database!"
Mass Linkedin Profile Scraper with Email (No Cookies),Dev Fusion,https://apify.com/dev_fusion/Linkedin-Profile-Scraper?fpr=youssef,email-finders,1237,63514,3.6,158,"Extract full LinkedIn profile insights: verified email, phone number, work history, education, and more"
Bulk Email Verifier & Validator - BounceVerify,Redify,https://apify.com/bounceverify/bounceverify-email-verifier?fpr=youssef,email-finders,1113,3810,4.8,5,"Bulk email verifier & validator with SMTP validation, catch-all detection, and disposable filtering. The best ZeroBounce & NeverBounce alternative on Apify. Clean leads from Apollo, LinkedIn, or any scraper. Reduce bounce rate to under 2%. GDPR compliant"
LinkedIn Profile Extractor & Enricher (No Login Required),Unseen User,https://apify.com/unseenuser/LinkedIn-Profile?fpr=youssef,linkedin,1079,2304,5,4,"Extract complete LinkedIn profile data - experience, education, skills, certifications, location, headline. No login, no cookies. Built for B2B sales and lead-gen teams"
Instagram Followers and Following Scraper,Apify,https://apify.com/apify/instagram-followers-following-scraper?fpr=youssef,social-leads,1068,3428,4.8,10,"Scrape Instagram followers' names. Just add Instagram profile and extract followers' username, name, profile picture URL, private or public status, verified status and Instagram user ID. Export scraped data, schedule scraper via API, and integrate with other tools or AI workflows"
Threads Scraper,Automation Lab,https://apify.com/automation-lab/threads-scraper?fpr=youssef,social-leads,1043,3460,4.2,8,"Scrape Meta Threads posts, profiles, and search results. No login needed. Extract text, likes, reply counts, reposts, media, and user data"
LinkedIn Post Reactions Scraper (No Cookies) (No Cookies),HarvestAPI,https://apify.com/harvestapi/linkedin-post-reactions?fpr=youssef,linkedin,1042,5130,5.0,19,"Extract reactions of LinkedIn posts or comments, such as likes, appreciations, etc. No cookies or account required"
"Fast Twitter (X) User Scraper API | Extract Profiles, Followers",API Dojo,https://apify.com/apidojo/twitter-user-scraper?fpr=youssef,social-leads,1005,9287,4.4,16,"Introducing Twitter (X) User Scraper, the ultimate solution for direct user extraction from Twitter (X). It offers blazing speed and comprehensiveness, delivering lightning-fast user extraction features"
Facebook (Meta) Ads Library Scraper,Iñigo Garcia Olaizola,https://apify.com/igolaizola/facebook-ad-library-scraper?fpr=youssef,social-leads,1004,3626,3.9,11,"Extract powerful ad insights from Meta's Facebook Ads Library. Scrape comprehensive data including IDs, ad text, images, links, and page details to fuel digital marketing strategies and competitive research. Optimize and boost campaigns with current, actionable ad data for maximum impact"
Company Posts Scraper for LinkedIn - No Cookies,API Maestro,https://apify.com/apimaestro/linkedin-company-posts?fpr=youssef,linkedin,916,8769,5.0,17,"Extract public posts and activity from companies including post content, reactions, comments count, and media attachments"
Leads Finder - Email + Mobile Number ​,Caleb David,https://apify.com/microworlds/leads-finder?fpr=youssef,email-finders,884,21531,3.7,113,"Cheap alternative to Apollo, ZoomInfo & Lusha. Get business emails, LinkedIn profiles, company details etc.. With verified email and mobile number ​"
Post Comments & Engagements Scraper for LinkedIn | No Cookies,API Maestro,https://apify.com/apimaestro/linkedin-post-comments-replies-engagements-scraper-no-cookies?fpr=youssef,linkedin,799,5630,5.0,8,"Scrape in Batch all LinkedIn post related data including comments, stats, reactions, replies and media attachments"
Instagram Scraper (Pay Per Result),API Dojo,https://apify.com/apidojo/instagram-scraper?fpr=youssef,social-leads,789,9420,4.7,36,"Famous for its blazing-fast speed and completeness, it offers rapid and efficient scraping of many URLs such as; location, audio, tag, and profile. It's incredibly cost-effective at for every 1000 posts, capable of scraping 100-200 posts each second!"
"Naukri Job Scraper - Salary, Skills & Detail",Black Falcon Data,https://apify.com/blackfalcondata/naukri-jobs-feed?fpr=youssef,jobs-hiring-signals,782,5063,5,2,"Naukri Job Scraper for naukri.com: India's largest job board (500K+ listings). Salary, walk-in contacts, skills, company profiles, full descriptions. plans; no monthly fee. Incremental mode; compact output for AI/MCP"
Linkedin Profile Scraper with Email & Company Data (No Cookie),Data Doping,https://apify.com/datadoping/linkedin-profile-scraper?fpr=youssef,email-finders,776,4616,3.4,11,"For, LinkedIn Profile with Email & Company Data and get complete lead information, including verified emails, using their username, URL, or URN. This advanced scraper integrates with tools like Apollo, Hunter, Lusha etc. to ensure accurate and up-to-date email data"
Skip Trace,ONE API,https://apify.com/one-api/skip-trace?fpr=youssef,enrichment-verification,773,16889,4.6,32,"Locate hard-to-find individuals with our powerful skip trace/tracing API. TruePeopleSearch, Fastpeoplesearch, Lead Finder, Truthfinder, Spokeo, BeenVerified, PeopleFinders. Please leave 5 stars if found useful. If you do not receive any results, please contact: support@realtyapi.io"
LinkedIn Email Finder Find Emails for LinkedIn Profiles,VulnV,https://apify.com/vulnv/linkedin-email-finder?fpr=youssef,email-finders,764,4524,5,5,"LinkedIn email finder: paste profile URLs, get business email addresses back. Bulk lookups, JSON or CSV export, pay per email found. Works on free Apify plans, no cookies or login needed"
Company Employees Scraper for LinkedIn | No Cookies,API Maestro,https://apify.com/apimaestro/linkedin-company-employees-scraper-no-cookies?fpr=youssef,linkedin,738,7961,2.9,18,"Extract LinkedIn company employees without sharing your cookies or account. Get structured data including profile details, job titles, and current positions. No login required"
Reddit Scraper,Automation Lab,https://apify.com/automation-lab/reddit-scraper?fpr=youssef,social-leads,731,4309,4.8,6,"Scrape public Reddit search results and subreddit listings, with posts, comments, and profiles available on a best-effort basis. No Reddit account or API key required"
Google Maps Scraper,VortexData,https://apify.com/vortex_data/google-maps?fpr=youssef,google-maps,730,3425,4.9,19,"Stop wasting your budget on slow, resource-heavy browser-based scrapers. This is the fastest, most cost-effective, and data-rich Google Maps scraper on Apify, designed for high-scale lead generation and market research"
Tiktok Profile Scraper (Pay Per Result),API Dojo,https://apify.com/apidojo/tiktok-profile-scraper?fpr=youssef,social-leads,721,5369,4.4,17,"Scrape TikTok user profiles at 425 posts/sec with 98% success, no proxy needed. Get followers, bio, badges, full video history & engagement. Username or URL input. Export JSON/CSV, API ready. Perfect for influencer research, lead gen & brand deals"
Facebook Search Scraper,Jan Danecki,https://apify.com/danek/facebook-search-ppr?fpr=youssef,social-leads,678,43035,4.1,18,"Scrap Facebook search results fast and easy. It is designed to be fast and efficient, so it can extract a large number of results for low price. It is also less likely to be blocked by Facebook"
Trustpilot All Reviews Scraper + · No Cap · AI Insights,Muhamed Didovic,https://apify.com/memo23/trustpilot-scraper-ppe?fpr=youssef,directories,665,2906,4.8,20,"[] Export every Trustpilot review - past the ~200-review web cap. Incremental mode: pull only reviews newer than a date, so daily syncs stay cheap. 40+ fields, company replies, ratings, reviewer country. Filter by star, language, date, verified. Brand search, regional domains"
Facebook Ads Library Scraper,Automation Lab,https://apify.com/automation-lab/facebook-ads-library?fpr=youssef,social-leads,656,2356,4.5,3,"Scrape Facebook / Meta Ad Library for competitor ad monitoring. Search by keyword, Page URL, pasted Ads Library URL, country, status, and media type. Extract creatives, copy, links, media, platforms, spend. No login or Meta API token required"
LinkedIn Profile Comments Scraper (No Cookies),HarvestAPI,https://apify.com/harvestapi/linkedin-profile-comments?fpr=youssef,linkedin,649,2142,5.0,12,"Extract LinkedIn profile comments, as well as comment social activities such as likes and reactions. No cookies or account required, fast response times"
Leads Scraper Apollo | LinkedIn Profile,Peaky Dev,https://apify.com/peakydev/leads-scraper-ppe?fpr=youssef,linkedin,648,17050,4.0,154,"Cheap ways to Extract leads with verified Mobile Work & Personal Emails. Similar to Apollo, ZoomInfo, Lusha, LinkedIn | Google Maps"
Leads Finder Apollo Alternative,Pipeline Labs,https://apify.com/pipelinelabs/leads-finder-with-emails-apollo-lusha-zoominfo?fpr=youssef,email-finders,645,4324,3.9,13,"Find verified B2B leads with emails, LinkedIn URLs & phone numbers. 250M+ contact database with 100% email coverage. Apollo, Zoominfo & Lusha alternative. Up to 50,000 leads per run"
Google Maps Scraper,ScraperLink,https://apify.com/scraperlink/google-maps-scraper?fpr=youssef,google-maps,642,4091,5.0,31,"**CHEAPEST** Google Maps Scraper on Apify - 4× cheaper than competitors. Proxies & platform costs included. Results in seconds. Extract names, phones, addresses, ratings, hours & more. Multi-query, up to 200 results per search"
1688 Wholesale Products Scraper - 50+ Fields from 1688.com,Zen Studio,https://apify.com/zen-studio/1688-wholesale-scraper?fpr=youssef,other-lead-sources,628,2470,5,4,"Extract 50+ fields per product from 1688.com at 250+ products/minute. Tiered wholesale pricing, supplier verification, factory stats, dropship channels, certifications, trade service scores. Search by keyword (Chinese/English) or offer IDs. JSON output, no login required"
Trustpilot Reviews Scraper,Automation Lab,https://apify.com/automation-lab/trustpilot?fpr=youssef,directories,627,2471,5,1,"Extract Trustpilot reviews with ratings, replies, reviewer info, and company data. Tiered per-review pricing applies, plus a run start fee"
"Bulk Linkedin Email Finder, Super Cheap",Sniper Coder,https://apify.com/snipercoder/bulk-linkedin-email-finder?fpr=youssef,email-finders,625,3895,4.7,13,"Input: linkedIn|Output: Name, Email, Title, Company, etc. In Bulk| Perfect for Email campaigns, Data Enrichment, Linkedin/Linkedin sales nav Leads. Forget Instantly.ai, apollo.io, and hunter.io, they are all to break the Bank"
Naukri Job Scraper - India + Gulf · Emails & 41 Fields,Muhamed Didovic,https://apify.com/memo23/naukri-scraper?fpr=youssef,email-finders,619,4968,4.7,17,"Scrape Naukri and NaukriGulf in one actor - India and the Gulf in one run, so you buy one scraper instead of two. 41 fields per job: salary bands, skills, education, apply links, plus optional employer emails and AmbitionBox company ratings. Rated 4.7 by 17 users. JSON or CSV"
Upwork Job Scraper,Neatrat,https://apify.com/neatrat/upwork-job-scraper?fpr=youssef,jobs-hiring-signals,590,6907,4.8,33,"Scrape Upwork jobs without limits Bypass CAPTCHAs & apply custom filters. Apify is retiring rental Actors, so pricing is changing. For many users around ~7k jobs/month, cost should stay near the old You still get the same no-cookie setup, with in-house Upwork accounts and proxies built in"
Instagram Followers Scraper (No Cookie),Data Doping,https://apify.com/datadoping/instagram-followers-scraper?fpr=youssef,social-leads,585,6043,4.5,14,"Extract Instagram profile followers in bulk without requiring login, session ID, or cookies. This actor provides complete API support, and seamless export options, making large-scale follower collection efficient and reliable"
Linkedin Profile Scraper No cookie,Supreme Coder,https://apify.com/supreme_coder/linkedin-profile-scraper?fpr=youssef,linkedin,564,8780,4.9,32,Scrape Linkedin profiles without risking your Linkedin account. Live data
Twitter Scraper,Jan Danecki,https://apify.com/danek/twitter-scraper?fpr=youssef,social-leads,524,8030,4.4,20,"Scrap Twitter fast and easy. It is designed to be fast and efficient, so it can extract a large number of post for low price"
YouTube Comments Scraper API - Extract Video Comments Fast,API Dojo,https://apify.com/apidojo/youtube-comments-scraper?fpr=youssef,social-leads,517,3219,4.8,12,"YouTube Comments Scraper, the ultimate solution for extensive YouTube comments data retrieval. With its high-speed scraping abilities, it provides unmatched effectiveness and thoroughness. Additionally, its cost-effectiveness is unmatched, priced at !"
X (Twitter) Posts Search,Scraper One,https://apify.com/scraper_one/x-posts-search?fpr=youssef,social-leads,499,2554,5,2,"Search for X (formerly Twitter) posts using keywords or hashtags. Retrieve post URLs, content, publication dates, author details, and engagement metrics. Ideal for monitoring brand mentions on X over time"
Twitter Profile Scraper: Get Profile Tweets + Their Replies,API Dojo,https://apify.com/apidojo/twitter-profile-scraper?fpr=youssef,social-leads,482,2983,3.4,11,"Extract tweets, replies & engagement data from Twitter profiles. 40 tweets FREE. Get likes, retweets, views & media URLs. Date filtering, reply extraction, custom data transformation. No authentication, no proxy required. Event-based pricing, only pay for what you scrape!"
Threads Search Scraper,Sachin Kumar Yadav,https://apify.com/igview-owner/threads-search-scraper?fpr=youssef,social-leads,475,8791,3.5,6,"Powerful Meta Threads search scraper for posts and users. Filter by keywords or usernames, export structured data for analytics, research, monitoring and reporting"
Leads Finder | Similar to Apollo LinkedIn Leads Generator,Brave Leads,https://apify.com/braveleads/leads-finder-linkedin-apollo-leads-generator?fpr=youssef,linkedin,468,4670,4.5,49,"Maximum Result issue fixed---. Get premium leads similar to apollo, linkedin, zoominfo. Work emails, Phone numbers and more"
Email Verifier & Validator | Bulk Email Verification,Michael G,https://apify.com/michael.g/email-verifier-validator?fpr=youssef,email-finders,454,2018,4.7,37,"Bulk email verifier and email validator for email list verification. Verify email addresses, detect invalid emails, check deliverability, and clean email lists to reduce bounce rates"
X Tweet Scraper | Pay-Per-Result,ScrapeBadger,https://apify.com/scrape.badger/twitter-tweets-scraper?fpr=youssef,social-leads,448,2932,3.3,17,"Scrape X/Twitter tweets for. Advanced search with 40+ filters, batch tweet lookup, replies, retweeters, favoriters, quotes, and similar tweets. No API key needed, no rate limits"
TikTok Followers Scraper,Clockworks,https://apify.com/clockworks/tiktok-followers-scraper?fpr=youssef,social-leads,446,12195,4.7,24,"Scrape TikTok followers and following profiles from any account. Input a profile name, and get detailed lists of followers and following profiles with complete metadata. Perfect for lead generation, audience analysis, and segmentation"
LinkedIn Profile Reactions Scraper (No Cookies),HarvestAPI,https://apify.com/harvestapi/linkedin-profile-reactions?fpr=youssef,linkedin,446,1590,4.8,15,"Extract LinkedIn profile reactions, as well as full post data and social activities. No cookies or account required. Concurrency + fast response times"
"Instagram Profile Scraper - Emails, Bio Links & Post Likers",Andrey Afanasenko,https://apify.com/afanasenko/instagram-profile-scraper?fpr=youssef,email-finders,441,4048,2.5,10,"Scrape Instagram profiles at scale - followers and following lists, post likers and commenters, similar-account and influencer discovery, Instagram keyword and location search. Every profile returns emails, bio links, engagement rate, business category and language. No login needed"
Profile Details Batch Scraper for LinkedIn + EMAIL (No Cookies),API Maestro,https://apify.com/apimaestro/linkedin-profile-batch-scraper-no-cookies-required?fpr=youssef,email-finders,438,11804,4.4,18,"(no cookies need) Extract In Bulk comprehensive LinkedIn profile data including work experience, education history, certifications, and location details. Get structured information from any public LinkedIn profile using their username"
LinkedIn Profile Scraper for cheap lead enrichment,Anchor,https://apify.com/anchor/linkedin-profile-enrichment?fpr=youssef,linkedin,436,9966,4.9,21,"Extract LIVE LinkedIn profile data from LinkedIn URLs. Works with people and companies. Upload a CSV of LinkedIn URLs or use the API. Automate your LinkedIn enrichment with N8N, Make, Zapier integrations... No Cookies. Cheap, high-quality, live lead enrichment for LinkedIn profiles !"
"Fast YouTube Channel Scraper API | Profiles, Subs & Stats",API Dojo,https://apify.com/apidojo/youtube-channel-information-scraper?fpr=youssef,social-leads,421,2456,5,8,"Extreme flexibility with search functionalities enables you to retrieve extensive channel information in detail. Not just that but YouTube Channel Information Scraper offers you Country, Language, and Location geo-targeting capabilities. !"
Post Data Scraper for LinkedIn | No Cookies,API Maestro,https://apify.com/apimaestro/linkedin-post-detail?fpr=youssef,linkedin,419,1603,5.0,3,"Linkedin Posts Data Scraper: Extract detailed information from LinkedIn profiles including work experience, education history, and location details"
Instagram Following Scraper (No Cookie),Data Doping,https://apify.com/datadoping/instagram-following-scraper?fpr=youssef,social-leads,418,3336,3.4,6,"Extract Instagram profile following in bulk without requiring login, session ID, or cookies. This actor provides complete API support, and seamless export options, making large-scale follower collection efficient and reliable"
StepStone Job Scraper - Keyword/URL Search + Emails [],Muhamed Didovic,https://apify.com/memo23/stepstone-search-cheerio-ppr?fpr=youssef,email-finders,418,1521,5,9,"StepStone job scraper - keyword & listing search on StepStone Germany, Austria & Belgium, or drop in any job link for one clean row per posting: title, company, salary, location, skills, dates, labels + employer emails. Pure HTTP, no browser. Totaljobs/CWJobs too"
App Store Reviews Scraper API,The Wolves,https://apify.com/thewolves/appstore-reviews-scraper?fpr=youssef,other-lead-sources,415,2408,5.0,10,"App Store Reviews Scraper is your ultimate tool to retrieve the reviews directly from the Apple Store. With extremely capable information retrieval, the lowest price, and lightning speed, this actor is unbeatable. It's priced at !"
"Fast Instagram Scraper API - Posts, Reels, Profiles & Hashtags",API Dojo,https://apify.com/apidojo/instagram-scraper-api?fpr=youssef,social-leads,395,2644,5,9,"Instagram Scraper API - extract posts, reels, profiles, hashtags, locations & audio FASTat 100-200 posts/sec. Transparent event-based pricing +, FREE posts per query, no login, proxies or API keys. Perfect for influencer analysis, brand & social media monitoring"
Linkedin Companies & Profiles Bulk Scraper,Bebity,https://apify.com/bebity/linkedin-premium-actor?fpr=youssef,linkedin,391,15740,3.3,42,Companies & Profiles Linkedin scraper. Get comprehensive profiles of individuals and companies based on your keywords and filters. Unleash the power of data!
Indeed jobs scraper,Curious Coder,https://apify.com/curious_coder/indeed-scraper?fpr=youssef,jobs-hiring-signals,385,4505,4.8,49,This is an actively maintained indeed scraper which can extract job postings and hiring company details at scale from any indeed search results page for a fixed monthly rental price. Well documented with examples and demos
Fast Instagram Profile Reels Scraper,Instagram Scraper,https://apify.com/instagram-scraper/instagram-profile-reels-scraper?fpr=youssef,social-leads,384,1531,5,3,"This Actor scrapes public Instagram Reels from profile pages (the Reels tab). It runs in no‑login mode, which makes it fast to start and easy to use for analytics, research, and content monitoring workflows"
Google Jobs Scraper,John,https://apify.com/johnvc/Google-Jobs-Scraper?fpr=youssef,jobs-hiring-signals,383,3917,4.5,13,"The most advanced Google Jobs Scraper available! Built with enterprise-grade flexibility, lightning-fast performance, and comprehensive customization options. Extract detailed job data, application links, company information, and full job descriptions. Unlimited usage, no monthly rental fees"
Youtube Scraper (Pay Per Result),API Dojo,https://apify.com/apidojo/youtube-scraper?fpr=youssef,social-leads,369,30303,3.3,21,"Experience unparalleled efficiency and depth with its ultra-fast capabilities in searching, URL, playlist, channel, and profile scraping. It comes equipped with a variety of filters to customize your data collection precisely. Plus, it's incredibly affordable at !"
Google Ads Scraper,Gustavo Silva (Coherent Paradox),https://apify.com/silva95gustavo/google-ads-scraper?fpr=youssef,other-lead-sources,367,4510,4.9,19,"Extract up to 400 ads per minute along with text, image and video ads from Google Ads, scraped from the ad library provided by the Google Ads Transparency Center. Gain access to ad details, ad copy, locations and more for a faster competitive edge"
"Job Scraper - Job Board API: LinkedIn Jobs, Indeed, Glassdoor",Pika Choo,https://apify.com/openclawai/job-board-scraper?fpr=youssef,linkedin,353,3017,5.0,5,"Job scraper for LinkedIn Jobs, Indeed, Glassdoor, ZipRecruiter & more job boards in one run. Get title, company, salary, location, job type, full description & company info as JSON or CSV. No login, no API key. MCP-ready for AI agents"
Profile Full Sections Scraper for LinkedIn + EMAIL | No Cookies,API Maestro,https://apify.com/apimaestro/linkedin-profile-full-sections-scraper?fpr=youssef,email-finders,348,3609,5,8,"Scrape complete LinkedIn profile data including work experience, education history, certifications, and location details. Get structured information from any public LinkedIn profile using their username"
Idealista Scraper - Real Estate for Spain Italy Portugal France,Iñigo Garcia Olaizola,https://apify.com/igolaizola/idealista-scraper?fpr=youssef,brasil,346,2408,3.8,22,"Extract real estate data from Spain, Italy, Portugal, and France on idealista.com, including pricing, property features, and contact information. Scrape listings for residential, office, and commercial properties available for sale or rent. Results as JSON, CSV or Excel. Access through API or MCP"
Instagram Profile Scraper (Bio & Posts),CoderX,https://apify.com/coderx/instagram-profile-scraper-bio-posts?fpr=youssef,social-leads,336,6555,5.0,9,Instagram Profile Insights Scraper is a lightweight tool that collects detailed public data from a list of Instagram usernames. It fetches profile info and recent posts to help you analyze accounts at scale
Glassdoor Reviews & Jobs · No 200-Cap · AI Employer Intel,Muhamed Didovic,https://apify.com/memo23/glassdoor-scraper-ppr?fpr=youssef,jobs-hiring-signals,333,1729,4.6,11,"Glassdoor scraper that survives the anti-bot wall - no login, no 200-review cap: full reviews with sub-ratings, pros/cons, employer replies, plus jobs, salaries & interviews. New AI Employer Intelligence: complaint themes, attrition-risk signals & quick wins from real reviews"
TikTok Profile Scraper (Private & Public),Abe,https://apify.com/abe/tiktok-profile-scraper?fpr=youssef,social-leads,330,23229,4.6,22,"Scrapes basic profile info for a TikTok page for a given username(s), both private & public. Info returned includes counts for followers, following & likes; as well as name, tagline, bio, image URL and link"
Twitter (X) Follower Scraper | Email| No Rate Limit,Kaito T,https://apify.com/kaitoeasyapi/premium-x-follower-scraper-following-data?fpr=youssef,email-finders,325,5792,4.5,24,"/following! The most affordable X data scraper. Get instant access to follower & following lists. Trusted by marketing pros for accurate social data. Lightning - fast extraction, 99.9% success rate. Start collecting valuable twitter(X) data today!"
Wellfound Startup Job Scraper - Equity Ranges & Job Alerts,Black Falcon Data,https://apify.com/blackfalcondata/wellfound-scraper?fpr=youssef,jobs-hiring-signals,322,1823,5,2,"Scrape wellfound.com startup jobs with salary and equity ranges, location, remote status, experience level, and company name and size. Company-only lead-gen mode, incremental runs, and Slack/Telegram/Discord alerts on new postings"
Upwork Scraper - Freelance Job Listings with Client Intel,Black Falcon Data,https://apify.com/blackfalcondata/upwork-scraper?fpr=youssef,jobs-hiring-signals,319,1082,5,8,"Scrape Upwork jobs with full client intelligence - country, total spent, payment-verified, rating, reviews, and exact applicant count. 14 filters and incremental mode that reliably emits only new or changed listings across runs"
Google Maps Reviews Scraper,Billy,https://apify.com/web_wanderer/google-reviews-scraper?fpr=youssef,google-maps,316,2024,4.7,8,"Scrape all Google Maps reviews using keywords, place URLs, or IDs. Filter by date, rating, or keyword, and capture reviewer details, translations, photos, aspect ratings, owner replies, and complete business info in structured format"
Etsy Listings Scraper - Live Carts & Ads,Yakugusa Yumitori,https://apify.com/yumitori/etsy-listings-scraper?fpr=youssef,other-lead-sources,311,1185,,0,"Scrape Etsy listings by keyword with data no other scraper exposes - live cart counts, ""X people bought in 24h"" signals, Etsy Ads slot positions, bestseller and star-seller badges, seller velocity. Up to 1,080 per keyword, any country. No proxy or captcha needed"
Linkedin Posts Search Scraper (No Cookie),Data Doping,https://apify.com/datadoping/linkedin-posts-search-scraper?fpr=youssef,linkedin,303,1927,5,1,"For, scrape LinkedIn posts of a keyword and extract full content, engagement stats, and author details using their profile URL. Note: If you're on free tier you can only scrape 4 profile and 100 posts per profile per run (12 profiles in total)"
SEEK Job Scraper - Australia & New Zealand Job Listings,Black Falcon Data,https://apify.com/blackfalcondata/seek-scraper?fpr=youssef,jobs-hiring-signals,301,1467,5,3,"Scrape SEEK's Australia & New Zealand job boards - seek.com.au and seek.co.nz. Structured salary ranges and company intelligence, optional applicant-demand signals for low-competition roles, and incremental new/changed detection"
Youtube Channel Email Scraper,Data Over Coffee,https://apify.com/dataovercoffee/Youtube-Channel-Business-Email-Scraper?fpr=youssef,email-finders,294,4336,4.4,30,"Extract real YouTube channel emails at scale with logged-in accounts & CAPTCHA solving - No BS, Real Emails"
YouTube Channel Search Scraper,Maxime Dupré,https://apify.com/maximedupre/youtube-channel-search-scraper?fpr=youssef,social-leads,290,1405,5.0,2,"Find public YouTube channels from keywords or reusable search URLs. Export channel identity, public metrics, profile details, and discovery evidence for its first saved match"
Google Maps Reviews Scraper - Most Comprehensive,Kai,https://apify.com/kaix/google-maps-reviews-scraper?fpr=youssef,google-maps,288,1599,4.9,12,"~ most comprehensive Google Maps review scraper. Extract reviews with ratings, text, translations, photos, author details, owner responses, structured dining/hotel/attraction data, and 65+ place fields. Supports keyword filtering, sorting"
Instagram Followers Scraper,Seemu Scraping,https://apify.com/seemuapps/instagram-followers-scraper?fpr=youssef,social-leads,284,1471,5,1,Fetch followers or following list for any public Instagram profile
Indeed Jobs Scraper API/Keyword or URL/No Login · Emails,Muhamed Didovic,https://apify.com/memo23/apify-indeed-cheerio-ppr?fpr=youssef,email-finders,284,1046,4.5,8,"Indeed jobs + company-leads scraper - search by keyword or URL. Returns salaries, GPS, full descriptions, the resolved external/ATS apply URL, and employer firmographics (CEO, revenue, industry, website) plus optional contact-email enrichment. Clean flat output; hard maxJobs cap"
Email Finder & Verifier - B2B Email Lookup API,ClearPath,https://apify.com/clearpath/email-finder-api?fpr=youssef,email-finders,283,2265,3.8,4,"Find verified business emails using first name, last name, and company domain. Tests common patterns and validates with SMTP checks. Upload CSV or Excel files for bulk processing. Returns quality-ranked results with alternative emails and confidence scores. Export to JSON or CSV"
Instagram Email Phone Scraper - No Cookies,DataFusionX,https://apify.com/devil_port369-owner/instagram-email-phone-scraper-pay-per-result?fpr=youssef,email-finders,282,3452,4.0,17,"Scrape Instagram email, phone number, bio, and business data from any public profile - no login or cookies needed. Includes optional real-time email verification for safe-to-send leads. Perfect for marketers, lead gen agencies, and analysts building - most reliable Instagram email & phone scraper"
Facebook Marketplace [] Get newest items ASAP,Muhamed Didovic,https://apify.com/memo23/facebook-marketplace-scraper-ppe?fpr=youssef,social-leads,280,1138,4.8,16,"scraper with no cookies or login - anti-bot handled and maintained so your pipeline doesn't die mid-contract. Keyword or URL search, price/condition/radius filters; cars include make, model, odometer & VIN. - a per-result price you can quote to clients"
"LinkedIn Engagers | Likers, Commenters, Reshares | No Cookies",Scraping Solutions,https://apify.com/scraping_solutions/linkedin-posts-engagers-likers-and-commenters-no-cookies?fpr=youssef,linkedin,279,1475,5,2,"Extract likers, commenters, and resharers from public LinkedIn posts. No login or cookies. Process multiple URLs and export JSON, CSV, or Excel with profiles, comments, source posts, and engagement types for lead generation, ABM, recruiting, and analysis"
LinkedIn Job Scraper,Crawlworks,https://apify.com/crawlworks/linkedin-jobs-scraper?fpr=youssef,linkedin,275,3032,4.8,13,"Scrape job listings from LinkedIn.com including title, company, location, and posting details. Fast, reliable LinkedIn jobs data scraper for hiring, research, and analytics"
Quora Scraper | No Cookies,Fatih Tahta,https://apify.com/fatihtahta/quora-scraper?fpr=youssef,other-lead-sources,274,20544,5.0,3,"Extracts detailed data from Questions, Answers, Posts, and Profiles for any search query, filter combination, or direct URL on Quora. Ideal for in-depth market research, analyzing authentic public conversations and expert opinions"
LinkedIn Company Scraper - Company Data for Lead Enrichment,Automation Lab,https://apify.com/automation-lab/linkedin-company-scraper?fpr=youssef,linkedin,272,994,5,1,"Scrape LinkedIn company pages for website, industry, size, employee count, headquarters, specialties, and profile metadata. Use the website field as the starting point for contact discovery and email verification workflows"
All Jobs Scraper (39 Sites),AgentX,https://apify.com/agentx/all-jobs-scraper?fpr=youssef,jobs-hiring-signals,271,3075,3.7,11,"All Jobs Scraper is a job scraper API for 42 platforms that returns 41 unified job, salary, company, application, and public contact fields. One country-aware input can search multiple job boards in the same run"
Instagram Comments Scraper (No Login),Louis Deconinck,https://apify.com/louisdeconinck/instagram-comments-scraper?fpr=youssef,social-leads,268,4004,4.5,11,"Scrape all comments from any Instagram post in seconds. No login required. Get text, likes, timestamps, and usernames - even from large posts. Fast, affordable, and easy to use. Ideal for lead gen, research, and trend spotting. Just paste the URL and go"
Linkedin Sales Navigator Scraper,FreshData,https://apify.com/freshdata/linkedin-sales-navigator-scraper?fpr=youssef,linkedin,261,1517,3.0,4,A powerful tool designed to extract detailed leads information from a sales navigator URL - without the need for cookies or login
"Instagram Comments, Replies and Subscribers Scraper (No Cookie)",Data Doping,https://apify.com/datadoping/instagram-comments-and-replies-scraper?fpr=youssef,social-leads,258,1341,2.9,7,This scraper will help you scrape comments without the need of cookie or your session id. It is able to scrape replies from all users (not just owner's reply). It is able to scrape subscribers if there badge is turned on. This is a paid scraper so scraping is limited for freemium users
Instagram Following Scraper,Louis Deconinck,https://apify.com/louisdeconinck/instagram-following-scraper?fpr=youssef,social-leads,256,5856,3.9,13,"Instantly scrape who any Instagram user follows - no login needed. Just drop a profile URL, get thousands of “Following” users in seconds. Perfect for growth hacking, competitor research, and lead gen. Fast, cheap, reliable. Built by a top 1% Apify dev"
Instagram Email & Phone Scraper,Seemu Scraping,https://apify.com/seemuapps/instagram-contact-scraper?fpr=youssef,email-finders,254,1548,2.3,3,"Find emails and phone numbers for Instagram profiles. Reads the IG contact button, scans the bio, and follows link-in-bio tools (Linktree, Beacons, Stan, Bento, 40+ more)"
Meta (Facebook) Ad Library Scraper - Fast & Reliable,Anas Nadeem,https://apify.com/whoareyouanas/meta-ad-scraper?fpr=youssef,social-leads,253,3586,5.0,14,"Scrape Meta ads in seconds - no fluff, just instant access to the ad data and insights you need. Get detailed ad information including title, description, images, videos, CTA, Social platform and metadata"
Google Maps Scraper - Most Comprehensive,Kai,https://apify.com/kaix/google-maps-places-scraper?fpr=youssef,google-maps,251,1410,5,2,"~ most comprehensive Google Maps scraper available. Extract 76+ fields per place including photos, review breakdowns, owner info, contacts, coordinates, and 30+ service options. Just type a keyword and location"
WhatsApp Number Validator,Oussama Production,https://apify.com/devscrapper/whatsapp-number-validator?fpr=youssef,social-leads,250,3461,5,5,"Instantly verify if a phone number is active on WhatsApp. Fast, secure, and reliable validation service"
Seek Job Scraper,Jacob,https://apify.com/websift/seek-job-scraper?fpr=youssef,jobs-hiring-signals,250,2249,4.8,9,"Effortlessly extract detailed job listings from all Seek sites! This powerful tool scrapes information based on your custom parameters, providing it in a clean, organized, and easily usable format. Perfect for lead generation, market research, or your job search"
Post Reactions Scraper for LinkedIn,API Maestro,https://apify.com/apimaestro/linkedin-post-reactions?fpr=youssef,linkedin,249,2193,5,5,Scrape all reactions data for a given post
Google Play Reviews Scraper API,The Wolves,https://apify.com/thewolves/google-play-reviews-scraper?fpr=youssef,other-lead-sources,248,1672,4.0,8,"Google Play Reviews Scraper stands as the most enhanced solution for extracting reviews directly from Google Play, offering unparalleled data retrieval efficiency, unbeatable pricing, and exceptional speed. It charges for 1000 reviews in lightning-speed"
"Pinterest Scraper | Pins, Boards and Profiles",SilentFlow,https://apify.com/silentflow/pinterest-scraper-ppr?fpr=youssef,social-leads,248,1168,5,2,"Pay per result Pinterest scraper. Extract pins, boards, users and search results. Pay only for the data you get -. 30+ data fields including images, engagement metrics, SEO metadata and prices"
Google Maps Scraper emails,Caleb David,https://apify.com/microworlds/crawler-google-places?fpr=youssef,google-maps,247,17778,4.3,115,"Extract data from thousands of Google Maps locations and businesses, including reviews, reviewer details, images, contact info, including full name, email, and job title, opening hours, prices & more. Export data, run via API, schedule and monitor runs, or integrate with other tools"
Google Ads Scraper,Lexis Solutions,https://apify.com/lexis-solutions/google-ads-scraper?fpr=youssef,other-lead-sources,244,2151,4.9,32,"[+Usage] Scrape any company's current & past Google ads - faster than any competitor with unique extra fields they don't have. Get ad copy, impressions, shown dates, media (images & videos), plus unique insights like full ad links, first shown date & audience targeting"
Career Site Job Listing Feed,Fantastic.jobs,https://apify.com/fantastic-jobs/career-site-job-listing-feed?fpr=youssef,jobs-hiring-signals,240,1429,5.0,9,"The perfect Job Posting Feed for high-quality real jobs! Direct postings from over 275k company career sites across 58 ATS platforms like: Workday, Greenhouse, and Ashby. Enriched with AI and LinkedIn company data! Includes Lever, Rippling, SuccessFactors, iCIMS. Powered by Fantastic.jobs"
Instagram Profile Scraper · Account Age & Verified Emails,Data Slayer,https://apify.com/data-slayer/instagram-user-info-scraper-cookieless?fpr=youssef,email-finders,240,981,,0,"Scrape public Instagram profiles in bulk. Get the published account-creation month, registration country, username-change count, followers, bio, links, public email and phone, with optional email verification. No login or cookies"
Yelp Reviews Scraper,Billy,https://apify.com/web_wanderer/yelp-reviews-scraper?fpr=youssef,directories,237,860,5,1,"Easily extract Yelp business reviews at scale. This Yelp Reviews Scraper collects ratings, review text, reviewer details, timestamps, photos, and business info. Export data in JSON, CSV, Excel, or via API"
Instagram Highlights Scraper,Seemu Scraping,https://apify.com/seemuapps/instagram-highlights-scraper?fpr=youssef,social-leads,235,1462,5,1,Fetch Instagram highlights and their stories for any public profile
Instagram Hashtag Scraper | Posts & Reels | No Cookies,Scraping Solutions,https://apify.com/scraping_solutions/instagram-hashtag-scraper-pro-no-cookies?fpr=youssef,social-leads,233,1241,5,5,"Extract public Instagram posts and Reels from one or more hashtags without login or cookies. Choose Top, Recent, or Reels-only feeds and export structured results to JSON, CSV, or Excel for trend research, campaign monitoring, influencer discovery, and lead generation"
Facebook Post Search Scraper,PowerAI,https://apify.com/powerai/facebook-post-search-scraper?fpr=youssef,social-leads,231,7835,5,5,"Extract Facebook posts by keyword with advanced filters, supporting auto-pagination and up to 5000 results per run. Ideal for social media research and content analysis"
Linkedin Sales Navigator Scraper,Linkedin Scrapers,https://apify.com/bestscrapers/linkedin-sales-navigator-scraper?fpr=youssef,linkedin,229,3053,3.5,31,A powerful tool designed to extract detailed lead information from a Sales Navigator URL - without the need for cookies or login
Web Traffic Boots,Hung Dinh,https://apify.com/hung.ad4gate/web-traffic-boots?fpr=youssef,other-lead-sources,226,1180,5.0,2,Generate realistic web traffic for Google Analytics (GA) with sophisticated bot detection avoidance and human-like behavior simulation capabilities. traffic generator auto traffic generate website free traffic web traffic bot unlimited website traffic software organic traffic generator tool
Instagram Stories & Highlights Scraper,Goutam Soni,https://apify.com/goat255/instagram-stories-highlights-scraper?fpr=youssef,social-leads,226,981,5,2,"Scrape current Instagram stories (24h tray) and all permanent highlight reels with inner items from any public profile. Get original-resolution media URLs, expirations, music, stickers, captions. No Instagram API key, no login"
Instagram Likes Scraper (No Cookie),Data Doping,https://apify.com/datadoping/instagram-likes-scraper?fpr=youssef,social-leads,223,2356,5,8,This scraper will help you scrape likes without the need of cookie or your session id. It is able to scrape around 1000 unique likers (max in the market). It also shows total likes of a post whose like count is hidden
Profile Comments Scraper for LinkedIn [No Cookies],API Maestro,https://apify.com/apimaestro/linkedin-profile-comments?fpr=youssef,linkedin,222,1710,5,7,"Linkedin User comments scraper: Extract comments LinkedIn profiles and users including post content, reactions, stats, media attachments and more"
"Decision makers Email finder, Super cheap",Sniper Coder,https://apify.com/snipercoder/decision-maker-email-finder?fpr=youssef,email-finders,219,2281,3.9,12,"Input: Domain|Output: Name, Email, Title, Company, etc of Decision makers.| Perfect for Lead Generation, Email campaigns, Data Enrichment. Forget AnymailFinder, apollo.io, hunter.io, they are all to break the Bank"
Leads Scraper | 300M base | Like Apollo,Hundevmode Labs,https://apify.com/x_guru/Leads-Scraper-apollo-zoominfo?fpr=youssef,b2b-databases,217,12465,2.0,31,"Extract up to 100K leads per run with Emails, LinkedIn URLs, Phone Numbers & More! Similar to Apollo, ZoomInfo, Lusha. 300M+ Verified Database!. Powered by Dievio.com"
"WhatsApp Number Lookup - Profile, Leaks, Telegram, Bulk",Eduardo Airaudo,https://apify.com/eduair94/whatsapp-data-lookup?fpr=youssef,social-leads,214,1947,4.9,13,"Verify any WhatsApp number worldwide. Returns profile picture (real pics for normal users, not just businesses), about/status, business flag, Telegram cross-check, Google/TrueCaller intel, leak/breach data, and bulk verification. Covers gaps left by generic WA lookup actors"
Email OSINT Checker - Account Finder & Reverse Lookup,daehwan kim,https://apify.com/ntriqpro/email-osint-search?fpr=youssef,email-finders,212,1915,5,1,"Check which of 190+ sites an email address is registered on - Twitter/X, Spotify, Pinterest, Adobe, Imgur, Dropbox and more. Silent: no password-reset mail is sent. Holehe-based email OSINT, batch up to 500 addresses. Free: 30-site sample; paid: all 121 holehe sites + extended sites as time allows"
"Threads Full Scraper - Posts, Profiles & Replies | No Login",Raven,https://apify.com/pro100chok/threads-scraper-usage?fpr=youssef,social-leads,212,840,4.9,5,"All-in-one Meta Threads.net scraper: search posts by keyword, extract user profiles with followers, and collect reply threads. Full engagement data, contact extraction, media URLs. 20 parallel workers, auto-retry, proxy rotation. No login"
Scweet Twitter/X Scraper,JEB,https://apify.com/altimis/scweet?fpr=youssef,social-leads,210,2162,4.9,10,"Scrape X (Twitter) tweets and follower lists. Search by keywords, hashtags, users, dates. Export JSON/CSV/XLSX.. Free plan included"
"B2B Leads Finder [NO COOKIES] - like apollo, linkedIn",Olympus,https://apify.com/olympus/b2b-leads-finder?fpr=youssef,linkedin,209,4370,4.6,82,Extract premium leads from your favorite b2b platform Work & Personal Emails Phone
Facebook Posts Scraper,Scraper One,https://apify.com/scraper_one/facebook-posts-scraper?fpr=youssef,social-leads,209,1771,5,5,"Scrape Facebook posts from Facebook profiles, pages, groups etc. Retrieve post URLs, content, publication dates, author details, and engagement metrics. Ideal for Facebook monitoring solutions"
Fast TikTok Scraper API | Influencer Data & Analytics API,API Dojo,https://apify.com/apidojo/tiktok-scraper-api?fpr=youssef,social-leads,206,1261,5,8,"TikTok Scraper API - fast TikTok data extraction for videos, profiles, hashtags, music, locations and search. 200 posts/sec, 98% success rate. 10-20 posts FREE, then. No login, proxies or API keys needed; JSON/CSV output for analytics"
Meta Ads Library Scraper,SolidCode,https://apify.com/solidcode/meta-ads-library-scraper?fpr=youssef,social-leads,206,1154,5,2,"[ ] Extract ads from Meta's public Ad Library across Facebook, Instagram, Messenger, Audience Network, Threads, and WhatsApp. Search by keyword, advertiser page, or Ad Library URL. Returns ad copy, CTAs, advertiser details, dates, platforms, and audience estimates. No login required"
Instagram Related Profiles Scraper - Similar Accounts,Andrey Afanasenko,https://apify.com/afanasenko/instagram-related-profiles-scraper?fpr=youssef,social-leads,206,1000,4,2,"Scrape Instagram suggested accounts and similar profiles for any handle - competitor accounts, lookalike accounts and niche discovery from Instagram's own Suggested for You. Expand 1-5 seeds into a whole niche, with emails, bio links, engagement rate and Reels views per profile. No login needed"
Linkedin Sales Navigator Scraper,Curious Coder,https://apify.com/curious_coder/linkedin-sales-navigator-search-scraper?fpr=youssef,linkedin,204,8811,4.4,38,"Scrape Linkedin sales navigator search results, lists, new results, profiles to extract social media urls, company website, positions"
Facebook Pages Posts PPR,Jan Danecki,https://apify.com/danek/facebook-pages-posts-ppr?fpr=youssef,social-leads,203,1950,2.3,8,"Scrap Facebook pages posts fast and easy. It is designed to be fast and efficient, so it can extract a large number of results for low price. It is also less likely to be blocked by Facebook"
Instagram Related Users Scraper,The Netaji,https://apify.com/thenetaji/instagram-related-user-scraper?fpr=youssef,social-leads,203,1392,3.7,7,"Discover Instagram accounts similar to a seed profile, chain discovery up to 5 levels deep to map a whole niche, export the connection graph, and enrich every result with business email, phone, category and address for outreach-ready leads"
Profile Search Scraper for LinkedIn + EMAIL (No Cookies),API Maestro,https://apify.com/apimaestro/linkedin-profile-search-scraper?fpr=youssef,email-finders,201,2661,4.9,4,"Find and extract detailed LinkedIn profile data by name, location, and job title. Get professional information, contact details, current positions, and more. Perfect for recruitment, sales prospecting, and lead generation. Clean, structured data ready for your business needs"
Facebook Ads Scraper - Meta Ad Library Scraper & API,Automly,https://apify.com/automly/facebook-ad-library-scraper?fpr=youssef,social-leads,201,1328,4.3,4,"Scrape Facebook and Instagram ads from the Meta Ad Library by keyword, Page or Ad Library link: ad text, images, videos, start and end dates, spend, reach and advertiser details. No login. Export to CSV, JSON or Excel, schedule runs or use the API"
Instagram Followers/Following Scraper (No cookies/login),CoderX,https://apify.com/coderx/instagram-followers-following-scraper-no-cookies-login?fpr=youssef,social-leads,199,2337,5.0,8,"Scrape followers and following lists from any public Instagram account - no login required. Get structured profile data for every user, with pagination support to extract thousands of accounts in one run"
20+ Million Business Leads With Emails (From Google Maps),Miso,https://apify.com/xmiso_scrapers/millions-us-businesses-leads-with-emails-from-google-maps?fpr=youssef,google-maps,197,3111,4.8,17,Don't have time to scrape google maps? Looking for affordable B2B data apollo.io alternative? Get recent leads from continuously updated database of businesses worldwide with emails and social links scraped for you. Current number of businesses with unique emails:23.000.000+ in 2000+ categories
"Shopify Store Leads Scraper - Emails, Phones & Ratings",ClearPath,https://apify.com/clearpath/shopify-store-leads?fpr=youssef,email-finders,197,1686,4.4,4,"Scrape Shopify store leads by keyword or category. Extract emails, phone numbers, addresses, ratings, and social links. Find storeleads for B2B outreach, supplier discovery, and market research"
Парсер объявлений Авито / Avito Scraper: телефоны и цены,Zen Studio,https://apify.com/zen-studio/avito-listings-scraper?fpr=youssef,other-lead-sources,197,1121,5,3,"Парсер объявлений Авито: телефоны продавцов в открытом виде, цены, характеристики, отзывы и координаты. 76 категорий: авто, недвижимость, вакансии, услуги, посуточная аренда и отели"
Instagram Profile Scraper,Instagram Scraper,https://apify.com/instagram-scraper/instagram-profile-scraper?fpr=youssef,social-leads,191,878,,0,"Scrape Instagram profile data and profile statistics from public Instagram pages with an Apify Actor. This actor focuses on profiles (not posts) and returns a clean dataset with the essentials (identity, stats, and account flags), plus optional previews like latest_posts, etc"
Instagram User Scraper · Fast & Affordable,API Dojo,https://apify.com/apidojo/instagram-user-scraper?fpr=youssef,social-leads,190,2530,3.6,13,"Extract Instagram profiles, followers, following lists, and public emails by username, URL, or ID. Get bio, verification status, follower counts, contact info. 40 FREE profiles. Export to JSON/CSV, schedule via API, integrate with workflows"
"Email Extractor - Website Contact Scraper, Pay Per Result",Zebu Data,https://apify.com/delicious_zebu/contact-info-scraper-pay-per-result?fpr=youssef,email-finders,190,977,4.1,25,"Crawl a website page by page and extract every email address, phone number and social media link (14 platforms), plus a deduplicated site summary. Control depth, page limits and URL filters. Pay only for the results you get"
Instagram Followers & Followings Scraper,The Netaji,https://apify.com/thenetaji/instagram-followers-followings-scraper?fpr=youssef,social-leads,188,1295,4.2,15,Scrape both followers and followings of Instagram users in a single run
LinkedIn Profile Scraper NO COOKIES,Atomus APIs,https://apify.com/atomus/linkedin-profile-scraper?fpr=youssef,linkedin,188,781,5,3,"Scrape LinkedIn profiles into structured records: name, title, headline, summary, company, location, skills, education, and work history. Submit up to 5,000 URLs per run, each returns one record. Pay only for profiles found; not-found and errors are free. No account or cookies needed"
ImmoScout24 ImmobilienScout24.de|.ch|.at + Price-Cut Archive,Muhamed Didovic,https://apify.com/memo23/immobilienscout24-scraper?fpr=youssef,other-lead-sources,186,728,5,10,"[] ImmobilienScout24.de/.at/.ch: search, expose detail and Makler profiles, 100+ fields. Every recorded price cut and days on market per listing, plus optional AI market analysis that scores each postcode for ROI, cashflow, payback and regulatory risk"
"Clutch.co Scraper - Agencies, Reviews, Emails + AI Insights",Muhamed Didovic,https://apify.com/memo23/apify-clutch-cheerio?fpr=youssef,email-finders,184,992,4.6,11,"Clutch.co scraper for B2B lead gen: agency profiles with 30+ fields, reviews, hourly rates, employee counts, contact emails and buyer leads with budgets. AI pain-point analysis clusters client complaints into ranked themes., 97% success, no caps. JSON/CSV"
Zillow Scraper (),Iñigo Garcia Olaizola,https://apify.com/igolaizola/zillow-scraper-ppe?fpr=youssef,other-lead-sources,177,809,5,9,"Zillow data extractor / API alternative. Scrape US listings at scale (buy, rent, sold) with rich fields and images. Use granular filters, sort, proxies. Export JSON/CSV to drive real-estate analytics, comps, market trends, and investor/agent leads"
Idealista Scraper+/1K Spain Italy Portugal France Emails,Muhamed Didovic,https://apify.com/memo23/idealista-scraper?fpr=youssef,brasil,172,880,5,12,"Spain, Italy, Portugal & France. Paste any search URL, or scrape a whole country in one run - 52 ES / 107 IT / 28 PT / 100 FR provinces. Deduped by property code, so overlapping searches never bill you twice. 80+ fields, agent phones & emails, GPS"
Zillow Agents Leads [Download over 1M of Agents],Muhamed Didovic,https://apify.com/memo23/zillow-agents-leads-scraper-ppe?fpr=youssef,email-finders,172,873,5,10,"The only Zillow agents scraper with its own 1,100,000+ agent database - instant, uncapped (beats the 250-per-search limit), 98% with a direct cell + email, plus brokerage, reviews & full sales history. Search any city, ZIP or state, or live-scrape a URL. Export CSV/JSON/Excel or pull via API"
Meta | Facebook Ads Library Scraper,Azzouzana,https://apify.com/azzouzana/meta-facebook-instagram-ads-library?fpr=youssef,social-leads,171,560,5,8,"#1 Ultimate Meta | Instagram & Facebook Ad Library Scraper Fast. Get ad creatives, status & more from FB Pages, Instagram profiles or an Ad Library search URLs. Get deep audience demographics (age/gender), reach metrics & much more! High-velocity, enterprise-grade scraping"
Linkedin Email Scraper | Instant Emails (No Cookies),Hundevmode Labs,https://apify.com/x_guru/linkedin-email-Scraper-no-cookies?fpr=youssef,email-finders,170,1478,4.1,4,Find emails by LinkedIn URLs instantly! Search 300M+ database for work & personal emails. No cookies | Powered by Dievio.com
Username Checker & Search - OSINT Across 3000+ Sites (Maigret),daehwan kim,https://apify.com/ntriqpro/maigret-actor?fpr=youssef,enrichment-verification,170,1228,5,3,"Username search across 3000+ social, forum, gaming, dating and developer sites, with a profile URL per hit. Open-source Maigret engine (MIT), rated 5.0. Free plan: top 100 sites. Paid plans: all 3000+ and cheaper per profile (Bronze 20%, Silver 35%, Gold+ 48% off). JSON/CSV/Excel, API"
Shopee Scraper - All In One,Farhan Febrian Nauval,https://apify.com/xtracto/shopee-scraper?fpr=youssef,other-lead-sources,169,2703,4.1,10,"All-in-one Shopee scraper to extract product, search, category, and shop data across multiple countries. fast, lightweight, and no browser or account required"
Linkedin Mass People Profile Finder,Data LinkMiner,https://apify.com/data_link_miner/linkedin-mass-people-profile-finder?fpr=youssef,linkedin,169,431,,0,"Automatically match keywords search to LinkedIn people profiles. This actor helps you find the correct LinkedIn profile associated with a fullname, jobtitle, company name. It is designed for mass enrichment, making it ideal for lead generation, CRM enrichment, and data cleaning workflows"
Mercadolivre Scraper (Brasil português),karamelo,https://apify.com/karamelo/mercadolivre-scraper-brasil-portugues?fpr=youssef,brasil,167,2002,4.8,7,"MercadoLivre Scraper para produtos e ofertas do dia é uma ferramenta de web scraping de última geração, criada para o site brasileiro MercadoLivre, que permite coletar dados públicos do MercadoLivre de forma fácil e eficiente"
LinkedIn Company Employees Scraper,Hamza,https://apify.com/apt_marble/linkedin-company-employees-scraper?fpr=youssef,linkedin,167,1287,5,3,"Map the workforce of any LinkedIn company. Get a clean roster of names, titles, regions, and profile URLs - either through public Google discovery (no login) or via your LinkedIn session cookie for the complete current employee list"
Telegram Get Phone Info,akula.marketing,https://apify.com/akula.marketing/Telegram-Get-Phone-Info?fpr=youssef,social-leads,165,3970,4.9,4,"Look up Telegram accounts by phone number. Get username, profile photo, premium status, and account details for lead verification and OSINT"
Google Ads Scraper,Automation Lab,https://apify.com/automation-lab/google-ads-scraper?fpr=youssef,other-lead-sources,160,793,5,2,"Scrape Google Ads from the Ads Transparency Center for competitor monitoring. Search by advertiser name, domain, or ID. Get ad copy, headlines, media, formats, and shown dates. Export to JSON, CSV, Excel"
Facebook Pages & Profile Scraper,Premium Scraper,https://apify.com/premiumscraper/facebook-pages-profile-scraper?fpr=youssef,social-leads,159,602,5,1,"Scrape any Facebook Page or Profile - extract name, bio, followers, page likes, category, website, address, business hours, profile picture, cover photo, education, work history & all meta tags. No account needed. Pay per result. Facebook Pages & Profile Scraper"
YouTube Channel Email Scraper,LurkAPI,https://apify.com/lurkapi/youtube-channel-email-scraper?fpr=youssef,email-finders,157,1147,5,3,"Extract business emails, contact info, and social media links from YouTube channel About pages. Supports @handles, channel URLs, and channel IDs"
Linkedin Open Profile Status,Linkedin Scrapers,https://apify.com/bestscrapers/linkedin-open-profile-status?fpr=youssef,linkedin,157,613,3,1,"The **Linkedin Open Profile Status** is a powerful tool designed to accurately detect whether a profile's open status (i.e., can receive InMail) is true or false"
Tiktok User Profile API,Novi,https://apify.com/novi/tiktok-user-info-api?fpr=youssef,social-leads,156,4065,4.1,9,"Get infomation a TikTok profile/user with fast API. Gain access to TikTok user information with remarkable speed and efficiency through our high-performance API. Real-time, authentic data. No pre-built databases"
"Similarweb Scraper - Traffic, AI Traffic & WHOIS",VortexData,https://apify.com/vortex_data/similarweb-scraper?fpr=youssef,enrichment-verification,153,546,5,2,"Spy on any website in seconds: traffic, rankings, top keywords, AI traffic share (ChatGPT/Claude/Gemini), competitors, similar sites & WHOIS - all from Similarweb. No login or API key. Bulk parallel scrape, captcha-resilient. Export to JSON/CSV/Excel. SEO, lead gen, research"
Fast TikTok Profile Scraper API,API Dojo,https://apify.com/apidojo/tiktok-profile-scraper-api?fpr=youssef,social-leads,151,875,5.0,7,"TikTok Profile Scraper API - extract complete creator profiles, follower stats, and post history at 200 posts/sec. (20 posts FREE) +. No login or proxies, ideal for influencer research, competitor tracking, talent scouting, and building TikTok creator databases at scale"
LinkedIn Posts Scraper NO COOKIES,Atomus APIs,https://apify.com/atomus/linkedin-posts-scraper-pro?fpr=youssef,linkedin,151,665,5.0,3,"Scrape every post from any LinkedIn profile or company page: post text, media, reactions, comments, shares, reposts, author details, and mentions. No LinkedIn account or cookies needed. Auto-pagination handles full feeds, with batch scraping across many profiles in one run"
Telegram Scraper,Tri⟁angle,https://apify.com/tri_angle/telegram-scraper?fpr=youssef,social-leads,150,4716,2.8,17,"Scrape public Telegram channels: the profile, follower count, and bio, plus every message with its date, views, and links. Limit it to the last few days or a start date to track what a channel posts"
Advanced Linkedin Job Scraper,Curious Coder,https://apify.com/curious_coder/linkedin-jobs-search-scraper?fpr=youssef,linkedin,150,4467,5.0,11,Scrape linkedin job postings and get company and recruiter details. Supports boolean search and other advanced search filters. Success rate is > 98%
"Instagram Profile Scraper - email, phone, socials",Goldmine,https://apify.com/logical_scrapers/instagram-profile-scraper?fpr=youssef,email-finders,150,2379,5,3,"Scrape detailed Instagram user profile information including contact details, social links, and business information"
Mobile.de Scraper (PPR),3x1t,https://apify.com/3x1t/mobile-de-scraper-ppr?fpr=youssef,other-lead-sources,150,819,4,1,"Effortlessly scrape car data from Germany's largest vehicle marketplace, Mobile.de. Get access to millions of entries of cars, motorbikes, etc. across Europe. Fast, cheap & reliable. PPR version for smaller use cases"
Facebook Page Search Scraper,PowerAI,https://apify.com/powerai/facebook-page-search-scraper?fpr=youssef,social-leads,149,1291,4.9,2,"Extract Facebook pages by keyword with location filtering, supporting auto-pagination and up to 5000 results per run. Ideal for brand research and competitor analysis"
Fresh Linkedin Profile Data,Linkedin Scrapers,https://apify.com/bestscrapers/fresh-linkedin-profile-data?fpr=youssef,linkedin,149,951,1.3,5,The **Fresh LinkedIn Profile Data Scraper** is a powerful tool designed to extract detailed profile information from public LinkedIn URLs - without the need for cookies or login
Linkedin Phone Scraper | Instant Phones (No Cookies),Hundevmode Labs,https://apify.com/x_guru/linkedin-phone-Scraper-no-cookies?fpr=youssef,linkedin,146,1194,4,1,Find phones by LinkedIn URLs instantly! Search 300M+ database for work & personal phones. No cookies | Powered by Dievio.com
Substack Scraper,Automation Lab,https://apify.com/automation-lab/substack-scraper?fpr=youssef,other-lead-sources,144,538,,0,"Scrape Substack newsletters - posts, comments, publication metadata. Full archive depth with no caps. Export to JSON, CSV, Excel, or connect via API"
"Facebook Group & Page Scraper - Posts, Comments & Reactions",Anas Nadeem,https://apify.com/whoareyouanas/facebook-group-scraper?fpr=youssef,social-leads,143,1132,5,4,"Scrape posts from public & private Facebook groups and page. Extract post text, author info, reactions, comments, shares, images, videos, and group metadata. Cookie auth for private groups. Clean JSON/CSV output. No API key needed"
LinkedIn Company Employees Scraper & New Hire Monitor,Thirdwatch,https://apify.com/thirdwatch/linkedin-company-employees-scraper?fpr=youssef,linkedin,143,1043,5,1,"Find public LinkedIn employee profiles by company, title, and location. Choose low-cost basic discovery or full public-profile enrichment, and monitor confirmed new employees without cookies or a LinkedIn login"
"Email OSINT Lookup - Find Accounts, Breaches & Identity",SR,https://apify.com/s-r/apifyosintemail?fpr=youssef,email-finders,142,2959,4.3,3,"Email OSINT for investigators, fraud and security teams: check which of 133 platforms an address is registered on, get the name and profile links behind it, its data breach history and an A-F risk score. One row per account found; pay only for found accounts"
Easy Bulk Email Validator - Verify Emails,Miso,https://apify.com/xmiso_scrapers/easy-bulk-email-validator---verify-emails-from-1-7-1000-rows?fpr=youssef,email-finders,142,1519,3.0,14,"Super easy real time email validator using MillionVerifier api. Check if your emails scraped from apollo.io or google maps are worth your email campaign efforts. No need to overpay posh services like NeverBounce, Zerobounce or Clearout"
Google Maps Email Extractor,Alexandre Manguis,https://apify.com/leadsbrary/google-maps-email-extractor?fpr=youssef,google-maps,142,1475,4.0,5,"Search Google Maps by keyword and instantly collect email addresses for each business. Get name, address, phone, website, rating, reviews, GPS coordinates and emails - ready to export as CSV, JSON or Excel"
PhoneInfoga - Phone Number OSINT Scanner,DataCach,https://apify.com/datacach/phoneinfoga-phone-number-osint-scanner?fpr=youssef,email-finders,137,2819,,0,"Reverse phone lookup powered by PhoneInfoga. Detects carrier, country, line type and OSINT footprints for any international number. Integrates Numverify, Google Search and OVH. Free to start"
Facebook Ads Library Scraper: Meta Ad Spy Tool,Walid,https://apify.com/dltik/facebook-ads-scraper?fpr=youssef,social-leads,135,465,5,1,"Scrape Facebook & Instagram ads from Meta Ad Library by keyword, page or URL. Get ad copy, creatives, carousel cards, CTA links, EU spend, impressions, age/gender audience reach and running-days per ad. Filter by country, language, status. For ad spy, dropshipping, agencies"
LinkedIn All-in-One Scraper No cookies,ScrapeForge,https://apify.com/scrapeforge/linkedin-all-in-one?fpr=youssef,linkedin,135,385,4.8,4,"Search LinkedIn posts by keywords, scrape profile posts, company posts, and get post details - all in one actor. Powered by real-time data, no cookies required"
Email Verifier | Enterprise Grade,Fatih Tahta,https://apify.com/fatihtahta/email-verifier-validator-pro?fpr=youssef,email-finders,133,1119,4.1,3,"Advanced email verification with live handshakes and catch-all detection by using validatedmails.com API. Validates SMTP, DNS/MX, and deliverability; returns rich detailed reasoning. Use to clean lists, cut bounces, protect sender reputation"
Yandex Maps Scraper | Парсер Яндекс Карт - Leads & Reviews,Zen Studio,https://apify.com/zen-studio/yandex-maps-scraper?fpr=youssef,google-maps,132,1062,3.6,6,"Unofficial Yandex Maps API. Scrape business data, phone numbers, emails, reviews, photos, and posts from Russia, Turkey, and CIS. Export 80 fields to Excel, JSON, or CSV. No browser needed - fast, unlimited, and pay-per-result. Includes AI review summaries and full menu prices"
TikTok Follower Count & YouTube Subscriber Scraper Tracker,Kevin Savani,https://apify.com/k1ra/social-media-followers-scraper?fpr=youssef,social-leads,131,299,4.7,6,"Social media profile scraper - follower counts, subscriber counts & post counts in bulk from Instagram, TikTok, YouTube, Twitter/X, LinkedIn, Facebook, Threads & Reddit. Use as a follower growth tracker, YouTube subscriber counter, Instagram API alternative. No login, no cookies. Monitor competitors"
Fast Website Content Crawler,David,https://apify.com/6sigmag/fast-website-content-crawler?fpr=youssef,other-lead-sources,130,4606,4.9,7,"A high-performance web scraper that rapidly extracts and analyzes content from multiple websites simultaneously. Perfect for competitive research, content aggregation, and website structure analysis"
Job Details Scraper for LinkedIn (No Cookies),API Maestro,https://apify.com/apimaestro/linkedin-job-detail?fpr=youssef,linkedin,130,1738,5,4,"Extract comprehensive LinkedIn job details including full description, company information, salary insights, and application statistics. Get detailed data from any LinkedIn job ID"
TripAdvisor Reviews Scraper API,The Wolves,https://apify.com/thewolves/tripadvisor-reviews-scraper?fpr=youssef,directories,130,1343,5.0,9,"The Wolves proudly presents TripAdvisor Review Scraper, the perfect solution for TripAdvisor review extraction. Incredibly, it retrieves 100-200 reviews per second at an amazing cost-effective rate of. Get any data from TripAdvisor by targeting. Cheapest!!"
Facebook Ads Scraper Pro,FlowExtract API,https://apify.com/dz_omar/facebook-ads-scraper-pro?fpr=youssef,social-leads,129,1511,4.9,20,"Ad Library data: creatives, targeting & metrics. Successful Ad scrapeds * cheaper & more complete"
Upwork Job Extractor,Flash Mage,https://apify.com/flash_mage/upwork?fpr=youssef,jobs-hiring-signals,129,1412,4.9,11,"upwork job extractor | 0.001 | fast, cheap, cost-effective, reliable, up-to-date, and highly stable data scraping service, optimized for long-term use with the fastest crawling speeds, low container usage, and pricing to boost your upwork job scraper performance!"
Free Google Search Results Scraper - SERP API by Country,SR,https://apify.com/s-r/free-google-search-results-serp---only-0-25-per-1-000-results?fpr=youssef,other-lead-sources,129,985,4.5,4,"Ultra-fast Google Search scraper. Extract comprehensive SERP data including rank, title, snippet, URL, domain and favicon. Free Apify plans get 10 results per run to try it on, paid plans run uncapped"
Product Hunt Scraper,Maxime Dupré,https://apify.com/maximedupre/product-hunt-scraper?fpr=youssef,other-lead-sources,129,821,4.6,4,"Collect Product Hunt launches from daily and past leaderboards, category or topic pages, and supported URLs. Export ranks, engagement, teams, media, and optional extra data"
LinkedIn Company Profile Scraper,Pratik Dani,https://apify.com/pratikdani/linkedin-company-profile-scraper?fpr=youssef,linkedin,127,1945,1,1,"This LinkedIn company extractor program enables you to gather comprehensive information on multiple companies in bulk. It provides details such as company name, address, phone numbers, website, employee count, and more"
Facebook Post Scraper,Pratik Dani,https://apify.com/pratikdani/facebook-post-scraper?fpr=youssef,social-leads,127,902,4.9,3,"The Facebook Post Scraper Actor is a powerful tool designed to extract detailed information from Facebook posts using valid Facebook Post URLs. It provides comprehensive data about posts, including user information, engagement metrics, media attachments, and more"
Leads Scraper + Database Like Apollo,Pipeline Labs,https://apify.com/pipelinelabs/lead-scraper-apollo-zoominfo-lusha?fpr=youssef,b2b-databases,125,9995,3.8,101,"Find Leads With Emails, LinkedIn URL, Phone Numbers, & More! Similar to Apollo, ZoomInfo, Lusha. 250+ Million Verified Database!"
Instagram Scraper Followers Following,Scraping Solutions,https://apify.com/scraping_solutions/instagram-scraper-followers-following?fpr=youssef,social-leads,125,685,5,1,"Download an Instagram account’s followers or following. Input a username or a list of usernames (array). The actor auto-paginates, adds safe delays to reduce blocks, and returns clean JSON/CSV with id, username, full name, profile link, and privacy flags - ideal for research and growth"
2gis Places Scraper,Mikhail Mamaev,https://apify.com/m_mamaev/2gis-places-scraper?fpr=youssef,google-maps,124,1331,4.8,13,"Извлекайте данные из тысяч мест и предприятий на 2ГИС, включая номера телефонов, соцсети, сайты. отзывы, фотографии и многое другое. Экспортируйте данные, запускайте через API, планируйте и отслеживайте запуски или интегрируйте с другими инструментами"
Etsy Scraper,Automation Lab,https://apify.com/automation-lab/etsy-scraper?fpr=youssef,other-lead-sources,124,993,5,2,"Scrape Etsy listings for handmade and vintage marketplace price monitoring. Extract names, prices, shops, ratings, images, and availability from search results"
LinkedIn Posts Scraper - Keyword & Hashtag [NO COOKIES],Unseen User,https://apify.com/unseenuser/LinkedIn-Post-Seach-Scraper?fpr=youssef,linkedin,124,531,5,5,"Search LinkedIn's public post graph by keyword, hashtag, or author. Extract content, engagement metrics, reaction breakdowns, author profile data, and timestamps. No login, no cookies. Built for social listening, B2B competitive intelligence, and thought-leader research"
Hiring.Cafe [] Search by URLs or Filters/Keywords,Muhamed Didovic,https://apify.com/memo23/apify-hiring-cafe-scraper?fpr=youssef,jobs-hiring-signals,123,644,5,14,"including job titles, descriptions, requirements, company information, compensation details, and location data. Users get fields like job ID, application URL, education requirements, employment type, company size, and geolocation coordinates for market analysis"
Email to LinkedIn Finder | Reverse Lookup,Mawsool Intertaional FZCO,https://apify.com/oday/mawsool-email-linkedin-lookup?fpr=youssef,email-finders,122,200,4.4,8,"Reverse email ? LinkedIn. Exact matches only. More reliable pool, auto-retry, paid-plan discounts. Export CSV/JSON. Pay per email"
X.com Twitter API Scraper,xtdata,https://apify.com/xtdata/twitter-x-scraper?fpr=youssef,social-leads,119,3074,3.5,7,"Scrape Twitter (X) data efficiently with this powerful Apify Actor. Real-time, authentic data. No pre-built databases. Extract tweets, user profiles, and more using keywords, hashtags, URLs, and advanced search filters. Fast, reliable, and cost-effective. #TwitterScraper"
Twitter Profile Ppr,Jan Danecki,https://apify.com/danek/twitter-profile-ppr?fpr=youssef,social-leads,119,672,5.0,2,"Scrap Twitter profiles fast and easy. It is designed to be fast and efficient, so it can extract a large number of profiles for low price"
Bulk Email Finder with Email Verification,Scalelist,https://apify.com/scalelist/email-finder?fpr=youssef,email-finders,117,184,,0,"Find verified business emails using first name, last name, and company name or company domain. Email verification is included in the output"
Store Leads (14M E-Commerce Leads),Monster Leads,https://apify.com/ecommerce_leads/store-leads-14m-e-commerce-leads?fpr=youssef,email-finders,116,1058,5.0,2,"Store leads for Shopify,Woocommerce,Magento,Squarespace,Ecwid,BigCommerce,Opencart,Webflow,PrestaShop and Demandware with phones,emails,apps,location,social networks,categories and technologies"
Google Maps No-Website Leads Scraper - Prospects by Radius,Black Falcon Data,https://apify.com/blackfalcondata/google-maps-no-website-leads-scraper?fpr=youssef,google-maps,116,925,5,2,"Find local businesses with NO website on Google Maps (google.com/maps) - name · category · address · phone · rating · reviews & a 0-100 lead score. Phone and Facebook/Instagram links at no extra fee. Many cities per run, only-new mode for repeat runs. No code"
Google Jobs Scraper API - Pay Per Result,John,https://apify.com/johnvc/google-jobs-scraper---pay-per-result?fpr=youssef,jobs-hiring-signals,116,472,5.0,2,"The most advanced Google Jobs Scraper available! Built with enterprise-grade flexibility, lightning-fast performance, and comprehensive customization options. Extract detailed job data, application links, company information, and full job descriptions. Unlimited usage, no monthly rental fees"
mobile.de [] Fast Scraper · Finance · Dealer GPS,Black Falcon Data,https://apify.com/blackfalcondata/mobile-de-scraper?fpr=youssef,other-lead-sources,116,307,5,1,"Scrape mobile.de - Germany's largest car marketplace (1.4M+ listings). Get full specs, market price ratings and dealer phone & GPS; filter by make/model or zip radius and track new, price-changed and delisted cars across runs. JSON/CSV export"
Linkedin Company Details Scraper (No Cookie),Data Doping,https://apify.com/datadoping/linkedin-company-scraper?fpr=youssef,linkedin,115,522,5,1,"For, scrape LinkedIn company profiles and get complete business information, including funding details, employee count, and verification status, using their identifier, URL, or URN"
Expedia.com & Hotel.com [] Reviews/Ratings/Sentiment A,Muhamed Didovic,https://apify.com/memo23/expedia-scraper?fpr=youssef,other-lead-sources,113,381,5,8,"[] Expedia + Hotels.com + Things-To-Do activities - only scraper covering all 3 brands. Deeplink auto-resolution, date filter, 10+ regional TLDs, bare property IDs. 25+ fields: sentiment, traveled-with, manager responses, category ratings. JSON or CSV. Pure HTTP"
"Website Contact Finder - Emails, Phones & Socials for Leads",Automation Lab,https://apify.com/automation-lab/website-contact-finder?fpr=youssef,email-finders,112,1217,,0,"Turn company websites from Google Maps, directories, CRMs, or spreadsheets into outreach-ready contact signals. Extract public emails, phone numbers, social profiles, contact pages, and optional email verification in bulk"
Linkedin Profile Search By Services No Cookies,HarvestAPI,https://apify.com/harvestapi/linkedin-profile-search-by-services?fpr=youssef,linkedin,110,1863,4.5,13,"Search for LinkedIn profiles by keywords of services and extract detailed profile information, including work experience, education history, location and more. No cookies or account required"
Find Mobile Phones of Decision Makers,Parvenu,https://apify.com/parvenu/mobile-phone-enrichment?fpr=youssef,b2b-databases,110,793,5,3,Find mobile phones for decision makers for
"Greenhouse, Lever & Ashby Job Scraper API",Vitalii Bondarev,https://apify.com/bovi/greenhouse-lever-ashby-job-scraper?fpr=youssef,jobs-hiring-signals,109,490,,0,"Scrape job postings across 6 ATS - Greenhouse, Lever, Ashby, Recruitee, SmartRecruiters & Personio - into one unified schema. Descriptions, salary, seniority and remote-type included. Change-detection between runs, ATS auto-detect, curated company presets. No login, no browser, pure API"
Decision makers from company domains - verified email or phone,Pequod,https://apify.com/pequod-labs/company-decision-maker-finder?fpr=youssef,email-finders,109,345,5,3,"Turn company domains into named decision makers - CEO, founder, VP - with SMTP-verified named-DM or generic-inbox email, phones and LinkedIn. B2B database + AI research. +; plan discounts to 20%, 50% off beyond 250 contacts/run. No API keys"
"Twitter/X Scraper: Tweets, Profiles & Search",Automation Lab,https://apify.com/automation-lab/twitter-scraper?fpr=youssef,social-leads,107,1356,5,3,"Twitter scraper and X scraper for profiles, tweets, timelines, search, followers, and following. Profiles/timelines work without login; search supports advanced syntax"
Wellfound Jobs Scraper - Fast & cheap,ClearPath,https://apify.com/clearpath/wellfound-api-ppe?fpr=youssef,jobs-hiring-signals,106,961,,0,"Extract startup job listings from Wellfound (formerly AngelList) as structured JSON, CSV, or Excel. Get job titles, salaries, equity, company details, and full descriptions. Filter by role, location, or company. Monitor mode with Telegram alerts tracks new postings automatically. Pay per result"
X (Twitter) Followers Scraper,API ninja,https://apify.com/api-ninja/x-twitter-followers-scraper?fpr=youssef,social-leads,105,926,4.0,18,"Scrape X(Twitter) followers, following, affiliates, list members, list followers, and community members. Get structured Twitter user data (handles, bios, follower counts, verification, and more)"
Immobiliare.it []| Search | Detail Pages | Agencies,Muhamed Didovic,https://apify.com/memo23/immobiliare-scraper?fpr=youssef,other-lead-sources,104,453,5,9,"Scraper Immobiliare.it: incolla un URL di ricerca, annuncio o agenzia e ottieni dati strutturati. Prezzo con metriche del mutuo, superficie, locali, bagni, piano, classe energetica, spese, foto, coordinate GPS, macrozona e microzona, contatti agenzia. Export JSON, CSV o Excel"
"JobStreet Scraper - MY, SG, ID & PH Job Listings",Black Falcon Data,https://apify.com/blackfalcondata/jobstreet-scraper?fpr=youssef,jobs-hiring-signals,103,446,5.0,2,"Scrape JobStreet Malaysia, Singapore, Indonesia & the Philippines (SEEK platform). Salary, full descriptions, company intelligence (logo, reviews, perks), and optional applicant-demand signals to find low-competition roles. Incremental mode emits only new and changed listings"
Companies Search Scraper for LinkedIn | No Cookies,API Maestro,https://apify.com/apimaestro/linkedin-companies-search-scraper?fpr=youssef,linkedin,102,2047,5.0,6,"Scrape LinkedIn companies using keywords without login and get structured data including company profiles, industries, locations, and follower count"
Linkedin Profile Posts Scraper (No Cookie),Data Doping,https://apify.com/datadoping/linkedin-profile-posts-scraper?fpr=youssef,linkedin,101,786,5,2,"For, scrape LinkedIn posts of a profile and extract full content, engagement stats, and author details using their profile URL. Note: If you're on free tier you can only scrape 4 profile and 100 posts per profile per run (12 profiles in total)"
LinkedIn Ad Library Scraper,Gen First,https://apify.com/ivanvs/linkedin-ad-library-scraper?fpr=youssef,linkedin,101,441,3.6,3,"Extract details about ads from LinkedIn Ad Library. Scrape ad details like when it was run, ad targeting, advertiser and content of ad. Download ad data in JSON, XML, Excel format"
Website Email Scraper - All Contacts,The Netaji,https://apify.com/thenetaji/website-email-scraper?fpr=youssef,email-finders,100,1779,4.4,4,"The Actor crawls a website and returns one evidence-rich record per URL supplied: emails, phone numbers, social profiles, and addresses, each with a confidence score, source page, and detection method. Emails are format-checked and flagged when their domain matches the site's own"
"Deep Email, Phone, & Social Media Scraper Search",peterasorensen,https://apify.com/peterasorensen/snacci?fpr=youssef,email-finders,99,5147,4.9,33,"A powerful tool that searches emails, phone numbers, and social media profiles from any website. It intelligently navigates, prioritizing pages likely to have contact info - even deep in the site. Perfect for lead generation, market research, competitive analysis, and building contact databases"
Ultimate TikTok Scraper (no-limit),Novi,https://apify.com/novi/tiktok-scraper-ultimate?fpr=youssef,social-leads,98,762,5,3,"Scrape TikTok profiles, videos, and hashtags to extract key data. Use search queries or direct URLs to gather post details, shares, hearts, followers, music data, and user info"
Instagram Profiles Scraper PPR,Jan Danecki,https://apify.com/danek/instagram-profiles-scraper-ppr?fpr=youssef,social-leads,97,3190,4.4,3,Scrap all necessary data from Instagram Profile in no-time. No need for a Instagram account
LinkedIn To Email,Anchor,https://apify.com/anchor/linkedin-to-email?fpr=youssef,email-finders,97,1185,5,3,LinkedIn to Email turns LinkedIn URLs into an email at scale. LinkedIn2email is the best and cheapest tool for any task related to LinkedIn outreach. Relies on fresh data you need to keep a good reputation score
X Follower Scraper | Pay-Per-Result,Xquik,https://apify.com/xquik/x-follower-scraper?fpr=youssef,social-leads,97,499,5,6,"Scrape X (Twitter) followers, following, list members, subscribers & community members on every Apify plan. Get 38 fields per row & compare audiences. No X login. Built by Xquik. World's fastest & cheapest X (Twitter) scraper service. Not affiliated with X Corp"
TikTok Followers & Following Scraper No Login | Bulk,Scraping Solutions,https://apify.com/scraping_solutions/tiktok-followers-following-scraper?fpr=youssef,social-leads,96,650,5,2,"Extract TikTok followers and following lists for any public account. No login required. Bulk scraping, audience analysis, influencer discovery, competitor research, and lead generation. Fast, clean, export-ready JSON/CSV"
"Threads Scraper - Threads, Post & Profile",The Netaji,https://apify.com/thenetaji/threads-scraper?fpr=youssef,social-leads,96,524,4.5,5,"Paste Threads profile and post links together and export profile records or individual posts with their authors, media and public replies. No Threads login or account needed"
TikTok User Scraper,API Dojo,https://apify.com/apidojo/tiktok-user-scraper?fpr=youssef,social-leads,95,1698,5.0,9,"Scrape TikTok users at 425/sec with 98% success - no proxy needed. Extract usernames, bios, followers, verification, engagement & account stats. Supports username/URL input. Export JSON/CSV with API integration. Ideal for influencer research, lead gen & brand partnerships"
Linkedin Profile Scraper,Crawler Bros,https://apify.com/crawlerbros/linkedin-profile-scraper?fpr=youssef,linkedin,95,1543,3.0,11,"Scrape LinkedIn public profiles without login. Get name, headline, experience, education, followers, and recent articles"
Youtube Email Bulk Scraper,exporter24,https://apify.com/exporter24/youtube-email-bulk-scraper?fpr=youssef,email-finders,95,1057,5,3,Extract the email address of given youtube channel from public data
Fast Instagram Profile Stats Checker,karamelo,https://apify.com/karamelo/fast-instagram-profile-stats-checker-free?fpr=youssef,social-leads,94,2218,5,3,Scrape Statistics for Instagram accounts profiles for followers count and followings and numbers of posts fast and clean data. Ideal for monitoring and data analysis of accounts changes
LoopNet US + UK + Realla [] Commercial Property Scraper,Muhamed Didovic,https://apify.com/memo23/loopnet-scraper-ppe?fpr=youssef,other-lead-sources,94,476,5,14,"scrape commercial property from LoopNet (US) AND LoopNet UK / Realla (UK) in one actor - the only Apify scraper bundling both. Lease & sale listings across all US states + every UK city. Rich rows: address, geo, sqft, asking rent/price, broker, EPC"
Instagram Profile Scraper API,CoderX,https://apify.com/coderx/instagram-profile-scraper-api?fpr=youssef,social-leads,93,3370,5.0,12,"Instagram Profile Insights Scraper is a fast and lightweight tool for extracting rich public data from Instagram usernames. It retrieves profile details and the latest posts, making it easy to analyze accounts at scale for research, marketing, or competitive insights"
LinkedIn Company Finder - Company Page URL From Any Domain,SR,https://apify.com/s-r/free-linkedin-company-finder---linkedin-address-from-any-site?fpr=youssef,linkedin,93,1180,5,1,"Find LinkedIn company pages for any domain name. This powerful actor searches and extracts LinkedIn company URLs for domains, supporting international LinkedIn subdomains and bulk processing. Perfect for sales teams, recruiters, and data enrichment"
LinkedIn Profile Scraper No Login Required,VulnV,https://apify.com/vulnv/linkedin-profile-scraper?fpr=youssef,linkedin,92,1223,2.1,4,"Extract comprehensive data from public LinkedIn user profiles including work experience, education, skills, connections, and activity. Bulk processing supported. No LinkedIn authentication needed - just provide profile URLs and get structured JSON data"
Reddit Posts Search Scraper,VulnV,https://apify.com/vulnv/reddit-posts-search-scraper?fpr=youssef,social-leads,92,979,5,2,"Search and scrape Reddit posts by keyword. Extract detailed post data, comments, scores, timestamps, and metadata for research and analysis"
"Person Data Enrichment - Email, Phone & LinkedIn",Ryan Clinton,https://apify.com/ryanclinton/person-enrichment-lookup?fpr=youssef,email-finders,91,620,,0,"Enriches persons from People Data Labs - cheaper than Clay, Apollo, or ZoomInfo. Name + company → verified work email, job title, seniority, phone, LinkedIn, and location. Pay-per-event:. No subscription"
Facebook Groups Posts Search Scraper,Lofomachines,https://apify.com/lofomachines/facebook-groups-posts-search-scraper?fpr=youssef,social-leads,91,294,,0,"Find relevant public Facebook group posts by topic. Collect post text, URLs, group details and available engagement data. No login or cookies needed. Export to CSV, Excel or JSON for market research and content ideas"
Leboncoin.fr Scraper | Fast & Reliable,Fatih Tahta,https://apify.com/fatihtahta/leboncoin-fr-scraper?fpr=youssef,jobs-hiring-signals,90,642,3.6,8,"Extract clean, structured data from France’s top classifieds site Leboncoin.fr. Get listings for real estate, cars, jobs, and more with rich outputs including pricing, location, seller details and more. Ideal for market research, lead gen or price tracking"
LinkedIn Ad Library Scraper [NO COOKIES],Unseen User,https://apify.com/unseenuser/LinkedIn-ads?fpr=youssef,linkedin,90,224,5,4,"Extract every ad your competitors run on LinkedIn - creatives, headlines, CTAs, body copy, carousels, video, targeting and run dates. 34 fields per ad. Search by brand or keyword, or paste an Ad Library URL. No login, no cookies. For B2B marketers and growth agencies"
LinkedIn User Comments & Reactions Scraper [NO COOKIES],Unseen User,https://apify.com/unseenuser/LinkedIn-user-comments-reactions?fpr=youssef,linkedin,89,862,5,6,"See exactly what any LinkedIn user has commented on or reacted to recently - their full engagement history. Surface what topics they care about and which thought leaders they follow. No login, no cookies. Built for personalized B2B outreach and ABM teams"
ImportYeti Scraper - US Import Records & Supplier Data,Zen Studio,https://apify.com/zen-studio/importyeti-scraper?fpr=youssef,email-finders,89,539,5,2,"Extract supplier profiles, shipment records, and trade data from ImportYeti. Search by company, product, or address. 60+ fields per result: HS codes, shipping lanes, carriers, bills of lading, trading partners, and contact info. No login required"
"Shopify Store Analyzer | Revenue, Traffic & Apps",Apivault Labs,https://apify.com/apivault_labs/shopify-store-analyzer?fpr=youssef,other-lead-sources,89,370,5.0,2,"Analyze or discover Shopify stores for competitor research and lead generation. Get revenue and traffic estimates, products, best sellers, apps, contacts, ads, store health, opportunities and change tracking. -15 per 1,000 results by Apify plan"
"AutoScout24 Scraper [] - 930K Cars, 9 Countries",Black Falcon Data,https://apify.com/blackfalcondata/autoscout24-scraper?fpr=youssef,other-lead-sources,89,305,5,2,"platform usage included. Scrape autoscout24.com - Europe's largest used-car market: Germany · Austria · Italy · Spain · France · Belgium · Netherlands · Luxembourg, plus Switzerland via autoscout24.ch. 930K+ listings with full specs and dealer contacts"
Website Email & Phone Finder,Caprolok,https://apify.com/caprolok/website-email-phone-finder?fpr=youssef,email-finders,88,2360,4.2,3,"Accelerate your outreach by using our Contact Details Scraper to quickly gather emails from any domain, enhancing your marketing strategies and expanding your sales network"
LinkedIn Jobs Scraper - Multiple Titles & Locations in One!,LNTB,https://apify.com/lntb/linkedin-jobs-scraper---multiple-titles-locations-in-one?fpr=youssef,linkedin,88,1017,4.0,10,"This LinkedIn Job Scraper allows you to extract job listings across multiple job titles and locations: Key Features: Input multiple job titles (e.g. ""Software Engineer"", ""Data Analyst"") Input multiple locations (e.g. ""London"", ""New York"", ""Berlin"") Filters by work type: On-site, Remote, Hybrid"
Google Maps Scraper,PoiData,https://apify.com/poidata/google-maps-scraper?fpr=youssef,google-maps,86,2935,4.3,13,"emails, phones, websites, social profiles, addresses, ratings, reviews, hours & more. Find businesses by keyword, category, location, radius or polygon. Super fast & cheapest Google Maps Scraper & API with CSV, Excel, JSON & API export"
Facebook Page Contact Scraper,SASWAVE,https://apify.com/saswave/facebook-company-page-scraper?fpr=youssef,social-leads,86,720,5.0,3,"Collect informations at scale about: phone, email, page id, popular hours, openings, name, description, industry category, likes, followers, followings, ratings, website, social network links. Extract data from facebook company contact info page"
Google Maps Scraper (),API ninja,https://apify.com/api-ninja/google-maps-scraper?fpr=youssef,google-maps,85,662,4.9,14,"Extract comprehensive business data from Google Maps, including ratings, emails, social media profiles, photos, and operational details. Perfect for market research and lead generation"
Realtor.com [] [Download All Agents] [No 3K Limit],Muhamed Didovic,https://apify.com/memo23/realtor-search-cheerio?fpr=youssef,email-finders,85,644,5,15,"Effortlessly scrape real estate data from Realtor.com, including property listings AND agent profiles. Extract property details like prices, amenities, locations, and photos, plus agent information such as contact details, reviews, specializations, and performance metrics"
LinkedIn Company Posts Scraper - Bulk Export [NO LOGIN],Unseen User,https://apify.com/unseenuser/Company-Posts?fpr=youssef,linkedin,85,188,5,3,"LinkedIn post scraper for company pages - bulk-export posts with engagement, hashtags, mentions, and author profile enrichment (headline, industry, location, followers). Filter by keyword; sort by top engagement. Paste URLs or bare handles like 'google'. No login, no cookies. >99% success"
"Company Leads Scraper similar to Apollo, LinkedIn",Peaky Dev,https://apify.com/peakydev/company-organization-scraper-apollo-linkedin?fpr=youssef,linkedin,84,901,4.9,28,"WE ARE BACK --- Extract company leads using a wide range of filters including industry, revenue, employee size similar to Apollo, linkedin, zoominfo"
Contact Info Scraper,Zebu Data,https://apify.com/delicious_zebu/contact-info-scraper?fpr=youssef,email-finders,84,853,5,29,"Crawl any website and get one deduplicated row per company: emails with deliverability checks (MX, role mailbox), validated phone numbers, 15 social networks, address and opening hours. Optional social profile enrichment. HTTP-first, browser only when a page needs it"
Eventbrite Scraper - Event & Organizer Data,Aitor Sanchez-Mansilla,https://apify.com/aitorsm/eventbrite?fpr=youssef,other-lead-sources,84,672,5.0,3,"Efficiently scrape and extract Eventbrite event data for market research, lead generation, and event aggregation. This Eventbrite Scraper provides structured data on event details, organizers, dates, venues, and pricing, with flexible filtering options by country, city, and category"
"Website Email Scraper - Emails, Phones & Socials",Data Runner,https://apify.com/jurassic_jove/website-email-extractor?fpr=youssef,email-finders,83,810,,0,"Pull emails, phones, and social links from any website. Auto-follows Linktree and bio pages - no manual digging"
Uber Eats Scraper [PPR],borderline,https://apify.com/borderline/uber-eats-scraper-ppr?fpr=youssef,b2b-databases,83,653,5,3,"Pay per result - Fast and cost-effective Uber Eats Scraper requiring just a search query and location or using stores urls. Instantly retrieve comprehensive restaurant data, including names, phone, ratings, locations, and menus. Seamlessly integrates, offering a highly efficient data solution"
Google Maps Places Extractor,Enckay Data,https://apify.com/enckay/google-maps-places-extractor?fpr=youssef,google-maps,81,1551,,0,"Extract Places and businesses from Google Maps. Scrap phone numbers, emails, website, business hours, address and gps, Google Place ID. Use filters to include or exclude irrelevant leads"
LinkedIn Company Scraper (No Login) Bulk,Sourabh Kumar,https://apify.com/sourabhbgp/linkedin-company-scraper?fpr=youssef,linkedin,81,238,,0,"Bulk LinkedIn company scraper for B2B lead enrichment. Returns 33 fields per company: employees, all office locations with postal codes, followers, recent posts with reactions, products, similar companies and live open-job count. Company names and IDs accepted. No login"
Google Maps Scraper,NanoScrape,https://apify.com/santamaria-automations/google-maps-scraper?fpr=youssef,google-maps,80,898,5,3,"Scrape Google Maps for: 30+ fields, reviews, photos, hours, GPS. Enrich every result with 20+ optional add-ons: emails, phones, socials, LinkedIn, SSL, tech stack, SEO, AI contacts, jobs & icebreakers. All merged into ONE row per business. No dataset joins. MCP-ready for AI agents"
"All-in-One Review Scraper: G2, Capterra & Trustpilot",Zen Studio,https://apify.com/zen-studio/software-review-scraper?fpr=youssef,directories,80,465,4,1,"Scrape reviews from G2, Capterra, TrustRadius, Gartner, and Trustpilot in one run. Just type a product name or domain. Get unified ratings, pros/cons, reviewer details, dates, and platform-specific sub-ratings. Filter by star rating and sort order. Export as JSON, CSV, or Excel"
LinkedIn Company Employees Scraper With Decision Makers,George Kioko,https://apify.com/george.the.developer/linkedin-company-employees-scraper?fpr=youssef,linkedin,79,2062,1,1,"Scrape all employees of any LinkedIn company with names, job titles, locations and profile URLs, plus decision maker flags, seniority bands and departments. You pay only for rows tied to the company you asked for. Free monitoring tracks new hires, departures and title changes. No login, no cookies"
Leads Finder Apollo Leads Generator,Olympus,https://apify.com/olympus/leads-finder-apollo-leads-generator?fpr=youssef,b2b-databases,79,520,4.8,22,"Affordable ways to generate leads with emails and phone numbers like platforms similar to apollo, linkedin, zoominfo"
Advanced Search TikTok API (free-watermark videos),Novi,https://apify.com/novi/advanced-search-tiktok-api?fpr=youssef,social-leads,78,29233,1.2,2,"TikTok Search Scraper - Explore, discover, and analyze TikTok content with ease. Gain valuable insights and optimize your marketing efforts. Provides no-watermark download link"
Crunchbase Scraper - Unlimited Data No API Pricing 100% Success,David Bhatt,https://apify.com/davidsharadbhatt/crunchbase-company-scraper?fpr=youssef,b2b-databases,78,1096,4.8,14,"Extract unlimited Crunchbase data without expensive API pricing. Get funding rounds, investors, revenue, employees & contact info. 130+ fields.. No rate limits. 100% success rate. Alternative to Tracxn, Apollo.io, ZoomInfo, Linkedin and Google Maps"
"Bulk Decision makers Email finder, cheap",Sniper Coder,https://apify.com/snipercoder/bulk-decision-makers-email-finder?fpr=youssef,email-finders,78,1019,1.6,5,"Input: Domain|Output: Name, Email, Title, Company, etc of Decision makers In Bulk.| Perfect for Lead Generation, Email campaigns, and Data Enrichment. Forget AnymailFinder, apollo.io, hunter.io, they are all to break the Bank"
"Linkedin Email Finder, Super Cheap",Sniper Coder,https://apify.com/snipercoder/linkedin-email-finder?fpr=youssef,email-finders,78,908,4.5,5,"Input: linkedin|Output: Name, Email, Title, Company, etc.| Perfect for Email campaigns, Data Enrichment, Linkedin/Linkedin sales nav Leads. Forget Instantly.ai, apollo.io, and hunter.io, they are all to break the Bank"
300K+ Amazon Sellers Email Leads,Miso,https://apify.com/xmiso_scrapers/eu-amazon-sellers-email-leads?fpr=youssef,email-finders,77,1072,2.8,20,"Database of scraped sellers from Amazon marketplaces with emails, phone numbers and other valuable data"
LinkedIn Company Data & Insights Scraper [NO COOKIE],RICEMAN,https://apify.com/riceman/linkedin-company-data-insights-scraper?fpr=youssef,linkedin,77,894,5.0,2,"Scrape comprehensive LinkedIn company data & business insights without your LinkedIn account. Extract basic company data, headcount growth, job openings, hiring patterns & employee analytics. Automatic retries, pay-per-use"
"Instagram Following Scraper - Instant, No-Login Required",DataVoyantLab,https://apify.com/datavoyantlab/instagram-following-scraper?fpr=youssef,social-leads,76,1757,,0,"Instantly extract any Instagram user's following list - no login required. Drop profile URL, get thousands of followers with usernames, full names, profile pics, verification status in seconds. Perfect for growth hacking, competitor research, lead generation. Faster, cheaper, more reliable"
Yandex Maps Places Scraper,Mikhail Mamaev,https://apify.com/m_mamaev/yandex-maps-places-scraper?fpr=youssef,google-maps,76,1586,3.6,11,"Extract structured data from thousands of Yandex Maps locations and businesses, including phone numbers, emails, websites, reviews, images, addresses, coordinates, ratings, categories, opening hours & more"
German Imprint Scraper & Leads Finder (Google Search),Winning Solutions,https://apify.com/winningsolutions/german-imprint-scraper?fpr=youssef,email-finders,76,359,5.0,4,"AI-powered Apify Actor that scrapes Impressum pages on German websites and extracts decision-makers (Geschäftsführer, Vorstand), validated B2B emails, company addresses, VAT IDs, and Handelsregister numbers. Structured JSON output for B2B lead generation, sales prospecting, and CRM enrichment"
LinkedIn Scraper at Scale Without Cookie,FreshData,https://apify.com/freshdata/fresh-linkedin-profile-data?fpr=youssef,linkedin,75,1134,5,5,"Get real-time LinkedIn profile data, including experience, education, current company and more"
Reddit Comment Scraper - Export Comments & Replies (),Harsh Maur,https://apify.com/harshmaur/reddit-comments-scraper?fpr=youssef,social-leads,75,250,5.0,5,"Scrape Reddit comments without the API - every comment and nested reply from any post URL, 'load more comments' expanded automatically. Export to CSV, Excel, or JSON for sentiment analysis, AI training data, or research. No login, no rate limits"
TikTok Ads Library FAST,Data Xplorer,https://apify.com/data_xplorer/tiktok-ads-library-fast?fpr=youssef,social-leads,74,465,5,1,"Unlock TikTok's ad intelligence with our powerful scraper. Extract competitor campaigns, creative assets and performance metrics. Search by keyword, advertiser name or ID across all regions. Get comprehensive ad data for market-leading insights"
Post Reshares/Reposts Scraper for LinkedIn | No Cookies,API Maestro,https://apify.com/apimaestro/linkedin-post-reshares?fpr=youssef,linkedin,73,351,5,2,"LinkedIn Post Reposts Scraper: Extract reposts for a given LinkedIn post including author data, stats, media attachments and more"
Instagram Followers List Scraper,CoderX,https://apify.com/coderx/instagram-followers-list-scraper?fpr=youssef,social-leads,72,3421,4.9,7,"Easily scrape followers from public Instagram profiles. This tool automatically collects the full list of followers from any public Instagram account. Ideal for marketers, researchers, and data analysts who need follower data for public accounts"
LinkedIn Job Details Scraper,FalconScrape,https://apify.com/piotrv1001/linkedin-job-details-scraper?fpr=youssef,linkedin,72,735,,0,"The LinkedIn Job Details Scraper extracts job data from LinkedIn job detail URLs, capturing job titles, company names, logos, locations, posting times, descriptions, number of applicants, job criteria, similar jobs, and related job listings - ideal for recruitment insights and job market analysis"
Instagram Followers Scraper,Louis Deconinck,https://apify.com/louisdeconinck/instagram-followers-scraper?fpr=youssef,social-leads,71,2200,3.0,5,"Instantly scrape all followers from any Instagram account, no login needed. Just drop a profile handle, get thousands of followers in seconds. Perfect for growth hacking, competitor research, and lead gen. Fast, cheap, reliable. Built by a top 1% Apify dev"
Facebook Profile Scraper (Private & Public),Iñigo Garcia Olaizola,https://apify.com/igolaizola/facebook-profile-scraper?fpr=youssef,social-leads,70,3108,3.0,7,"Facebook scraper for profile posts, comments, media, links, engagement totals, and date-filtered monitoring. Run anonymously for public content or use authorized cookies for account-visible posts. Export JSON, CSV, Excel, API, or MCP-ready data for research and monitoring"
LinkedIn People Profile Scraper,Pratik Dani,https://apify.com/pratikdani/linkedin-people-profile-scraper?fpr=youssef,linkedin,69,1831,3.0,5,"Retrieve LinkedIn profile URLs and extract comprehensive profile details. This includes basic information, employment history, skills, company information, biography, location, and more"
LinkedIn Post Comment & Reaction Extractor [NO COOKIES],Unseen User,https://apify.com/unseenuser/linkedin-post-comment-reaction-extractor-no-cookies?fpr=youssef,linkedin,69,604,5,6,"Extract every commenter and reactor on any public LinkedIn post - profiles, comment text, reaction types, timestamps. The highest-signal lead source on LinkedIn: engaged commenters are 5-10x warmer than cold search results. No login, no cookies. Built for B2B sales teams"
BAYUT [] | Search & Detail(s) & Agent(s) & Company(s),Muhamed Didovic,https://apify.com/memo23/apify-bayut-scraper?fpr=youssef,other-lead-sources,69,430,5,6,"get comprehensive Bayut property data including pricing, specs (rooms, area, furnishing), location details, agent/agency info, verification status, high-res photos, and multilingual descriptions. Ideal for market analysis, lead generation, and property research"
Tiktok Followers Scraper,API ninja,https://apify.com/api-ninja/tiktok-followers-scraper?fpr=youssef,social-leads,69,223,5.0,4,"Scrape TikTok followers or following at scale from profile URLs, @handles, or user IDs. Fast, paginated, structured, and ready for API, scheduling, and automations on Apify"
Instagram Email Scraper,bhansalisoft,https://apify.com/bhansalisoft/instagram-email-scraper?fpr=youssef,email-finders,68,6332,2.5,23,"Instagram Email Scraper[𝗖𝗵𝗲𝗮𝗽𝗲𝘀𝘁 𝗣𝗿𝗶𝗰𝗲] efficiently extracts email addresses from Instagram profiles based on custom keywords. Ideal for influencer marketing, social outreach, and business collaborations. Fast, accurate, and 50% more affordable than competitors"
Facebook Pages Scraper,Sam,https://apify.com/cleansyntax/facebook-pages-scraper?fpr=youssef,social-leads,68,1530,4.8,7,"Facebook Pages Scraper extracts comprehensive details from Facebook Pages. It gathers valuable info - such as page_names, addresses, emails, phone numbers, etc - making it ideal for building high-quality leads and fueling your marketing or sales strategies"
Website Contact Extractor,Better Devs Scrape,https://apify.com/betterdevsscrape/contact-details-extractor?fpr=youssef,email-finders,68,654,5.0,1,"The cheapest contact scraper on Apify. Extract emails, phone numbers, company names, addresses & 25+ social profiles - 50% less than competitors. Smart crawling auto-finds contact pages, bypasses Cloudflare protection, browser mode for JS sites, sitemap discovery"
LinkedIn Company Posts Scraper - No Cookies,Data Doping,https://apify.com/datadoping/linkedin-company-posts-scraper?fpr=youssef,linkedin,68,402,2.9,3,"For, scrape LinkedIn posts of a company and extract full content, engagement stats, and author details using their profile URL. Note: If you're on free tier you can only scrape 4 companies and 100 posts per company per run (12 companies in total)"
10times Events Scraper - Trade Shows & Conferences API,Zen Studio,https://apify.com/zen-studio/10times-events-scraper?fpr=youssef,other-lead-sources,68,363,,0,"Extract trade shows, conferences, and exhibitions from 10times.com with 59 data points per event. Filter by city name, industry, date, or keyword. Get organizer contacts, venue details, visitor estimates, exhibitor counts, and full schedules. 1,000 events in under 60 seconds. No account needed"
Instagram Followers Scraper - No‑Login Follower Data API,DataVoyantLab,https://apify.com/datavoyantlab/instagram-followers-scraper?fpr=youssef,social-leads,67,1975,2.9,4,"Scrape public Instagram followers in seconds. no login, pay‑per‑use, CSV/JSON output. Ideal for marketing, research, and automation"
Instagram Account Age & Country Checker,Seemu Scraping,https://apify.com/seemuapps/instagram-account-age-checker?fpr=youssef,social-leads,67,588,,0,"Check when any Instagram account was created, its country of registration, former usernames, and verification status - just enter usernames"
Meetup Scraper,Filip Cicvárek,https://apify.com/filip_cicvarek/meetup-scraper?fpr=youssef,other-lead-sources,67,505,4.9,7,"Scrape Meetup.com events, groups or organizers by keyword, city or coordinates. Get 30+ fields per event including dates, venue with GPS, RSVP counts, fees, group member counts, organizer details, topics and ratings"
Company Domain & Social Links Finder,Crawler Bros,https://apify.com/crawlerbros/company-domain?fpr=youssef,linkedin,67,284,2,1,"Given a company name, return the company's official website domain and its social media links (LinkedIn, X/Twitter, Facebook, Instagram, YouTube, TikTok, GitHub)"
"TikTok Scraper - Trends, Creators, Hashtags [NO COOKIES]",Unseen User,https://apify.com/unseenuser/TikTok-Search-Scraper?fpr=youssef,social-leads,67,278,5,3,"Trending TikTok videos, hashtags, creators, and songs - all in one Actor across 8 search modes. Fl. No cookies, no login, no run-start fee. Direct TikTok Creator Marketplace link included on every creator row"
Zillow [] | Bypass Zillow limit of 500 | All-In-One,Muhamed Didovic,https://apify.com/memo23/zillow-scraper-ppe?fpr=youssef,other-lead-sources,67,181,5,8,"No limits, no quotas, unlimited extraction. Unleash the full power of Zillow data - no limits, no restrictions. Comprehensive scraping for any search URL, delivering complete property insights at scale"
Fast TikTok API (free-watermark videos),Novi,https://apify.com/novi/fast-tiktok-api?fpr=youssef,social-leads,66,2238,4.9,6,"Fastest TikTok API for Trend, Hashtag, Search, Music, User, Comment. Real-time, authentic data. No pre-built databases. Provides no-watermark video download links"
"Instagram Profile Scraper - Fast Bulk, 99% Success Rate",Unseen User,https://apify.com/unseenuser/igscraping?fpr=youssef,social-leads,66,1381,5,6,"Bulk Instagram profile scraper. Extract profile metadata, latest posts, follower/following counts, bio, external links, and auto-calculated engagement rate - at scale. No Instagram account, no cookies, no login. Built for influencer platforms, lead gen, and brand monitoring"
LinkedIn Profile Posts Scraper - Bulk [NO COOKIES],Unseen User,https://apify.com/unseenuser/LinkedIn-Content?fpr=youssef,linkedin,66,306,5,4,"Scrape every post from a list of LinkedIn profiles in one bulk run. One flat row per post: text, hashtags, engagement, reaction breakdowns, media, and the original post behind every repost. Filter by exact dates. No login, no cookies. Built for competitor analysis, social listening and ABM"
Eventbrite Event Scraper,ParseForge,https://apify.com/parseforge/eventbrite-scraper?fpr=youssef,other-lead-sources,65,377,5.0,2,"Scrapes Eventbrite events by direct URL or search filters. Returns each event as a flat row with title, date, venue, price, and optional organizer details"
Contact Info Finder,Supreme Coder,https://apify.com/supreme_coder/contact-info-finder?fpr=youssef,email-finders,63,1083,3.6,5,Find people and their contact info from any website or Linkedin URL in bulk
LinkedIn Email + Profile Scraper Active Leads (No Login),SlothTechLabs,https://apify.com/slothtechlabs/linkedin-email-finder-profile-scraper-no-login?fpr=youssef,email-finders,63,464,,0,"The LinkedIn email scraper that skips dormant profiles. Real company domain pulled from the company's LinkedIn page (not guessed from its name), top-3 email patterns with honest confidence, activity score, seniority & decision-maker signals, industry. CRM-ready CSV. Pay per success - failed = free"
Linkedin Employees Scraper,Caprolok,https://apify.com/caprolok/linkedin-employees-scraper?fpr=youssef,linkedin,62,4147,1.0,23,"Effortlessly gather LinkedIn URLs and names of employees in bulk. Ideal for HR and recruitment, this tool quickly provides essential contact information, simplifying talent search and networking opportunities"
Businesses Without Websites Leads Scraper (Google Maps),Miso,https://apify.com/xmiso_scrapers/businesses-without-websites-leads-scraper-google-maps?fpr=youssef,google-maps,62,1658,5.0,10,"Get unique leads of various businesses which don't seem to have their own website yet. Offer them web related services, SEO, design etc. This is list of potential candidates, not guaranteed for 100% accuracy"
Crunchbase Companies Scraper,Pratik Dani,https://apify.com/pratikdani/crunchbase-companies-scraper?fpr=youssef,b2b-databases,62,1123,1.5,4,"The Crunchbase Companies Overview Actor is a powerful tool that extracts comprehensive company information from Crunchbase URLs. It provides detailed insights about companies including their basic information, financial data, social presence, web traffic statistics, and technological stack"
Fast App Store Reviews Scraper API | iOS Reviews & Ratings,Agents,https://apify.com/theagents/appstore-reviews?fpr=youssef,other-lead-sources,62,821,3.5,13,"Lightning-fast App Store review scraper that fetches up to 200 reviews per second across multiple countries. Extract valuable user feedback via App IDs or URLs, with custom mapping options. Affordable. Perfect for developers, marketers, and researchers"
ZAP Imóveis Scraper | Fast & Reliable,Fatih Tahta,https://apify.com/fatihtahta/zap-imoveis-scraper?fpr=youssef,brasil,62,421,5.0,2,"Extract structured Brazil property listings from ZAP Imoveis with pricing, locations, seller details, media assets, and contact data. Built for enterprise-grade Brazil real estate intelligence, listing monitoring, lead enrichment and automated analytics pipelines"
Yelp Reviews Scraper,API ninja,https://apify.com/api-ninja/yelp-reviews-scraper?fpr=youssef,directories,62,195,5.0,4,"Scrape Yelp customer reviews from business URLs or IDs with sorting, rating filters, pagination, and resilient API retries"
Instagram Followers Scraper & Enricher · No Login,Data Slayer,https://apify.com/data-slayer/instagram-followers-scraper---no-login?fpr=youssef,social-leads,61,849,5,2,"Extract followers from any Instagram profile and optionally enrich with emails, phone numbers, websites, bios, follower counts, and categories. 31 fields per result. SocialScraper alternative - pay per result. Optional MillionVerifier email verification. No login. JSON/CSV/Excel"
"OLX Brazil Scraper | Listings, Prices & Seller Data",SolidCode,https://apify.com/solidcode/olx-brazil-scraper?fpr=youssef,brasil,61,227,5.0,2,"[ ] Scrape OLX Brazil listings at scale. Extract titles, prices, descriptions, photos, seller details, location, and category data from Brazil's largest classifieds marketplace by keyword or URL"
Glassdoor Jobs Scraper - Most Comprehensive,Kai,https://apify.com/kaix/glassdoor-jobs-scraper?fpr=youssef,jobs-hiring-signals,61,214,4.7,3,"~ Glassdoor job listings with title, description, salary, location, and company details"
Leads Finder Apollo | LinkedIn Profile,succexx_DEV,https://apify.com/boneswill/leads-generator?fpr=youssef,linkedin,60,2462,4.6,32,"Affordable alternative to Apollo, ZoomInfo, Lusha & LinkedIn. Extract leads with verified Mobile Number, verified Business & Person Emails, LinkedIn profiles, company details!"
"Zillow Property Scraper - Agent Data, Zestimate, Price History",Andrey Afanasenko,https://apify.com/afanasenko/zillow-property-agent-data-scraper?fpr=youssef,email-finders,60,762,4.9,4,"Scrape Zillow property listings and agent contacts - emails, phones, price history, Zestimate and 70+ fields. This Zillow scraper filters for FSBO, foreclosures, multi family and sold comps, by ZIP code, ZPID or any Zillow URL, across homes for sale, rent and sold. Export to CSV, JSON or Excel"
Instagram Hashtag Scraper,CoderX,https://apify.com/coderx/instagram-hashtag-scraper?fpr=youssef,social-leads,60,720,4.0,4,"This scraper extracts users from Instagram based on a hashtag. Just enter a hashtag and set the number of usernames you need. It collects user details like usernames, IDs, and captions, making it perfect for social media analysis and research"
Email Address Validator,API ninja,https://apify.com/api-ninja/email-address-validator?fpr=youssef,email-finders,60,311,5,4,"Validate email lists with a two-step verification pipeline: regex structure check followed by internal 2-step validation. Perfect for CRM cleanup, lead qualification, and campaign hygiene"
"Website Contact Scraper - Email, Phone & Social",Logiover,https://apify.com/logiover/website-contact-scraper?fpr=youssef,email-finders,59,1068,,0,"Bulk email and contact extractor for any website. Scrape emails, phones and social links with no API and export leads to CSV or JSON"
"Search Similar YouTube Channels by Content, Not Keywords",Data Over Coffee,https://apify.com/dataovercoffee/youtube-channel-lookalike-finder?fpr=youssef,social-leads,59,591,5,4,"Search similar YouTube channels by content - 200M+ creators, ranked, with stats + emails"
SeLoger Scraper Estate Extractor,Azzouzana,https://apify.com/azzouzana/seloger-mass-products-scraper-by-search-url?fpr=youssef,other-lead-sources,59,445,5,3,"PropTech Extraction de données immobilières via URL. Scrapez: prix, m², pièces, chambres, DPE, charges, honoraires, meublé, balcon, garage, photos, contacts et bien plus ! Export JSON, CSV, Excel ou API"
LinkedIn People Search Scraper,PowerAI,https://apify.com/powerai/linkedin-peoples-search-scraper?fpr=youssef,linkedin,58,3975,1,6,"Extract professional profiles from LinkedIn with detailed metadata including names, titles, companies, and direct URLs. Perfect for talent acquisition, competitor analysis, and business development"
"Telegram Scraper - Group, Channel Member Scraper",bhansalisoft,https://apify.com/bhansalisoft/telegram-group-member-scraper?fpr=youssef,social-leads,58,3140,5.0,2,"Telegram scraper for extracting available members from groups and channels. Get User IDs, usernames, names and access hashes with no Telegram login required. Scrape Telegram group and channel members with a Telegram Member Scraper"
LinkedIn Company Followers - Export Audience,The Howlers,https://apify.com/alizarin_refrigerator-owner/linkedin-company-followers-scraper?fpr=youssef,linkedin,58,391,1,2,Export followers of any LinkedIn company page for competitor research and targeted outreach
GulfTalent Job Scraper,Shahid Irfan,https://apify.com/shahidirfan/GulfTalent-Job-Scraper?fpr=youssef,jobs-hiring-signals,58,356,4.9,14,"Scrape live job listings from GulfTalent across UAE, Saudi Arabia, Kuwait & Bahrain. Extract job titles, companies, salaries, experience requirements, job descriptions & application links. Ideal for Gulf recruitment analytics, salary intelligence, talent market research & HR datasets"
"Whatnot Scraper - Extract Seller, Search & Category Data",Epic Scrapers,https://apify.com/epicscrapers/whatnot-scraper?fpr=youssef,other-lead-sources,58,173,5,4,"Scrape Whatnot.com at scale - search results, seller profiles, reviews, live shows, shop listings, auctions, category leaderboards & more. Fast, reliable and no auth required. Export as JSON, CSV, XML or Excel. Search by keyword or URL, analyze sellers in bulk, or browse and deep-into any category"
Telegram Member Scraper,AgentX,https://apify.com/agentx/telegram-member-scraper?fpr=youssef,social-leads,57,1406,4.8,9,"Telegram member scraper for public groups, returning 23-field profiles from the visible participant list and optional message-author discovery. Export IDs, usernames, names, public flags, presence, bot facts, discovery path, and source-group context"
Skool Classroom Media/Video · Posts · Nested Comments,Muhamed Didovic,https://apify.com/memo23/skool-posts-with-comments-scraper?fpr=youssef,other-lead-sources,57,1102,4.9,23,"Skool.com posts + nested comments + classroom courses + media files. Date filter for new-content delta runs, storage dedup across runs (no double-billing), tab selector for community/classroom, configurable comment depth. The most thorough Skool content extractor. JSON or CSV"
Facebook Reactions (Likes) Scraper,Scraper One,https://apify.com/scraper_one/facebook-reactions-scraper?fpr=youssef,social-leads,57,867,3.8,7,"Extract reaction data from Facebook posts, such as who reacted, their profile information, and the type of reaction (like, sad, haha, angry etc.). Ideal for audience analysis, influencer insights, engagement tracking and social media monitoring"
Bundesagentur für Arbeit (Arbeitsagentur) Scraper,Lexis Solutions,https://apify.com/lexis-solutions/bundesagentur-fur-arbeit-arbeitsagentur-scraper?fpr=youssef,jobs-hiring-signals,57,605,5,18,The Arbeitsagentur Scraper is a web scraping tool that retrieves public job postings from Arbeitsagentur.de. Bundesagentur für Arbeit is the official job search website in Germany
Instagram Keyword Posts Urls Scraper,SaSkY,https://apify.com/sasky/instagram-keyword-posts-urls-scraper?fpr=youssef,social-leads,57,578,4.2,4,Scrapes Instagram posts URLs related to a given keyword
Website Email & Contact Scraper,Maxime Dupré,https://apify.com/maximedupre/website-emails-scraper?fpr=youssef,email-finders,56,1237,4.6,3,"Find public contact email addresses from the website URLs you submit. Get one unique, normalized email per dataset row with the source and seed URLs attached"
Mobile.de Scraper,Gen First,https://apify.com/ivanvs/mobile-de-scraper?fpr=youssef,other-lead-sources,56,416,5,1,"Extract data from mobile.de for data on thousands of car listings. Scrape car listings, extract descriptions, images, prices, mileage, contact number, addresses, names, engine information, the transmission of the car, and all other listing details"
Indeed Jobs Scraper,AgentX,https://apify.com/agentx/indeed-jobs-scraper?fpr=youssef,jobs-hiring-signals,56,335,5.0,3,"Indeed Jobs Scraper is an Indeed jobs scraper for 62 countries that returns 41 structured job, salary, company, application, and public contact fields with optional source-supported filters"
TikTok User Profile Scraper,xtdata,https://apify.com/xtdata/tiktok-user-information-scraper?fpr=youssef,social-leads,55,3382,5,4,"TikTok Profile Scraper: Extract profile data by username, user ID, or URL. Real-time, authentic data. No pre-built databases. Perfect for market research and influencer analysis. Scrape TikTok profiles easily. No proxy, no limit"
Onlyfans profile scraper,Curious Coder,https://apify.com/curious_coder/onlyfans-scraper?fpr=youssef,other-lead-sources,55,2579,5,1,"Onlyfans data extractor scrapes profiles in bulk with all details including, name, bio, last online, engagement insights, social media urls, etc"
Instagram Location Scraper (Pay Per Result),API Dojo,https://apify.com/apidojo/instagram-location-scraper?fpr=youssef,social-leads,55,1944,5.0,10,"Instagram Location Scraper, your premier solution for harvesting data from locations on Instagram. It offers remarkable value at, with the capability to scrape between 100-200 posts per second!"
Airbnb Pro Host · Business Emails by City,Corentin Robert,https://apify.com/corent1robert/airbnb-professional-host-scraper?fpr=youssef,email-finders,55,532,4.2,6,"Search any city worldwide for Airbnb professional hosts. Business emails, phones, and company names where disclosed (best in EU/EEA). Companion Actors: Airbnb Property Details and Airbnb Calendar. Free plan: 20 contacts. No login"
ThomasNet Suppliers Real-Time Scraper (2026),Zen Studio,https://apify.com/zen-studio/thomasnet-suppliers-scraper?fpr=youssef,email-finders,55,521,4.5,4,"Extract 70+ ThomasNet supplier fields: emails, phone numbers, company data, products, locations, certifications and more. Build supplier shortlists, generate B2B leads, or analyze industrial markets. No Login needed! Thousands of results in seconds"
Sales Navigator Scraper By Filters,Linkedin Scrapers,https://apify.com/bestscrapers/sales-navigator-scraper-by-filters?fpr=youssef,linkedin,54,707,,0,Find and scrape LinkedIn Sales Navigator leads with advanced filters
"Shopify Store Finder - URLs, emails & more",Iñigo Garcia Olaizola,https://apify.com/igolaizola/shopify-store-finder?fpr=youssef,email-finders,54,508,5,2,"Shopify Store Finder locates Shopify stores by keyword and returns structured data: ID, title, description, URL, contact emails, earliest page date, and estimated product count range. Perfect for market research, lead generation, and competitor discovery"
Meta Brand Collaboration Scraper,Apify,https://apify.com/apify/brand-collaboration-scraper?fpr=youssef,social-leads,54,214,4.6,5,"Extract branded content partnerships from Meta Ad Library. Get creators, brand partners, content types, dates, and links from Instagram and Facebook. Enrich with profile and post details. Export data, schedule runs via API, and integrate with other tools or AI workflows workflows"
"LinkedIn Company Scraper - Employees, Followers & Firmographics",Berkan Kaplan,https://apify.com/foxlabs/linkedin-company-scraper?fpr=youssef,linkedin,54,121,,0,"Scrape public LinkedIn company pages - no login, no cookies. Get exact employee count, followers, website domain, HQ address, description & logo as clean JSON/CSV/Excel. For B2B lead-gen, TAM sizing & firmographic enrichment"
Google Maps Scraper,Boztek LTD,https://apify.com/boztek-ltd/google-maps-scraper?fpr=youssef,google-maps,53,2927,4.4,11,"Extract data from thousands of Google Maps locations and businesses, including reviews, reviewer details, images, contact info, including full name, email, opening hours, prices & more. Export data, run via API, schedule and monitor runs, or integrate with other tools"
Fast YouTube Trending Scraper API | Viral Videos & Rankings,API Dojo,https://apify.com/apidojo/youtube-trending-scraper?fpr=youssef,social-leads,53,912,5.0,7,"Your tailor-made tool to harness the dynamic world of trending content on YouTube. This powerful tool is designed to give you an in-depth, real-time snapshot of what's capturing the world's attention. And more, its extremely cheap price at !"
Bluesky Posts Scraper,Lexis Solutions,https://apify.com/lexis-solutions/bluesky-posts-scraper?fpr=youssef,other-lead-sources,52,322,4.5,22,"The Apify Bluesky Posts Scraper allows a programmatic search for posts on Bluesky and the option to export to CSV, JSON, Excel, or integration with Zapier, Make, or any custom workflow"
LinkedIn Company Details Scraper NO COOKIES,Atomus APIs,https://apify.com/atomus/linkedin-company-scraper?fpr=youssef,linkedin,52,96,5,3,"Enrich LinkedIn company URLs or domains into structured firmographic records: industry, employee count, revenue band, funding rounds, HQ, and full tech stack. Submit up to 5,000 inputs per run, one record each. Pay only for companies found; not-found and errors are free. No login needed"
WhatsApp Number Validator (Single and Bulk),Michael Hunter,https://apify.com/api_factory/whatsapp-number-validator-single-and-bulk?fpr=youssef,social-leads,51,1200,3.3,3,"WhatsApp: +447984004914 E-mail: contact@apifactory.pro Instantly check and validate WhatsApp phone numbers programmatically. Verify active accounts in bulk, clean lead lists, and prevent fraud. Fast, accurate, and built for seamless integration into your CRMs, apps, and automated workflows"
TikTok Music & Sound Scraper,API Dojo,https://apify.com/apidojo/tiktok-music-scraper?fpr=youssef,social-leads,51,434,4.8,8,"Scrape TikTok music data at 300 tracks/sec with 98% success - no proxy needed. Extract titles, artists, IDs, usage counts, covers & video data in real-time. Supports URL/ID input. Export JSON/CSV with full API integration. Perfect for trend tracking, viral analysis & campaigns"
"Domain to LinkedIn URL Resolver: Batch or Single, Clay Ready",Mamba Labs,https://apify.com/mambalabs/domain-to-linkedin-url-resolver?fpr=youssef,linkedin,51,372,4.9,2,"Resolves a company domain, or a batch list of domains in one run, to LinkedIn company URLs, one row per domain, via pattern matching and web search. Every row carries resolution_method, confidence and a slug_mismatch flag, so a weak match is visible rather than silent. Flat, Clay-ready, MCP-ready"
Contact Details Scraper,PoiData,https://apify.com/poidata/contact-details-scraper?fpr=youssef,email-finders,51,361,,0,"Details Scraper extracts public emails, phone numbers, social profiles, company details, and named contacts from any website. Submit domains in bulk, get clean structured results, or automate enrichment with the Contact Details Scraper API"
LinkedIn Company Profile Scraper,Maxime Dupré,https://apify.com/maximedupre/linkedin-company-scraper?fpr=youssef,linkedin,51,83,,0,"Scrape public LinkedIn company pages from URLs, slugs, or simple names. Export company facts, locations, public employee previews, related pages, job signals, recent public post summaries, and media URLs when visible"
Google Ads Scraper,FlowExtract API,https://apify.com/dz_omar/google-ads-scraper?fpr=youssef,other-lead-sources,50,793,5,5,"Extract ads from Google’s Ads Transparency Center [0.70/1K ] by URL, advertiser, or domain, including political & election ads. Get creative previews, spend ranges, impressions, demographics & regions. Dedicated proxy for paying users; optional Google login"
LinkedIn Jobs Scraper,AgentX,https://apify.com/agentx/linkedin-jobs-scraper?fpr=youssef,linkedin,50,459,5.0,3,"LinkedIn Jobs Scraper is a LinkedIn jobs scraper for 98 countries that returns 41 structured job, salary, company, application, and public contact fields without login"
LinkedIn Job Scraper [] - No Login or Cookies,Black Falcon Data,https://apify.com/blackfalcondata/linkedin-job-scraper?fpr=youssef,linkedin,50,167,5,1,LinkedIn job scraper that needs no login or cookies - and the cheapest on the Store. Scrape linkedin.com postings with salary · skills & employer data (size · website · industry). Incremental mode skips jobs you already have
LinkedIn Company Scraper,Crawlworks,https://apify.com/crawlworks/linkedin-company-scraper?fpr=youssef,linkedin,50,89,5,1,"Scrape LinkedIn company profiles in bulk. No cookies or login required. Input a list of company URLs and get structured data: name, industry, employee count, headquarters, website, type, specialities, size, founded year, tagline, and office addresses"
Instagram Profile Posts Scraper No cookies,Scraping Solutions,https://apify.com/scraping_solutions/instagram-profile-posts-scraper-no-cookies?fpr=youssef,social-leads,49,718,,0,"Just enter one or more Instagram usernames and instantly extract all their posts. Export the data in various formats, run the scraper via API, schedule and monitor scraping sessions, and seamlessly integrate with your favorite tools or workflows. Perfect for marketers, analysts, and automation pros"
Yelp Reviews Scraper,Zebu Data,https://apify.com/delicious_zebu/yelp-reviews-scraper?fpr=youssef,directories,49,507,4.7,33,"Scrape Yelp reviews from any business URL: rating, full text, date, photos, reviewer name, location and Elite status, useful/funny/cool votes and the owner's reply. Sort by newest, oldest, rating or Elite, filter by stars and stop at a date"
Instagram Followers Scraper - Export Full List 2026,red,https://apify.com/instaprism/instagram-followers-scraper?fpr=youssef,social-leads,48,940,4.9,56,"PUBLIC accounts ONLY - private accounts CANNOT be scraped. No login required. Scrape followers from any public Instagram account. Get usernames, IDs, profile pics, verification status. Auto-save every 60s. Export JSON/CSV/Excel"
it Scraper | Italy Real Estate API,Azzouzana,https://apify.com/azzouzana/immobiliare-it-listing-page-scraper-by-search-url?fpr=youssef,other-lead-sources,48,691,5.0,10,"#1 Scrape Immobiliare & instantly extract detailed property listings: titles, descriptions, photos, prices, energy ratings, contacts & transit info. Fast, affordable & exports clean data to JSON, CSV, Excel or HTML. Anitbot handled"
"Meta Ad Library Scraper - Facebook Ads, Days Running & Changes",WebDataLabs,https://apify.com/webdatalabs/meta-ad-library-scraper?fpr=youssef,social-leads,48,675,5,1,"Scrape Meta Ad Library by keyword and get what other scrapers skip: exact days each ad has been running, AFINN sentiment on the copy, advertiser Page likes, per-carousel-card creatives, and a new-vs-changed flag across scheduled runs. Facebook, Instagram, Messenger, Threads. 249 countries"
ImmobilienScout24 ImmoScout24 Scraper [],Azzouzana,https://apify.com/azzouzana/immobilienscout-immoscout-scraper?fpr=youssef,other-lead-sources,48,463,5,7,"& Immobilienscout24 search results for Germany, Austria & Switzerland. Paste a search URL, filter buy/rent, export JSON, CSV or Excel with price, sqm, rooms, photos, contacts & more. DACH market analysis & leads"
AutoScout24 Scraper (PPR),3x1t,https://apify.com/3x1t/autoscout24-scraper-ppr?fpr=youssef,other-lead-sources,48,425,5.0,4,"Effortlessly scrape car data from the largest pan-European online car marketplace, AutoScout24. Get access to millions of entries of cars, motorbikes, etc. across Europe. Fast, cheap & reliable. Pay-per-result version"
"Website Lead Intelligence - Find the Right Person, Verified",Ryan Clinton,https://apify.com/ryanclinton/website-contact-scraper?fpr=youssef,email-finders,47,864,4.4,3,"Turn company websites into ready-to-email decision-makers. Verified emails, named contacts ranked by seniority, buying-committee classification, A/B/C decision tiers, and optional scheduled monitoring + CRM auto-push to HubSpot/Salesforce"
"LinkedIn Jobs Scraper by URL - Listings, Salaries (No Login)",Web Data Labs,https://apify.com/cryptosignals/linkedin-jobs-scraper?fpr=youssef,linkedin,47,771,5,3,"Scrape LinkedIn job listings by search URL - extract job title, company, salary, location, skills and apply links. No login, no API key, no rate limits. Bypass anti-bot detection. CSV/JSON output. Pay per result. Proxycurl alternative for job board scraping and recruiter lead generation"
G2 Software Reviews Scraper · Battlecards + Switching Data,Factden,https://apify.com/factden/g2-reviews-scraper?fpr=youssef,directories,47,228,5,7,"G2.com reviews scraper API - scrape G2 software reviews & ratings for B2B SaaS. 27 fields/review: sub-ratings, pros/cons, NPS, switched-from competitors, reviewer role & size, LLM-ready markdown. Auto-ranked competitor battlecards for competitive intelligence & win-loss"
LinkedIn Posts Scraper,Khadin Akbar,https://apify.com/khadinakbar/linkedin-posts-scraper?fpr=youssef,linkedin,47,101,,0,"Scrape public LinkedIn posts from keyword searches, company feeds or exact post URLs. Each post has text, author, likes, comments, media and a comments preview. Works with Apify MCP and the API"
"Crunchbase Company API | Funding, Investors & Firmographics",John,https://apify.com/johnvc/crunchbase-company-api?fpr=youssef,b2b-databases,47,83,5.0,1,"Collect Crunchbase company data as clean, structured JSON. Send one or many organization URLs and get funding, investors, industries, HQ location, employee count, rank, and status. Reliable, pay per company, MCP-ready for Claude and AI agents"
LinkedIn Company Scraper,Coder,https://apify.com/calm_builder/linkedin-company-scraper?fpr=youssef,linkedin,47,79,,0,"Scrape LinkedIn company, showcase and school pages without login or cookies. Get firmographics, every office location, employee and follower counts, similar and affiliated companies, and recent posts with exact dates and engagement. For lead gen, CRM enrichment and market research"
Twitter (X) Followers Scraper | Up to 5M,Hundevmode Labs,https://apify.com/x_guru/twitter-follower-scraper?fpr=youssef,social-leads,46,392,5,3,"Scrape Twitter/X followers and following by username or user ID with fast batched output. Collect up to 5,000,000 results per target in clean dataset format for lead generation, audience research, and competitor analysis"
Google Events | Scrape Google Events for AI Agents,John,https://apify.com/johnvc/google-events-api---access-google-events-data?fpr=youssef,other-lead-sources,46,298,5,4,"Google Events API for Claude, ChatGPT, Cursor & other MCP-ready AI agents. Scrape Google Events search results - concerts, conferences, festivals, sports, theater, virtual events - with dates, venues, ticket links & locations. Filter by date, event type, country, language. Pay per page"
LinkedIn Company Scraper - Exact Employee Count,Vitalii Bondarev,https://apify.com/bovi/linkedin-company-scraper?fpr=youssef,linkedin,46,91,,0,"Scrape LinkedIn public company pages: exact employee count, company type, size range, specialties, tagline, industry, HQ, website, founded year, funding rounds + investors, and featured employees. No login required. parse_confidence on every row"
Telegram Username Checker,akula.marketing,https://apify.com/akula.marketing/Telegram-Get-Username-Info?fpr=youssef,social-leads,45,1751,5,5,"Verify Telegram usernames in bulk. Check existence, user vs channel type, subscriber count, title, bio, and profile photo"
Sales Navigator Search Scraper No Cookies,Pratik Dani,https://apify.com/pratikdani/sales-navigator-search-scraper-no-cookies?fpr=youssef,linkedin,45,968,,0,"This tool efficiently scrapes contact and company data from Sales Navigator search results without needing cookies. It extracts individual and company details, and sales intelligence, enabling users to build prospect lists, personalize outreach, and gain market insights"
Email Verify & Validate - Fastest Cheapest,DataFusionX,https://apify.com/devil_port369-owner/email-verifier?fpr=youssef,email-finders,45,871,5.0,16,"Bulk email verifier - SMTP probing, DNS/MX lookup, catch-all & disposable detection. Safe-to-send recommendations for every address. Perfect for cold outreach, CRM hygiene & lead validation. Integrates with Zapier & n8n.. Email Verify Validate"
Advanced LinkedIn Jobs Scraper - Fast & Affordable,Practical Tools,https://apify.com/practicaltools/linkedin-jobs?fpr=youssef,linkedin,45,454,5,3,"The most affordable LinkedIn job scraper on Apify. Extract 1,000+ jobs in minutes, including full details (title, company, location, description, link). Pay-as-you-go, no cookies, no hassle"
"Smart Idealista Scraper - Spain, Italy, Portugal Properties",SIÁN OÜ,https://apify.com/sian.agency/smart-idealista-scraper?fpr=youssef,brasil,44,691,4.4,9,"Idealista scraper and property data API for Spain, Italy and Portugal. Search sale and rental homes, new builds, rooms, garages, offices, land and commercial units by city, search URL, map polygon or CSV; return price, size, rooms, energy rating, year built and price history"
Luma Event Scraper,Matyáš Cimbulka,https://apify.com/matyascimbulka/luma-event-scraper?fpr=youssef,other-lead-sources,44,223,5,1,"Scrape event data from Luma, a platform for discovering and sharing events worldwide. This actor allows you to extract detailed information about events. Customize your search by selecting specific event categories and cities to target the most relevant events for your needs"
Y Combinator Scraper,Michael G,https://apify.com/michael.g/y-combinator-scraper?fpr=youssef,email-finders,43,1625,5,35,"Extract startup leads, founder emails, LinkedIn profiles, hiring data, and more from YC companies and founders. Export scraped data, schedule via API, and integrate with other tools or AI workflows"
GLASSDOOR: Reviews &Jobs &Interviews&Locations &Salary&Overview,Muhamed Didovic,https://apify.com/memo23/apify-glassdoor-reviews-scraper?fpr=youssef,jobs-hiring-signals,43,951,4.5,21,"Glassdoor scraper that bypasses the 200-result review cap, no login needed. Reviews with sub-ratings, pros/cons & employer replies, plus jobs, interview questions, salary bands, benefits & company overviews. Monthly rental, pure HTTP. PPE version: memo23/glassdoor-scraper-ppr"
Instagram Profile Scraper (Cheaper),Data Doping,https://apify.com/datadoping/instagram-profile-scraper?fpr=youssef,social-leads,43,912,5,3,"For extract full Instagram profile data, including public email, followers, following, bio, posts, channels, and external links - with full API support, scheduling, and easy export options. Note: Free tier users can only scrape 100 profiles in total"
Fast YouTube Playlist Scraper API | Extract Videos & Metadata,API Dojo,https://apify.com/apidojo/youtube-playlist-scraper?fpr=youssef,social-leads,43,624,5,7,"The ultimate solution for detailed YouTube playlist information. Enjoy unmatched speed and thoroughness in both search and direct video retrieval from playlists. Additionally, it's remarkably cost-effective at !"
Zillow Scrape: Address/URL/ZPID,ONE API,https://apify.com/one-api/zillow-scrape-address-url-zpid?fpr=youssef,other-lead-sources,43,486,1,1,Get Zestimates from the property address/zpid/url. Each row gets scraped in less than 1 second !
Naver Map Search Results Scraper,Zebu Data,https://apify.com/delicious_zebu/naver-map-search-results-scraper?fpr=youssef,email-finders,43,376,4.9,42,"Scrape Naver Map business listings by keyword or URL: names, categories, ratings, reviews, phone numbers, addresses, coordinates, hours, menus and more. A fast, no-code Naver Place API alternative"
"Meta Ad Library Scraper - All Placements, Filters",Automation Craft,https://apify.com/automation_craft/meta-ads-library-scraper?fpr=youssef,social-leads,43,69,5,5,"Search the whole Meta Ad Library, Facebook, Instagram, Messenger, Audience Network, WhatsApp and Threads, by keyword, advertiser page, ad ID or pasted URL. Every website filter, a free total count, hard caps on delivered ads and a memory that returns only new ads. JSON, CSV, Excel, API, schedules"
Mobile.de Scraper,3x1t,https://apify.com/3x1t/mobile-de-scraper?fpr=youssef,other-lead-sources,42,773,5,7,"Effortlessly scrape car data from Germany's largest vehicle marketplace, Mobile.de. Get access to millions of entries of cars, motorbikes, etc. across Europe. Fast, cheap & reliable. Rental version for larger use cases"
TikTok Comment (Replies) Scraper,xtdata,https://apify.com/xtdata/tiktok-comment-scraper?fpr=youssef,social-leads,42,625,5.0,4,"TikTok Comment Scraper: Fasest and Stablest. Retrieve TikTok comments, replies with speed and efficiency. No Proxy Needed"
"Instagram Engagers | Likes & Comments | No Login, No Cookies",Scraping Solutions,https://apify.com/scraping_solutions/instagram-engagers-likes-and-comments-no-cookies?fpr=youssef,social-leads,42,506,4.2,4,"Extract public Instagram likes or comments from multiple posts and Reels without login or cookies. Export structured engager profiles and comment data to JSON, CSV, or Excel for audience research, campaign analysis, lead generation, and automation"
ReclameAqui Scraper - Brazil Complaints & Company Reputation,Black Falcon Data,https://apify.com/blackfalcondata/reclameaqui-scraper?fpr=youssef,brasil,42,167,,0,"Scrape ReclameAqui Brazil - full consumer complaint threads with every company reply, not just a reply count. Reputation scores & response rates; company intel by slug, URL or search. Incremental mode tracks new and changed complaints across scheduled runs"
Leads Scraper Emails like Apollo,Mando,https://apify.com/amr-mando/lead-finder?fpr=youssef,email-finders,41,2660,3.7,37,"Emails & Linkedin & Description and way more... Like Apollo, Zoominfo, Lusha, Crunchbase"
Google Jobs Scraper,epctex,https://apify.com/epctex/google-jobs-scraper?fpr=youssef,jobs-hiring-signals,41,1688,2.9,13,"The most comprehensive Google Jobs Scraper ever! Extremely configurable, highly customizable, and blazing fast. Retrieve salary, social links, apply links, and all detailed sections. Both for data retrieval and API Integration. Easy use without any limits!"
Alibaba Listings Scraper,FalconScrape,https://apify.com/piotrv1001/alibaba-listings-scraper?fpr=youssef,other-lead-sources,41,665,5,3,"The Alibaba Listings Scraper extracts paginated product results from Alibaba based on a search query, capturing product titles, prices, images, URLs, discounts, delivery estimates, ratings, and reviews - ideal for market research and supplier analysis"
Glassdoor Reviews Scraper,GetDataForMe,https://apify.com/getdataforme/glassdoor-reviews-scraper?fpr=youssef,jobs-hiring-signals,41,642,4.0,6,"Extract authentic employee reviews from Glassdoor to uncover insights into company culture, compensation, and work-life balance. Supports keyword searches, handles up to 5000 reviews, and delivers structured JSON output. Perfect for HR, research, and competitive intelligence"
"ZipRecruiter Jobs Scraper | Salary, Company & Location Filters",SilentFlow,https://apify.com/silentflow/ziprecruiter-scraper-ppe?fpr=youssef,jobs-hiring-signals,41,254,,0,"Pay-per-event ZipRecruiter scraper. Extract job titles, salaries, companies, locations, descriptions, and apply links across 13 countries. Search by keyword, filter by job type, posting date, and salary range. Get 50+ clean fields per job including company profile, GPS coordinates, and benefits"
LinkedIn Profile Data Extractor (No Cookies Required),Swarm Garden,https://apify.com/swarmgarden/linkedin-profile-data-extractor?fpr=youssef,linkedin,41,229,5,1,"Extract LinkedIn profile and company information without cookies or login. Fast, reliable data extraction for profiles, work history, education, skills, and company details"
Instagram Related Profiles Scraper,Seemu Scraping,https://apify.com/seemuapps/instagram-related-profiles-scraper?fpr=youssef,social-leads,41,222,,0,"Find Instagram accounts similar to any public profile using Instagram's own suggested-for-you graph. Returns up to 80 related accounts per seed, with optional depth-2 expansion"
LinkedIn Company Posts Scraper,Khadin Akbar,https://apify.com/khadinakbar/linkedin-company-posts-scraper?fpr=youssef,linkedin,41,57,,0,"Scrape public LinkedIn company posts by company page URL, with post text, date, reactions, comments, media and company profile details. No user cookies or LinkedIn login needed"
LinkedIn Profile Enricher EMAILS Apollo | LinkedIn Profile,Peaky Dev,https://apify.com/peakydev/leads-scraper?fpr=youssef,email-finders,40,3623,4.8,49,"LinkedIn profile enricher with verified Phone Work Emails - Similar to Apollo, ZoomInfo, Lusha, LinkedIn"
Enrich Google Maps Dataset with Contacts,Compass,https://apify.com/compass/enrich-google-maps-dataset-with-contacts?fpr=youssef,google-maps,40,1869,3.1,9,"Enrich Google Maps Dataset with Contacts. Scrape websites of Google Maps places for contact details and get email addresses, website, location, address, zipcode, phone number, social media links. Export scraped data, run the scraper via API, schedule and monitor runs or integrate with other tools"
Job Search,TrueFetch,https://apify.com/truefetch/job-search?fpr=youssef,jobs-hiring-signals,40,1018,5,4,"Job Search is a job search API for 42 sources that returns 41 normalized job, salary, company, application, and public contact fields. One input can combine compatible sources for the selected country"
Facebook Group Members Scraper,EasyApi,https://apify.com/easyapi/facebook-group-members-scraper?fpr=youssef,social-leads,40,863,2.1,7,"Extract Facebook group members' data including profile information, contribution scores, and membership details. Perfect for social media analysis, community insights, and member engagement tracking"
Instagram Comment Scraper,FlowExtract API,https://apify.com/dz_omar/instagram-comment-scraper?fpr=youssef,social-leads,40,180,5,2,"Instagram Comment Extract top-level comments from public Instagram Reels for free no login required. Get commenter usernames, text, likes, and timestamps, with pagination and a per-URL comment limit"
Reddit Scraper,Scrape Smith,https://apify.com/scrapesmith/reddit-scraper?fpr=youssef,social-leads,40,165,5,1,"Scrape Reddit posts, comments, and user profiles without API keys or login. Extract from any subreddit, keyword search, or post URL. No rate limits"
Email Verifier & Validator|0.85$/1k - Bulk Email No API,Mohammad Palekar,https://apify.com/blessiticus/email-verifier-pro?fpr=youssef,email-finders,40,157,5,13,"Verify email addresses in bulk with real SMTP checks. Detect disposable, role-based, and catch-all emails. CSV upload, live progress, smart retries. Cheapest full-SMTP verifier on the Store. No API key required!"
Consulta CNPJ Brasil e Empresas por CNAE,Johnn Mottin,https://apify.com/johnatan029/cnpj-empresas-brasil-scraper?fpr=youssef,brasil,40,132,,0,"Consulte CNPJs numéricos e alfanuméricos em lote por lista ou CSV e encontre empresas por CNAE, UF e município. Retorna razão social, situação, CNAEs, endereço, capital, contatos e QSA. Lookup usa fallback entre fontes públicas; Discovery usa a busca filtrada da Minha Receita"
Instagram Likers Scraper,Public Signal Labs,https://apify.com/publicsignallabs/instagram-likers-scraper?fpr=youssef,social-leads,40,103,,0,"Extract users who liked Instagram posts and reels for about Starter. Results are subject to availability from Instagram. No login, cookies, browser, or proxy setup"
Secretary of State Business Entity Search + UCC Liens - KYB,Scott Helvick,https://apify.com/shelvick/business-entity-lien-search?fpr=youssef,other-lead-sources,40,68,,0,"Secretary of State (SOS) business registry search, 44 states + DC incl. Sunbiz: company registration lookup, company lookup by name. Look up company registration, registered agent, company officers lookup, UCC liens (28 states), UCC search by debtor name. Verify a business: KYB business verification"
"B2B Sales Triggers - Hiring Surge, Funding, Press, Exec Changes",Seibs.co,https://apify.com/seibs.co/b2b-sales-triggers?fpr=youssef,b2b-databases,40,66,,0,"B2B intent data aggregator. For a list of target companies, computes: hiring surge (LinkedIn delta), funding rounds, press mentions, executive changes, tech stack adoption, recent patent filings, customer mentions. Composite trigger score per company. For SDR teams"
LinkedIn Hiring Intent Monitor,furkan beydemir,https://apify.com/beydemirfurkan/discover-web-tools?fpr=youssef,linkedin,40,65,,0,"Monitor company hiring intent signals for lead generation and sales prioritization. Supports MVP mode and live Crawlee extraction with LinkedIn-oriented parsing, normalized output records, and reliability metrics"
Facebook Profile Scraper,Lazy Scraper,https://apify.com/lazyscraper/facebook-profile-scraper?fpr=youssef,social-leads,39,1255,2.6,8,"This tool efficiently extracts public profile data from specified Facebook accounts, including: Email addresses (if publicly listed) 、Bio、User ID、Profile URL. Key Advantage: For public profiles, it delivers accurate follower/fan counts - a critical metric most competitors fail to provide reliably"
Twitter (X) Scraper post (timeline / # / search / replies),Scraping Solutions,https://apify.com/scraping_solutions/twitter-x-scraper-post-timeline-search-replies?fpr=youssef,social-leads,39,558,,0,"X (Twitter) Scraper - Collect posts, timelines, hashtags, searches & replies with ease. Extract text, links & engagement, capture threads, and export to CSV/JSON. Perfect for market research, sentiment analysis & trend tracking"
SimilarWeb Scraper,Ecomdate Tech,https://apify.com/ecomdate/similarweb-scraper?fpr=youssef,enrichment-verification,39,232,4.8,3,"Scrape SimilarWeb website analytics in bulk, including traffic, rankings, categories, top countries, screenshots, tags, and similar sites. Ideal for SEO research, competitor analysis, and lead scoring. Supports pay-per-event pricing and large domain lists"
Facebook Email Scraper,bhansalisoft,https://apify.com/bhansalisoft/facebook-email-scraper?fpr=youssef,email-finders,38,2160,5.0,4,"Facebook Email Scraper and Extractor to find available emails by keyword, location and domain. Extract Facebook data for lead research"
Google Maps Scraper,SolidCode,https://apify.com/solidcode/google-maps-scraper-2-5-per-1-000-results?fpr=youssef,google-maps,38,1169,4.8,10,"[ ] Scrape Google Maps search results at scale. Extract business names, addresses, phone numbers, websites, ratings, reviews count, opening hours, photos, popular times, and 30+ data points for any search query and location worldwide"
Facebook Pages Details,Jan Danecki,https://apify.com/danek/facebook-pages-details-rental?fpr=youssef,social-leads,38,701,5,1,Scrap Facebook pages fast and easy. Extract all contact information and other details in no-time!
"Jobs Board Scraper: Indeed, Reed, Adzuna, RemoteOK & More",Doggo,https://apify.com/doggo/uk-jobs-board-scraper?fpr=youssef,jobs-hiring-signals,38,408,5,2,"Scrape job listings from Indeed, Reed, Totaljobs, CV-Library, Adzuna, RemoteOK, Arbeitnow and more across the UK, US and Europe. Export title, company, location, salary, description and apply URL. Filter by keyword and location. CSV, JSON, Excel"
"LinkedIn Company Scraper | 12 Fields, No Login or Cookies",The Mine Works,https://apify.com/themineworks/linkedin-company-details?fpr=youssef,linkedin,38,58,,0,"Scrape public LinkedIn company pages with no login or cookies. Get name, industry, size, HQ, founded, website, followers, specialties.. MCP ready"
Product Hunt Scraper with Founders & Emails,Fatih Tahta,https://apify.com/fatihtahta/product-hunt-scraper-fast-reliable-4-1k?fpr=youssef,email-finders,37,484,4.2,8,"Extract structured Product Hunt launches with founders, emails, votes, comments, topics, websites, social media and more. Built for enterprise-grade startup intelligence, founder discovery, market analysis, and automated lead enrichment or analytics pipelines"
Exhibitor List Scraper - All-In-One,Skython,https://apify.com/skython/exhibitor-list-scraper?fpr=youssef,directories,37,396,5.0,5,"Trade Show and Exhibitor Directory Scraper - Extract exhibitor lists from 20+ trade show platforms - Map Your Show, Koelnmesse, Messe Frankfurt, Messe Düsseldorf, Xporience, Nürnberg Messe, Reed Expo, Messe Berlin, Messe Stuttgart, and more. Collect company details, social links and contact persons"
Google Ads Transparency Leads Scraper [Download assets],Muhamed Didovic,https://apify.com/memo23/google-ad-transparency-scraper-cheerio?fpr=youssef,other-lead-sources,37,323,5,6,"Google Ads Transparency Center scraper: every ad an advertiser ran, by region, format and date, with variations, landing domains and previews. Ads download saves images, videos and previews to your key-value store, with a size cap"
LinkedIn Scraper,Arben Sabani,https://apify.com/sabania/linkedin-scraper?fpr=youssef,linkedin,37,156,,0,"All-in-one LinkedIn scraper: profiles, jobs, posts, and companies. No cookies, no login required. Rich data: experience, skills, job descriptions, salary, reactions. Chrome TLS fingerprint + residential proxy. Lightweight HTTP-only, 256MB"
Google Maps Lead Finder (Filters & Executive Emails),NoSite,https://apify.com/am_production/google-maps-lead-finder?fpr=youssef,google-maps,37,119,5,6,"Scrape Google Maps by location + keyword, filter with static rules (rating, reviews, category, contact requirements), then enrich with business emails and decision-maker contacts (name, title, MX-validated email, LinkedIn)"
"Multi Job Board Scraper: LinkedIn, Indeed, Glassdoor + Dedup",Flash Scrape,https://apify.com/flash_scraper/multi-jobboard-scraper?fpr=youssef,linkedin,37,91,5.0,4,"LinkedIn, Indeed, Glassdoor scraper and job board aggregator: one search, up to 12 boards including The Muse job board, one row per role. Job search aggregator and job scraper tool for new job postings data; scheduled job monitoring for LinkedIn job alerts. Multi source job scraper, no API key"
LinkedIn Scraper,Jamshaid Arif,https://apify.com/moving_beacon-owner1/linkedin-scraper?fpr=youssef,linkedin,37,78,,0,"This Apify actor scrapes LinkedIn public pages in five modes: - Job results (title, company, location, date, URLs) - Full job posting details (description, seniority, type) - Public profile JSON (name, headline, experience, education, skills) - LinkedIn Pulse article body and metadata"
Craigslist Scraper,Gen First,https://apify.com/ivanvs/craigslist-scraper?fpr=youssef,jobs-hiring-signals,36,1077,5,1,"Extract data from classified advertisements on Craigslist. Scrape details from jobs, housing, items wanted, items for sale, services, community service, gigs, events and resumes listed on Craigslist. Download listings data in JSON, XML, Excel, and other versatile"
Email Verifier I Free To Use,Fatih Tahta,https://apify.com/fatihtahta/email-verifier-free-to-use?fpr=youssef,email-finders,36,507,5,2,"Clean your email lists with this fast, free email verifier and validator. This actor provides fast deliverability checks to slash bounce rates, protect your sender reputation, and improve marketing campaign performance"
Google Maps Scraper,Imad,https://apify.com/damilo/google-maps-scraper?fpr=youssef,google-maps,36,423,4.9,5,"Scrape business listings from Google Maps by keyword and location. Extract names, addresses, phone numbers, websites, ratings, coordinates, and more - perfect for lead generation, local SEO, and competitor research"
Immoweb.be Scraper Estate API,Azzouzana,https://apify.com/azzouzana/immoweb-be-mass-scraper-by-search-url?fpr=youssef,other-lead-sources,36,321,5,4,"be Scraper | PropTech Data extraction via search URL. Scrape: price, sqm, rooms, bedrooms, charges, construction year, balcony, garage, photos, contacts & much more! Export JSON, CSV, Excel. Cost-effective tool for real estate market analysis in Belgium"
ImmoScout24 ImmobilienScout24 Scraper (API) Pro - 50+ Felder,ClearPath,https://apify.com/clearpath/immoscout24-api-pro?fpr=youssef,social-leads,36,237,,0,"Über 1.000 ImmoScout24-Inserate pro Minute mit 50+ Datenfeldern: Maklerkontakte, Telefonnummern, Preise, Investment- & Energiedaten, Grundrisse & Bilder. Wohnungen, Häuser & Gewerbe zum Mieten und Kaufen, deutschlandweit. Monitor-Modus mit Telegram-Alerts. Export als CSV, JSON oder Excel"
Instagram Lookalike Search,Data Over Coffee,https://apify.com/dataovercoffee/instagram-lookalike-search?fpr=youssef,social-leads,36,225,5,3,Lookalike Instagram creators + search IG engagement stats from 150M+ influencers
Linkedin Company Scraper Bulk (No Cookies),Goldmine,https://apify.com/logical_scrapers/linkedin-company-scraper-pro?fpr=youssef,linkedin,36,200,5,1,"() LinkedIn company scraper. Pull unlimited number enriched company profiles in under 10 minutes. Company name, address, description, employee count, logo URL, website, industry, company size/type, headquarters, founding year, specialties, similar/affiliated pages, stock info and more"
Company | Organization Leads Finder similar to Apollo Linkedin,Brave Leads,https://apify.com/braveleads/company-organization-finder-apollo-linkedin?fpr=youssef,linkedin,36,109,5,14,"Filter by industry, revenue, size, and more. Built to match the depth of Apollo, LinkedIn, and ZoomInfo"
Linkedin Company Details Scraper,Hamza,https://apify.com/apt_marble/linkedin-company-details?fpr=youssef,linkedin,36,69,5,1,"Extract detailed data from LinkedIn company profiles at scale - including company name, LinkedIn URL, website, industry, headquarters, company size, employee count, founded year, specialties, follower count, description, phone numbers, addresses, and more"
"LinkedIn Company Scraper - No Login, No Cookies",Logiover,https://apify.com/logiover/linkedin-company-scraper?fpr=youssef,linkedin,36,53,,0,"Scrape LinkedIn company firmographics without login or cookies. Export company data to CSV/JSON - headcount, industry, HQ, followers, website & logo"
Fiverr Listings Scraper,FalconScrape,https://apify.com/piotrv1001/fiverr-listings-scraper?fpr=youssef,other-lead-sources,35,625,5,2,"Scrape Fiverr search results and gig pages: titles, sellers, ratings, prices, plus full Basic/Standard/Premium package comparison with delivery times, revisions, features and paid extras"
Leboncoin Scraper Ppe,SilentFlow,https://apify.com/silentflow/leboncoin-scraper-ppr?fpr=youssef,email-finders,35,437,5.0,2,"Scrape Leboncoin classified ads with pay-per-result pricing. Extract prices, full descriptions, seller phone numbers and GPS coordinates from France's largest marketplace. Covers real estate, cars, jobs, fashion and electronics. Pay only for ads successfully scraped, residential proxies included"
"Linktree, Beacons & Bio Email Scraper: Extract Leads",Ahmed Jasarevic,https://apify.com/ahmed_jasarevic/linktree-beacons-bio-email-scraper-extract-leads?fpr=youssef,email-finders,35,262,5,3,"Turn Linktree, Beacons and Bio URLs into real Email Leads. Scrape contact info, social handles, and affiliate links from Linktree, Beacons and influencers profiles automatically"
Email Extractor,Gordian,https://apify.com/gordian/email-extractor?fpr=youssef,email-finders,34,969,1.1,3,Find and extract email addresses from any website in seconds. This actor will crawl entire websites and return all emails after validation. Easy to use and extremely fast
OnlyFans Discovery Scraper,DeepMine,https://apify.com/deepmine/onlyfans-discovery-scraper?fpr=youssef,social-leads,34,471,5,2,"Discover and collect OnlyFans model profiles by keyword or niche. Export creator data and engagement statistics: pricing, likes, photo and video counts, plus social media links to Instagram, TikTok, X and Fansly"
"Brazil Jobs Scraper - InfoJobs, Vagas, Gupy, LinkedIn",viralanalyzer,https://apify.com/viralanalyzer/brazil-jobs-scraper?fpr=youssef,brasil,34,185,5,4,"Scrape Brazilian job listings from 5 major boards: InfoJobs, Vagas.com, Gupy, APInfo (IT), and LinkedIn Jobs. Get title, company, salary, location, description, benefits, experience level, and work model. For recruiters, job aggregators, and labor-market research"
Upwork Search Job(s) Scraper (No Cookies) (Richest output),Muhamed Didovic,https://apify.com/memo23/upwork-jobs-scraper?fpr=youssef,jobs-hiring-signals,34,142,4.6,2,"Extract detailed Upwork job listings with our scraper. Get job descriptions, budgets, required skills, client history, and engagement terms in a structured format. Perfect for market research and competitive analysis"
ZAP Imóveis Scraper,Haketa,https://apify.com/haketa/zapimoveis-scraper?fpr=youssef,brasil,34,126,,0,"ZAP Imóveis scraper & API for Brazilian real estate: search property for sale & rent and export address, price, condo fee, beds, baths, parking, area, type, amenities, advertiser, photos and coordinates. Brazil property market data and real-estate lead generation - fast, no login"
LinkedIn Company Posts Scraper No Login Required,VulnV,https://apify.com/vulnv/linkedin-company-posts?fpr=youssef,linkedin,34,61,,0,"Collect all posts published by any public LinkedIn company page - post text, engagement metrics, media, and author details. Just provide company slugs or URLs. No login or cookies required"
LinkedIn Company Data Scraper API,Jamshaid Arif,https://apify.com/moving_beacon-owner1/my-actor-7?fpr=youssef,linkedin,34,57,,0,"Scrape company profiles, industries, employees, and more with scalable concurrency and anti-blocking proxy support"
Company Data Scraper (B2B Lead Gen),Syed Rupom,https://apify.com/rupom888/company-data-scraper?fpr=youssef,b2b-databases,34,51,,0,"Scrape company information for B2B lead generation from public sources. Input company names or domains to get: employee count, industry, founded year, revenue estimates, social profiles, technologies used, headquarters, and key contacts. Uses Clearbit, LinkedIn, Crunchbase, and public data"
Fast Twitter List Scraper API | Extract Tweets & Members,API Dojo,https://apify.com/apidojo/twitter-list-scraper?fpr=youssef,social-leads,33,1086,5,9,"Discover the Twitter (X) List Scraper you've been looking for! Find the ultimate tool for extracting Tweets List from X / Twitter! It offers unparalleled speed and comprehensiveness, ensuring lightning-fast extraction of Tweets"
Facebook Comments PPR,Jan Danecki,https://apify.com/danek/facebook-comments-ppr?fpr=youssef,social-leads,33,943,4.0,4,"Scrap Facebook comments fast and easy. It is designed to be fast and efficient, so it can extract a large number of comments for low price. It is also less likely to be blocked by Facebook"
Sherlock Scraper,Crawler Bros,https://apify.com/crawlerbros/sherlock-scraper?fpr=youssef,enrichment-verification,33,896,5,1,Search for usernames across 400+ social networks and websites. Find all social media accounts linked to a username using the Sherlock OSINT tool
Instagram Email Scraper,exporter24,https://apify.com/exporter24/instagram-email-scraper?fpr=youssef,email-finders,33,601,3.0,3,Extract the email address of given instagram profile link
Spitogatos.gr Scraper: Greek Property Listings & Agent Phones,Youssef Farhan,https://apify.com/fayoussef/spitogatos-scraper?fpr=youssef,other-lead-sources,33,310,5,5,"Scrape real estate listings and Agents from Spitogatos.gr in both English and Greek. Collect prices, photos, location, and more. Easy setup, fast results, ready for Excel, JSON, or API integration"
VivaReal & ZAP Imóveis Scraper,Gio,https://apify.com/gio21/vivareal-zap-scraper?fpr=youssef,brasil,33,248,5,2,"Scrape property listings from VivaReal and ZAP Imóveis - Brazil's top real estate portals. Extract price, address, bedrooms, bathrooms, area, amenities, images and contact info. Pay per property scraped"
MCA India Company & Director Data Scraper: Email & Phone Leads,Factden,https://apify.com/factden/mca-company-director-scraper?fpr=youssef,email-finders,33,121,5,4,"Scrape India MCA company and director data(including phone and email) by CIN, DIN, company name, or industry + state. Company master, board of directors, directorships, status, and the company public email. Structured JSON/CSV. B2B company data and lead lists"
LinkedIn Company Data Extractor (No Cookies Required),Swarm Garden,https://apify.com/swarmgarden/linkedin-company-data-extractor?fpr=youssef,linkedin,33,100,,0,"Extract LinkedIn company information without cookies or login. Fast, reliable data extraction for company details, employee count, industry, and more"
LinkedIn Company Scraper - Firmographics & B2B Leads,Scrape Sage,https://apify.com/scrapesage/linkedin-company-scraper?fpr=youssef,linkedin,33,67,,0,"Scrape public LinkedIn company pages by URL, slug, numeric ID, domain or name. Get name, industry, company size, employee count, followers, website, HQ address, specialties, founded year, type, logo & latest post - plus a lead score and only-new monitor mode"
TikTok Location Scraper,API Dojo,https://apify.com/apidojo/tiktok-location-scraper?fpr=youssef,social-leads,32,2533,5,8,"The fastest and cheapest TikTok Location Scraper - extract geo-tagged posts at 400-600 posts/sec for. Retrieve any location-tagged TikTok video, post, creator profile, and engagement data instantly with a reliable, proxy-free setup"
Local Lead Generation Agent,Apify,https://apify.com/apify/local-lead-generation-agent?fpr=youssef,email-finders,32,1559,4.3,3,"Find truly local leads by scraping Instagram profiles based on search queries. Extract website links, contact details, emails, social media details. The AI agent matches and scores leads using LLMs via LangChain, explains scoring, and compiles the data into a common dataset for easy access and use"
Facebook Search Scraper,Sachin Kumar Yadav,https://apify.com/igview-owner/facebook-old-posts-search?fpr=youssef,social-leads,32,853,4.8,3,"Search Facebook posts in seconds. Find viral posts, photos and videos by keyword, date range and engagement - perfect for research, content ideas, brand monitoring and sentiment analysis"
TikTok Search Scraper (free-watermark videos),Novi,https://apify.com/novi/tiktok-search-api?fpr=youssef,social-leads,32,593,5,2,"TikTok Search Scraper helps exploring, discovering, and analyzing TikTok content with ease. Gain valuable insights and optimize your marketing efforts. Provides no-watermark download link"
Crunchbase Companies Bulk Scraper No Cookies,Pratik Dani,https://apify.com/pratikdani/crunchbase-companies-bulk-scraper-no-cookies?fpr=youssef,b2b-databases,32,590,1,3,"The Crunchbase Companies Overview Actor is a powerful tool that extracts comprehensive company information from Crunchbase URLs. It provides detailed insights about companies including their basic information, financial data, social presence, web traffic statistics, and technological stack"
Realtor Agent Leads Scraper,Brave Leads,https://apify.com/braveleads/realtor-real-estate-agent-leads-scraper?fpr=youssef,email-finders,32,473,5.0,36,Affordable way to pull real estate agents from Realtor.com with emails and phone number just like from apollo linkedin and other sources
BBB Advanced Scraper,FalconScrape,https://apify.com/piotrv1001/bbb-advanced-scraper?fpr=youssef,directories,32,404,4.4,2,"Extract business leads from the Better Business Bureau (BBB): names, ratings, accreditation, phones, addresses and categories. Search many keywords across many cities or ZIP codes in one run, with duplicates removed"
Instagram Following - No Cookies Required,DataFusionX,https://apify.com/devil_port369-owner/instagram-following?fpr=youssef,social-leads,32,333,5,3,"The Instagram Following Scraper extracts following profile data from a public Instagram account. Ideal for influencer marketing, audience analysis, and business intelligence. Safe API rates ensure account protection while providing valuable insights"
VivaReal Scraper| Fast & Reliable,Fatih Tahta,https://apify.com/fatihtahta/vivareal-scraper?fpr=youssef,brasil,32,171,,0,"Extract structured Brazil property listings from VivaReal Imoveis with pricing, locations, seller details, media assets, and contact data. Built for enterprise-grade Brazil real estate intelligence, listing monitoring, lead enrichment and automated analytics pipelines"
Instagram Reels Scraper,Hpix,https://apify.com/hpix/ig-reels-scraper?fpr=youssef,social-leads,31,2071,4.9,9,"Scrape Instagram Reels, Profiles and Posts efficiently and reliably"
Email Domain Scraper - Find Emails by Domain From Any Website,SR,https://apify.com/s-r/free-email-domain-scraper?fpr=youssef,email-finders,31,1834,5.0,2,"Enter up to 10 company domains or website URLs and get the email addresses published for each one: one row per address with its domain, ready for CSV, Excel or JSON. For lead generation, outreach lists and finding press, sales or support contacts. You only pay per email found"
Facebook Search - Legacy,Jan Danecki,https://apify.com/danek/facebook-search-rental?fpr=youssef,social-leads,31,1703,4.6,6,Please migrate into https://apify.com/danek/facebook-search-ppr
Tiktok Profile Scraper,karamelo,https://apify.com/karamelo/tiktok-profile-scraper?fpr=youssef,social-leads,31,896,2.5,2,"Extract 1000s of TikTok profile scraper data in minutes! from a list of usernames or URLs. Get TikTok profile followers count, following count, likes hearts count, bio, video count, and much more data. Export TikTok profile to JSON, CSV, Excel, XML... Automate your TikTok analysis!"
Map Your Show Exhibitor List Scraper,Skython,https://apify.com/skython/map-your-show-exhibitor-list-scraper?fpr=youssef,b2b-databases,31,621,5,4,"Extract complete exhibitor lists from any Map Your Show trade show - AAPEX, Pack Expo, CES, RE+, IBC, NACS Show, and more. Collect company details, social media links, and contact persons for B2B lead generation, sales prospecting, and event networking"
"Instagram Followers & Following Scraper - Lists, No Login",Andrey Afanasenko,https://apify.com/afanasenko/instagram-followers-scraper?fpr=youssef,social-leads,31,413,,0,"Download Instagram followers and following lists from any public account. Every profile returns emails, bio links, engagement rate, business category and language - 20+ fields, with 12 filters to keep only the accounts you want. No login needed. Export to CSV, JSON or Excel"
Brazil Company Registry Data & CNPJ Lookup - Receita Federal,BowTiedRaccoon,https://apify.com/jungle_synthesizer/brazil-cnpj-receita-federal-crawler?fpr=youssef,brasil,31,295,5,1,"Business registry data for Brazilian companies (CNPJ) from Receita Federal's open registry. Company registry lookup by state, CNAE industry code, municipality, legal form, or partner CPF. Returns full registry data with partners (QSA), addresses, and tax flags"
Facebook Groups Search Scraper (No Login),Muhamed Didovic,https://apify.com/memo23/facebook-search-groups-scraper?fpr=youssef,social-leads,31,269,1,2,"Find Facebook groups by keyword without login, cookies or a browser. Get group name, URL, exact member count, public/private, posts per day and month, creation date, description, tags, location and rules"
Clutch Company Scraper,SASWAVE,https://apify.com/saswave/clutch-company-scraper?fpr=youssef,directories,31,207,3,1,"Advanced Clutch.co scraper. Extract data from companies / agencies. (phonenumber, website, social account, employees number, company identification number and more). Help you build your TAM"
LinkedIn Post Reactions Scraper NO COOKIES,Atomus APIs,https://apify.com/atomus/linkedin-reactions-scraper-pro?fpr=youssef,linkedin,31,205,4.7,4,"Scrape LinkedIn post reactions to see who reacted: name, headline, profile URL, reaction type (like, celebrate, support, love, insightful, funny), and timestamp. No LinkedIn account or cookies needed. Auto-paginates the full reactions list and handles up to 1,000 posts per run"
LinkedIn Company URL - Mass Profile Finder,Anchor,https://apify.com/anchor/LinkedIn-company-url-finder?fpr=youssef,linkedin,30,5343,4.8,25,"Search for LinkedIn company pages based on a company name. Upload a CSV list of company names, and get their LinkedIn company URLs via API or manual export. Automate with schedules, n8n & others tools. Try for free the best bulk tool to find LinkedIn company URLs !"
Crunchbase Search Scraper,Curious Coder,https://apify.com/curious_coder/crunchbase-scraper?fpr=youssef,b2b-databases,30,3397,4.0,15,"Scrape Crunchbase companies, people, investors, acquisitions, etc from Crunchbase search results"
Google Maps Email Extractor,PoiData,https://apify.com/poidata/google-maps-email-extractor?fpr=youssef,google-maps,30,2501,1.9,11,"Quickly collect all business details, including emails, phone numbers, and social media links from Google Maps listings and their websites. Export data as JSON or CSV. Run via API, schedule runs, or integrate with your tools"
Twitter (X) Email Scraper | No Login Needed,Hundevmode Labs,https://apify.com/x_guru/twitter-email-scraper?fpr=youssef,email-finders,30,558,5,4,"Twitter email scraper | Extract verified emails from Twitter profiles - ultra-fast, no login or API keys required. Fast & reliable Verified business emails only Works without login or auth Up to 1,000,000 results per run"
Crunchbase Scraper Pro,VulnV,https://apify.com/vulnv/crunchbase-scraper-pro?fpr=youssef,b2b-databases,30,482,5.0,2,"Professional Crunchbase company data scraper. Extract comprehensive business intelligence including funding rounds, leadership teams, contact information, financial metrics, and company details. Enter any Crunchbase company URL to get structured JSON data"
Company Career Page Scraper,FalconScrape,https://apify.com/piotrv1001/company-career-page-scraper?fpr=youssef,jobs-hiring-signals,30,448,,0,"Give it any company URL - it finds the career page, detects the ATS and pulls every open role from the source: Greenhouse, Lever, Ashby, Workday, Oracle HCM, SmartRecruiters, Workable. 33 fields with the real apply URL, posting date and filters, plus AI-extracted skills and salary"
Instagram Email & Phone Extractor - IG Leads Scraper,Aditya,https://apify.com/astounding_stork/instagram-email-phone-extractor-ig-leads-scraper?fpr=youssef,email-finders,30,361,5,2,"Bulk-check Instagram usernames → get contact details. Get: Email + Phone (when available), plus basic profile data (name, bio, followers, verification). Best for fast, low-cost, high-quality leads & bulk checks. #1 Instagram Email & Phone Scraper"
BuiltIn Jobs Scraper,Shahid Irfan,https://apify.com/shahidirfan/BuiltIn-Jobs-Scraper?fpr=youssef,jobs-hiring-signals,30,227,5.0,6,"Scrape Built In jobs at scale with structured, ready-to-use data. Extract job titles, companies, locations, salaries, descriptions, employment details, and job URLs. Ideal for job boards, recruitment research, hiring analytics, lead generation, and career data automation"
Propertyfinder Scraper | MENA Real Estate Extractor,Azzouzana,https://apify.com/azzouzana/propertyfinder-ads-search-results-pages-scraper?fpr=youssef,other-lead-sources,30,208,5.0,2,"Listings Scraper: Buy, Rent & New Projects listings across UAE, KSA, Egypt, Qatar & Bahrain to CSV/JSON. Extract regional real estate data, prices, developers & agent leads via Search URL. Built for international investors & agencies"
"wallapop Scraper (Spain,Italy,Portugal)",Youssef Farhan,https://apify.com/fayoussef/wallapop-scraper?fpr=youssef,brasil,30,157,5,2,"Scrape Wallapop listings at scale across Spain, Italy, and Portugal without writing a single line of code. Paste any Wallapop search URL or item URL, and this actor returns structured data for every listing prices, specs, seller info, images, and engagement metrics"
LinkedIn Profile Scraper + Email No Cookies,Leadsman,https://apify.com/leadsman/linkedin-profile-scraper?fpr=youssef,email-finders,30,93,5,6,"Extract detailed information from LinkedIn profiles in bulk, including complete work experience, education history, skills and more. No cookies or account required"
Instagram Posts & Reels Scraper,Seemu Scraping,https://apify.com/seemuapps/instagram-posts-scraper?fpr=youssef,social-leads,30,75,,0,"Scrape all posts and Reels from any public Instagram profile - captions, like, comment and view counts, hashtags, media URLs, and author details"
Social Media Leads Analyzer,Apify,https://apify.com/apify/social-media-leads-analyzer?fpr=youssef,email-finders,29,1416,4.6,6,"Add a website and extract emails, phone numbers, and social media details. Use this lead scraper to extract basic social media profile data from 8 platforms. Export results in JSON, CSV, HTML, use APIs, schedule runs, build integrations, and more"
All-in-One Social Media Phone Number Scraper,EasyApi,https://apify.com/easyapi/all-in-one-social-media-phone-number-scraper?fpr=youssef,email-finders,29,972,5,3,"Discover phone numbers across 30+ social platforms! Extract contact info from Facebook, Twitter, LinkedIn, and more. Perfect for lead gen, influencer outreach, and market research. Fast, efficient, and proxy-enabled. Boost your networking and marketing efforts today!"
Linkedin Company Profile Scraper,ScrapeVerse,https://apify.com/scrapeverse/linkedin-company-profile-scraper?fpr=youssef,linkedin,29,502,4.3,11,"The LinkedIn Company Profile Scraper is a powerful and efficient tool designed to extract valuable information from LinkedIn company profiles with ease. Whether you're a market researcher, sales professional, or just curious about a company's background"
Facebook Group Profile Scraper,EasyApi,https://apify.com/easyapi/facebook-group-profile-scraper?fpr=youssef,social-leads,29,334,1.2,3,"Extract detailed information from Facebook Groups including group stats, admins, moderators, rules, and activity metrics. Perfect for market research, community analysis, and social media monitoring"
"TikTok Profile Scraper - Emails, Followers & Commenters",Andrey Afanasenko,https://apify.com/afanasenko/tiktok-profile-scraper?fpr=youssef,email-finders,29,270,5,1,"TikTok profile scraper: TikTok profile data, no login needed - followers and following lists, video commenters and username enrichment. Every creator profile returns emails, bio links, follower and like counts and video stats: influencer contacts. Export to CSV, JSON or Excel, or run via API"
"Google Maps Brasil - Leads Locais com E-mail, Telefone e CNPJ",MoreLock,https://apify.com/paulovitor18/gmaps-brasil-leads?fpr=youssef,brasil,29,93,,0,"Extraia leads locais do Google Maps no Brasil já com telefone, site, e-mail e o CNPJ da Receita Federal - pronto pra prospecção. Busque empresas por cidade e categoria, sem chave de API. Lista de empresas com endereço, CEP e GPS. Pague por resultado"
Google Local API | Local Pack & Business Search SERPs,John,https://apify.com/johnvc/google-local-api?fpr=youssef,other-lead-sources,29,77,5.0,4,"Search Google Local results - the local pack inside Google Search SERPs. Extract businesses with rating, reviews, phone, hours, place_id, GPS coordinates. Country, language, and device targeting. Pay per page. MCP-ready for AI agents"
LinkedIn Company Detail Scraper No Login Required,VulnV,https://apify.com/vulnv/linkedin-company-detail?fpr=youssef,linkedin,29,48,,0,"Extract complete public LinkedIn company data - industry, size, headquarters, specialties, follower count, website, and more - from company slugs or URLs. No login or cookies required"
TikTok Hashtag Analytics,Clockworks,https://apify.com/clockworks/tiktok-ads-scraper?fpr=youssef,social-leads,28,1008,4.8,14,"Scrape TikTok hashtag analytics data. Just add one or more hashtags, and the scraper will extract posts' text, details, country, longevity, audience interests, scores, countries, labels, and age range. Export scraped data, run the scraper via API, schedule runs, or integrate it with other tools"
Instagram Email Bulk Scraper,exporter24,https://apify.com/exporter24/instagram-email-bulk-scraper?fpr=youssef,email-finders,28,869,3.6,2,Extract the email address of given instagram creators in bulk
Fiverr Search Gig Scraper,Sachin Kumar Yadav,https://apify.com/igview-owner/fiverr-scraper?fpr=youssef,other-lead-sources,28,663,5,2,"Extract Fiverr gig data for any keyword in seconds. This scraper searches Fiverr like a buyer and saves gigs, sellers, prices, ratings, and performance metrics into an easy-to-use dataset (JSON / CSV / Excel)"
TikTok Profile Scraper,DataFusionX,https://apify.com/devil_port369-owner/tiktok-profile-scraper?fpr=youssef,social-leads,28,654,5,6,"This tool allows you to scrape detailed user profile data from TikTok. It extracts various data points from user profiles, including user information, statistics, profile email/phone and profile links. This scraper is ideal for social media analysis, marketing strategies, and research"
Startup Investors Data Scraper,John,https://apify.com/johnvc/startup-investors-data-scraper?fpr=youssef,other-lead-sources,28,646,3.2,12,"10,469 investment firms at your fingertips (as of Dec 2025). The most comprehensive startup investor firm database for finding funding and customers. Access detailed firm profiles to accelerate your startup's growth, find customers, and conduct comprehensive market research"
Website Tech Stack Scanner | Website Technology Detector,Khan,https://apify.com/misterkhan/website-tech-stack-scanner?fpr=youssef,enrichment-verification,28,480,5,3,"Scan any website to detect 7,000+ technologies, from CMSs, analytics, and marketing pixels to JS frameworks, CDNs, and hosting. Use it for market research, lead enrichment, and competitor tech profiling at scale"
LinkedIn Ads Scraper,FlowExtract API,https://apify.com/dz_omar/linkedin-ads-scraper?fpr=youssef,linkedin,28,171,5,4,"Extract comprehensive LinkedIn ads data from the Ad Library. Get ad creatives, headlines, copy, advertiser info, and targeting details. Perfect for competitive intelligence, market research, and ad campaign analysis. Supports keyword search, date filtering, and multi-country targeting"
Pinterest Scraper - Pins & Boards by Pinterest Keyword Search,Andrey Afanasenko,https://apify.com/afanasenko/pinterest-scraper?fpr=youssef,social-leads,28,61,,0,"Pinterest scraper for Pinterest search results by keyword - pins, video pins, boards, creator profiles and keyword suggestions as clean rows. Every pin carries its outbound link, destination domain, board, creator, topic tags and image sizes. No login needed. Export to CSV, JSON or Excel"
FB Pages Scraper,Dev with Bobby,https://apify.com/devwithbobby/fb-profile-scraper?fpr=youssef,social-leads,27,1064,,0,"Reliable public Facebook Page scraper with quality-gated results, selective rescue, and controlled diagnostics. Personal profiles are best-effort"
G2 Product Scraper,Omkar Cloud,https://apify.com/omkar-cloud/g2-product-scraper?fpr=youssef,directories,27,1001,1.4,6,"G2 Scraper - extract G2 product details, ratings & pricing into structured JSON, plus each product's website, emails, phones & social profiles found by AI. Scrape whole categories too. 240,000+ products, no proxies"
Bulk Lead Scraper + DB Like Apollo,Pipeline Labs,https://apify.com/pipelinelabs/leads-scraper-upto-300k-leads-per-month-like-apollo?fpr=youssef,b2b-databases,27,770,2.7,2,"Find Bulk Leads With Emails, LinkedIn URL, Phone Numbers, & More! Similar to Apollo, ZoomInfo, Lusha. 250+ Million Verified Database!"
LinkedIn Activity Index (LinkedScore),David Emanuel Moreira,https://apify.com/david15999/linkedin-activity-index-linkedscore?fpr=youssef,linkedin,27,448,,0,"Analyze LinkedIn profiles to identify active leads. Get a 1-10 activity score based on engagement, posts, and profile completeness. Increase your outreach reply rate by 20% by targeting only responsive prospects. Perfect for sales, recruitment, and partnership outreach"
Craigslist Scraper (Pay Per Result),Gen First,https://apify.com/ivanvs/craigslist-scraper-pay-per-result?fpr=youssef,jobs-hiring-signals,27,447,5,1,"Extract data from classified advertisements on Craigslist. Scrape details from jobs, housing, items wanted, items for sale, services, community service, gigs, events and resumes listed on Craigslist. Download listings data in JSON, XML, Excel, and other versatile"
angi.com (Angie's List) Scraper,Iñigo Garcia Olaizola,https://apify.com/igolaizola/angi-scraper?fpr=youssef,directories,27,383,5,3,"Extract verified business data from Angi (formerly Angie's List) including phone numbers, ratings, and contact details for home service professionals. Get comprehensive listings with company information, customer reviews, and contact data across 150+ categories like plumbers and contractors"
Brazil CNPJ Receita Federal Scraper,Epic Scrapers,https://apify.com/epicscrapers/brazil-cnpj-scraper?fpr=youssef,brasil,27,149,5,1,"Extractor masivo de empresas brasileñas (CNPJ) del registro abierto de la Receita Federal vía minhareceita.org. Filtra por estado, código CNAE, municipio, naturaleza jurídica o CPF del socio. Devuelve datos completos del registro con socios (QSA), direcciones y banderas tributarias"
"LinkedIn Profile Finder & Scraper, No Cookies - LinkedIn Emails",Andrey Afanasenko,https://apify.com/afanasenko/linkedin-profile-api-scraper?fpr=youssef,email-finders,27,109,,0,"Scrape LinkedIn profile data in bulk - no login, no cookies. Profiles, companies and emails where available: search decision-makers by company and job title, or paste profile and company URLs. Returns name, headline, contact data, experience, education and 70+ fields. Export to CSV, JSON or Excel"
ReclameAqui Scraper · Brazil Complaints & Company Reputation,Muhamed Didovic,https://apify.com/memo23/reclameaqui-scraper?fpr=youssef,brasil,27,59,5,1,"Monitor any Brazilian brand on ReclameAqui. Get every complaint with the company's full reply thread, plus the reputation scorecard buyers judge on - score, RA status, response and resolution rates, average answer time, CNPJ. Incremental runs emit only what changed. No browser"
"Mercado Livre Brazil - Products, Prices, Sellers & Reviews",Abot API,https://apify.com/abotapi/mercadolivre-com-br-scraper?fpr=youssef,brasil,27,34,,0,"Scrape Mercado Livre Brazil by keyword or URL. Filter by category, brand, price, condition, shipping, official store, and seller rating. Extract prices, discounts, instalments, stock, delivery, seller details, variants, specifications, and buyer reviews"
Clutch.co Listings Scraper,FalconScrape,https://apify.com/piotrv1001/clutch-listings-scraper?fpr=youssef,directories,26,1248,1,2,"The Clutch.co Listings Scraper extracts paginated business data from Clutch.co URLs, capturing company titles, logos, hourly rates, reviews, ratings, and offered services - ideal for market research and competitor analysis"
realtor.com Agents Scraper,Sam,https://apify.com/cleansyntax/realtor-com-agents-scraper?fpr=youssef,other-lead-sources,26,696,5,2,Scrape Realtor.com Agents by ZIP Code - No Subscription
"Brazil Real Estate Scraper - OLX, QuintoAndar, Airbnb",viralanalyzer,https://apify.com/viralanalyzer/brazil-real-estate-scraper?fpr=youssef,brasil,26,440,5,4,"Scrape Brazilian real estate from 4 platforms: OLX Imoveis, QuintoAndar, ImovelWeb, and Airbnb. Extract houses, apartments, prices, condo fees, and IPTU. Filter by city, price, and rooms. Sale, rent, or vacation - for investors, lead generation, and market analysis"
Linkedin Post Reactions Scraper (No Cookie),Data Doping,https://apify.com/datadoping/linkedin-post-reactions-scraper-no-cookie?fpr=youssef,linkedin,26,393,5.0,2,"For. Scraper Likes, Praise, Empathy, Appreciation and Interest of any Linkedin Post using URL or URN. Note: Freemium users are limited to scrape only 4 posts and 100 reactions per run (12 posts in total)"
Lead Finder,Crawler Bros,https://apify.com/crawlerbros/lead-finder?fpr=youssef,email-finders,26,342,5,4,"Find B2B leads by job title, location, and industry. Extracts name, title, company, LinkedIn URL, and guessed email from public search results. No API keys or credentials needed"
Linkedin Profile Comments Scraper (No Cookie),Data Doping,https://apify.com/datadoping/linkedin-profile-comments-scraper?fpr=youssef,linkedin,26,197,,0,"For, scrape comments made by a profile from activity on LinkedIn. It Scrapes text, reactions, pinned, timestamp, etc. Note: If you're on free tier you can only scrape 4 profile and 100 comments per profile per run (12 profiles in total)"
CNPJ Lead Scraper API - Find Brazilian Companies by Segment,BrasilDados.org - API e Data as a Service,https://apify.com/brasildados/cnpj-lead-scraper-search?fpr=youssef,brasil,26,171,5,1,"Search 55M+ Brazilian companies by CNAE segment, state and size. Get legal name, address, phone, email and QSA shareholders from the official CNPJ registry. Export to JSON, CSV or Excel, or call the Batch API. Pay only per result returned. CNAE list: https://brasildados.org/lista-cnaes/"
LinkedIn Company Data Enricher,viralanalyzer,https://apify.com/viralanalyzer/linkedin-company-enricher-byoc?fpr=youssef,linkedin,26,48,5,1,"Enrich LinkedIn company slugs with public data: name, industry, size, website, HQ, description"
Shopify Lead Scraper with 1M+ Email Database,Miso,https://apify.com/xmiso_scrapers/shopify-shops-email-leads-scraper?fpr=youssef,email-finders,25,1468,4.2,11,scrape shopify powered shops for ecommerce email leads from merchantgenius and own scraped sources
Twitter Posts Scraper,Pratik Dani,https://apify.com/pratikdani/twitter-posts-scraper?fpr=youssef,social-leads,25,852,1,3,"The **Twitter Posts Scraper** extracts detailed information from any public Twitter post. Simply provide the URL, and the scraper will gather data like post text, user info, engagement metrics, and more. Perfect for analyzing trends and tracking social media interactions"
"Google Maps Reviews Scraper - Text, Ratings & Exact Dates",Zebu Data,https://apify.com/delicious_zebu/google-maps-store-review-scraper?fpr=youssef,google-maps,25,718,5.0,38,"Scrape Google Maps store reviews fast - API-based, no browser. Extract review text, exact dates, star ratings, reviewer profiles, Local Guide status, photos, per-service ratings, owner responses, and store review keywords. Export to JSON, CSV, or Excel"
Trustpilot Reviews Scraper API,The Wolves,https://apify.com/thewolves/trustpilot-reviews-scraper?fpr=youssef,directories,25,362,2.4,9,"The Wolves proudly introduces the Trustpilot Review Scraper, an ideal tool for extracting reviews. It can gather 100-200 reviews per second, offering an extremely affordable rate of. The most cost-effective option!"
Walmart Product Scraper,Billy,https://apify.com/web_wanderer/walmart-product-scraper?fpr=youssef,other-lead-sources,25,331,4,1,"Extract product details from walmart.com/walmart.ca. Get titles, prices, sku, availability, reviews & more - fast and reliable!"
Twitter Timeline Scraper,Jan Danecki,https://apify.com/danek/twitter-timeline-ppr?fpr=youssef,social-leads,25,300,5,1,"Scrap Twitter timeline fast and easy. It is designed to be fast and efficient, so it can extract a large number of post for low price"
Meetup Events Scraper,EasyApi,https://apify.com/easyapi/meetup-events-scraper?fpr=youssef,other-lead-sources,25,225,5.0,4,"Effortlessly scrape Meetup events data with this powerful Apify Actor. Search by keywords, locations, and event types to gather comprehensive information on upcoming events. Perfect for market research, event planning, and trend analysis. Customizable and easy to use!"
Consulta CNPJ - Receita Federal Scraper,Muhamed Didovic,https://apify.com/memo23/cnpj-scraper?fpr=youssef,brasil,25,33,5,1,"Consulta CNPJ em massa na Receita Federal: empresas por estado, CNAE, cidade (nome ou código IBGE) ou natureza jurídica - 55M+ CNPJs com sócios (QSA), flags fiscais, capital e telefone quando o cadastro tem. Filtro só ATIVA, vários estados numa run, lookup KYC de um CNPJ"
Email & Phone Extractor,Anchor,https://apify.com/anchor/email-phone-extractor?fpr=youssef,email-finders,24,8231,3.9,21,"Extract emails, phone numbers, and other contact information like Twitter, LinkedIn, Instagram... from websites you provide. Best for lead generation and data enrichment. Export data in structured formats and dominate your outreach game. Capture your leads almost for free, fast, and without limits"
Facebook group posts scraper,Goldmine,https://apify.com/logical_scrapers/facebook-group-posts-scraper?fpr=youssef,social-leads,24,683,4.9,5,"The most cost-efficient Facebook groups scraper. Get Facebook group posts with comprehensive data including text, media attachments, engagement metrics, author information and more"
Crexi.com | intelligence | Search | Detail | Agent (/w EMAILS),Muhamed Didovic,https://apify.com/memo23/apify-crexi?fpr=youssef,email-finders,24,477,5,11,"Unlock Crexi's commercial real estate network. Extract property listings and broker profiles for market insights, deal-making, and investment opportunities. Your key to data-driven decisions in commercial real estate"
Mercadolibre Product Scraper,SASWAVE,https://apify.com/saswave/mercadolibre-product-scraper?fpr=youssef,enrichment-verification,24,421,2.7,5,"no proxies needed. Fast and reliable scraper for MercadoLibre product pages and search results. Support all domains. Perfect for competitive analysis, price monitoring, e-commerce intelligence, catalog enrichment, and high-volume data extraction"
Soon-to-Open Businesses Leads Scraper (Google Maps),Miso,https://apify.com/xmiso_scrapers/soon-to-open-businesses-leads-scraper-google-maps?fpr=youssef,google-maps,24,419,4.9,6,"Get unique leads of various businesses planning opening in near future or recently opened like restaurants, bars, beauty salons, dentists etc. and offer them services they might need when launching their business. Scraped from Google Maps with emails and social links including where available"
Discord Server Scraper,Louis Deconinck,https://apify.com/louisdeconinck/discord-server-scraper?fpr=youssef,social-leads,24,413,5,2,"Discover niche communities, analyze server trends, and gain competitive insights with detailed data on member counts, categories, and more. Efficient, flexible, and up-to-date - start exploring today & unlock the full potential of Discord with our comprehensive server scraper!"
"iFood Scraper - Anti-Block: Menus, Prices & Reviews",viralanalyzer,https://apify.com/viralanalyzer/ifood-restaurant-intelligence?fpr=youssef,brasil,24,212,4.1,5,"iFood scraper with URL enrichment. Extract restaurants, menus with prices, reviews and ratings. Pass URLs directly OR search by city. Start FREE"
Zillow Property Details Scraper,Zebu Data,https://apify.com/delicious_zebu/zillow-property-details-scraper?fpr=youssef,other-lead-sources,24,136,5,29,"Scrape complete Zillow property details from URLs or ZPIDs: price, Zestimate, rent estimate, price & tax history, schools, HOA fees, photos, agent info, and 200+ facts per home. Fast API-based scraping - no browser. Pay per result"
Snapchat Email Scraper,EasyApi,https://apify.com/easyapi/snapchat-email-scraper?fpr=youssef,email-finders,23,1272,1,1,"Effortlessly scrape email addresses from Snapchat profiles! Find Snapchat users matching your keywords and specific email domains. Perfect for influencer marketing, social media outreach, and collaboration opportunities. Powered by stealth technology for reliable data collection"
SKOOL | Members/Groups | Discovery Search | Scraper (PPE),Muhamed Didovic,https://apify.com/memo23/skool-members-scraper?fpr=youssef,email-finders,23,777,4.0,8,"Boost your business leads with our Skool.com Groups' Members/Users Scraper. Gather user details like names, emails, and social media links (Facebook, Instagram, LinkedIn, Twitter, etc.). It is ideal for market research, competitor analysis, and lead generation. Save time with our advanced scraper"
Glassdoor Jobs Scraper,AgentX,https://apify.com/agentx/glassdoor-jobs-scraper?fpr=youssef,jobs-hiring-signals,23,458,5,2,"Glassdoor Jobs Scraper is a Glassdoor jobs scraper for 23 countries that returns 41 structured job, salary, employer, rating, application, and public contact fields"
Welcome To The Jungle Jobs Scraper,Bebity,https://apify.com/bebity/welcome-to-the-jungle-jobs-scraper?fpr=youssef,jobs-hiring-signals,23,274,,0,"ℹ Retrieve jobs, articles, & organizations from ""Welcome to the Jungle"" using this Actor. Precision meets ease in this modern data tool. Perfect for recruiters, jobseekers, & researchers. Your key to the latest job market insights"
Amazon Product Scraper,SASWAVE,https://apify.com/saswave/amazon-product-scraper?fpr=youssef,other-lead-sources,23,235,5,2,Amazon scraper collect data from any amazon domain name. Input can be a list of product ASIN or a search url
Reclame Aqui Scraper - Consumer Complaints BR,viralanalyzer,https://apify.com/viralanalyzer/reclameaqui-scraper?fpr=youssef,brasil,23,220,3.8,9,"Extract Reclame Aqui data: company complaints, ratings, response rates"
OLX Brasil Imóveis Scraper Completo,Leadercorp,https://apify.com/leadercorp/olx-imoveis-scraper?fpr=youssef,brasil,23,187,,0,"Extraia anúncios de imóveis da OLX Brasil com dados completos e estruturados, incluindo fotos, preços, descrição detalhada e informações do vendedor - ideal para análise de mercado, geração de leads e monitoramento de oportunidades"
ZAP Imóveis Scraper - Brazil Real Estate Data,Muhamed Didovic,https://apify.com/memo23/zapimoveis-scraper?fpr=youssef,brasil,23,59,,0,"Scrape ZAP Imoveis (Brazil) property listings, sale or rental. One row per property: price, condo fee, IPTU, area, bedrooms, bathrooms, parking, amenities, full address with lat/lon, advertiser and photos. Search by city or paste ZAP URLs. JSON/CSV out"
"LinkedIn Company Employees Scraper [Optional Cookies, No Login]",Muhamed Didovic,https://apify.com/memo23/linkedin-company-people-scraper?fpr=youssef,linkedin,22,1234,4.1,10,"Find a company's employees on LinkedIn two ways: no login (public web search) or with your cookie (full roster, richer data, contact info). Names, titles, headlines, profile URLs, filter by position - CEO, CTO, recruiter. Every row's confidence field says if its employer was confirmed"
Fast Google Maps Search Scraper API | Business Listings & Leads,Agents,https://apify.com/theagents/google-maps-search?fpr=youssef,google-maps,22,792,5.0,9,"Find high-value leads fast with our low-cost Google Maps scraper. Instantly extract business names, contact details, emails, phone numbers, and reviews - perfect for sales prospecting and outreach. Affordable, reliable, and built for scale"
German Imprint Scraper,Dominic M. Quaiser,https://apify.com/dominic-quaiser/imprint-contact-scraper?fpr=youssef,email-finders,22,570,3.9,3,"An Actor that automatically locates and scrapes key contact details from German website imprint pages (Impressum). It extracts information such as company name, address, phone numbers, emails, and decision-makers (Entscheider, Entscheidungsträger)"
Indeed [] Jobs Scraper (Search by keywords),Muhamed Didovic,https://apify.com/memo23/apify-indeed-cheerio-keywords-ppr?fpr=youssef,jobs-hiring-signals,22,335,4.8,8,"[From] Search Indeed by keyword, country and filters - no URL needed. Returns salary, company rating, full description, the resolved external apply URL and company profile (CEO, size, revenue) across 61 countries. Strict-match mode drops unrelated jobs; date filter pulls only the latest"
Tiktok Ad Library Scraper,Gen First,https://apify.com/ivanvs/tiktok-ad-library-scraper?fpr=youssef,social-leads,22,262,,0,"Extract details about ads from TikTok Ad Library. Scrape ad details like when it was run, ad targeting, advertiser and content of ad. Download ad data in JSON, XML, Excel format"
Social Media Profile Finder Pro,One Scales,https://apify.com/onescales/social-media-profile-finder-pro?fpr=youssef,other-lead-sources,22,260,5,6,"Find social media accounts and profiles by username across 400+ social networks instantly. Bulk search, residential proxy support, and fast results. Powered by Sherlock"
LinkedIn Jobs API & Scraper [NO COOKIES],Unseen User,https://apify.com/unseenuser/LinkedIn-Jobs-Scraper?fpr=youssef,linkedin,22,215,5,4,"LinkedIn jobs API and scraper - no cookies, no login, no account to get restricted. Search job postings by keyword, company or location for full descriptions, salary, skills, applicant counts, the ATS behind each apply link and a ghost-job score. Built for hiring-signal outbound"
Instagram Email Scraper,EasyApi,https://apify.com/easyapi/instagram-email-scraper?fpr=youssef,email-finders,21,1381,1,4,"Effortlessly scrape email addresses from Instagram profiles! Find Instagram users matching your keywords and specific email domains. Perfect for influencer marketing, brand collaborations, and targeted outreach campaigns. Powered by stealth technology for reliable data collection"
YouTube Email Scraper,exporter24,https://apify.com/exporter24/youtube-email-scraper?fpr=youssef,email-finders,21,785,3.8,6,Extract the email address of given youtube channel from public data
Skip Trace,twoapi,https://apify.com/twoapi/skip-trace?fpr=youssef,enrichment-verification,21,535,2.9,4,
WhatsApp Messages Scraper,Extreme Scrapes,https://apify.com/extremescrapes/whatsapp-messages-scraper?fpr=youssef,social-leads,21,514,4.0,3,Scrape and monitor WhatsApp group or private chat messages in real time. Scan the QR code to connect and start collecting structured WhatsApp message data
Y Combinator Scraper with Founders & Emails,Fatih Tahta,https://apify.com/fatihtahta/y-combinator-directory-scraper?fpr=youssef,email-finders,21,277,3.4,4,"Scrape the Y Combinator directory and get rich company profiles with socials, founder details + emails, hiring status/job links, and news mentions. Perfect for lead gen, market mapping, recruiting, and competitor tracking"
iFood Restaurant Scraper,Yasmany Grijalba Casanova,https://apify.com/yasmany.casanova/ifood-scraper?fpr=youssef,brasil,21,277,5,3,"Extract the store profile, full menu with prices, and customer reviews for any iFood Brazil restaurant, from its URL. Clean, structured JSON, one row per record"
LinkedIn Leads Scraper | Sales Navigator Export,SilentFlow,https://apify.com/silentflow/linkedin-sales-navigator-scraper-ppr?fpr=youssef,linkedin,21,264,5.0,1,"Export leads and accounts from any LinkedIn Sales Navigator search or saved list. Get name, job title, company, location, seniority, headcount and industry, or build the whole search from filters instead of pasting a URL. Bring your own seat and export to CSV, Excel or JSON in a single run"
Facebook Ads Library Scraper API,API Creators,https://apify.com/api_creators/facebook-ads-library-scraper-api?fpr=youssef,social-leads,21,186,5.0,5,"! Scrape Facebook Ad Library: Extract ad data, copy & creatives from FB & Instagram. Powerful Facebook Ads Scraper for competitor research & ad intelligence. Search by keyword or Page ID. Export JSON, CSV, or Excel. Fast, reliable, and cheap Facebook Ad Library API"
Jobs.ch Scraper,Lexis Solutions,https://apify.com/lexis-solutions/jobs-ch-scraper?fpr=youssef,jobs-hiring-signals,21,163,5,6,"Scrape jobs from Switzerland's largest job board Jobs.ch. Automated data extraction of Swiss job listings with locations, salaries & company details"
Brazil Real Estate API,Azzouzana,https://apify.com/azzouzana/quintoandar-scraper?fpr=youssef,brasil,21,85,4.4,4,"Rápido, simples e barato! Insira o link e extraia em segundos dados completos de imóveis no QuintoAndar: preço, fotos, condomínio, tipo, localização e mais. Exportação em JSON/CSV/Excel ou use como API. Perfeito para análise e monitoramento do mercado imobiliário"
LinkedIn Posts API | Scrape Profile Posts & Engagement,John,https://apify.com/johnvc/linkedin-posts-api?fpr=youssef,linkedin,21,48,5,2,"Collect public LinkedIn posts as clean, structured JSON. Discover every post from a profile URL, or fetch specific post URLs, with text, reactions, comments, shares, media, hashtags, and author details. Pay per post, MCP-ready for Claude and AI agents"
Instagram Posts Scraper - Pay per Results,Jan Danecki,https://apify.com/danek/instagram-posts-scraper-ppr?fpr=youssef,social-leads,20,1188,5,1,"Scrap Instagram Posts fast and easy. It is designed to be fast and efficient, so it can extract a large number of posts for low price"
Social Media Finder Pro | Public Profile Discovery,Xtech,https://apify.com/xtech/social-media-finder-pro?fpr=youssef,other-lead-sources,20,795,2.0,3,"Find public profiles by username across 400+ sites with focused or broad search modes, structured profile URLs, and explicit diagnostics that distinguish empty results from incomplete checks"
G2 Product Reviews Scraper,PowerAI,https://apify.com/powerai/g2-product-reviews-scraper?fpr=youssef,directories,20,775,1.7,5,Scrape product reviews and customer feedback from G2 for software products using our API wrapper service
"Real Estate AU - Listings, Prices, Agents & History",Abot API,https://apify.com/abotapi/realestate-au-scraper?fpr=youssef,email-finders,20,340,4.8,6,"Extract detailed Australian real estate property listings with 30+ structured fields, including price, description, indoor and outdoor features, coordinates, nearby schools, agent contact details, images, and listing price history where available"
Redfin Property Search Scraper,Maksym Bohomolov,https://apify.com/mantisus/redfin-fast-scraper-per-results?fpr=youssef,other-lead-sources,20,254,5,2,"Scrape listings from Redfin search results: for-sale, rental, and sold properties. Returns prices, photos, MLS codes, agent phones, and property specs. Input: search URL or ZIP code list with filters"
Gupy Jobs Scraper - Brazil Job Board Real-Time Data (2026),Zen Studio,https://apify.com/zen-studio/gupy-jobs-scraper?fpr=youssef,brasil,20,115,,0,"Scrape job listings from Gupy.io, Brazil's largest job board. Extract 68 fields per job: descriptions, requirements, benefits, hiring pipeline steps, company profiles, and application deadlines. Filter by keyword, state, city, job type, or company"
Linkedin company scraper,Goldmine,https://apify.com/logical_scrapers/linkedin-company-scraper?fpr=youssef,linkedin,19,1794,4.9,11,"FASTEST LinkedIn company scraper. BULK Pull 50,000+ enriched company profiles in under 10 minutes. Company name, address, description, employee count, logo URL, website, industry, company size/type, headquarters, founding year, specialties, similar/affiliated pages, stock info and more"
TikTok Email Scraper,bhansalisoft,https://apify.com/bhansalisoft/tiktok-email-scraper?fpr=youssef,email-finders,19,1559,5.0,4,TikTok Email Scraper- Scrap Emails from TikTok specific profile using google search engine
Google Ads Scraper,Gen First,https://apify.com/ivanvs/google-ads-scraper?fpr=youssef,other-lead-sources,19,779,5,2,"Extract details about ads from Google Ads Transparency Centar. Scrape ad details like when it was run, ad targeting, advertiser and content of ad. Download ad data in JSON, XML, Excel format"
LoopNet Search By Urls & Keywords | Details | Agents | Contacts,Muhamed Didovic,https://apify.com/memo23/apify-loopnet-search-cheerio?fpr=youssef,other-lead-sources,19,395,5.0,11,Unlock valuable commercial property data from LoopNet. Extract detailed listings and agents insights for smarter real estate decisions
Event Scraper Pro,WebDataLabs,https://apify.com/webdatalabs/event-scraper-pro?fpr=youssef,other-lead-sources,19,178,4.0,5,"Aggregate upcoming events from Meetup, Lu.ma and Eventbrite into one deduplicated dataset: title, date, venue, address, coordinates, category, image and links. Meetup and Lu.ma rows add RSVP counts and organizer details. Every run reports exactly which searches completed"
Whop Scraper | Fast & Reliable,Fatih Tahta,https://apify.com/fatihtahta/whop-scraper?fpr=youssef,other-lead-sources,19,134,,0,"Scrape Whop’s marketplace into clean, structured data. Capture listings for digital products, memberships, courses and communities with pricing, company details, metrics, categories and media. Perfect for market research, lead lists and tracking top offers"
Linkedin Email Scraper,bhansalisoft,https://apify.com/bhansalisoft/linkedin-email-scraper?fpr=youssef,email-finders,18,3630,3.0,4,Linkedin Email Scraper- Scrap Emails from linkedin specific profile using google search engine
Youtube Email Scraper,EasyApi,https://apify.com/easyapi/youtube-email-scraper?fpr=youssef,email-finders,18,819,1.7,5,"Effortlessly scrape email addresses from YouTube channel descriptions! Find content creators matching your keywords and specific email domains. Perfect for influencer marketing, partnership outreach, and content creator discovery. Powered for reliable data collection"
TikTok Search Profile,Sachin Kumar Yadav,https://apify.com/igview-owner/tiktok-search-user-scraper?fpr=youssef,social-leads,18,610,5,3,"Search and discover TikTok users by any keyword - name, niche or topic - and export clean creator data in seconds"
Facebook Group Posts Scraper,EasyApi,https://apify.com/easyapi/facebook-group-posts-scraper?fpr=youssef,social-leads,18,470,2.4,4,"Scrape Facebook group posts efficiently with login support. Extract post content, author info, timestamps and more from any public or private Facebook group you have access to"
Realtor - agent leads scraper,Peaky Dev,https://apify.com/peakydev/realtor-real-estate-agent-leads-scraper?fpr=youssef,email-finders,18,437,5,30,Scrape unlimited real estate agents from Realtor.com with emails and phone number |apollo|realtor|linkedin|agents
Houzz Professional Scraper,EasyApi,https://apify.com/easyapi/houzz-professional-scraper?fpr=youssef,directories,18,289,5.0,3,"Scrape professional designers' profiles from Houzz.com, including their contact information, reviews, badges, and business details. Perfect for market research and lead generation in the home improvement industry"
TikTok Post Scraper,The Netaji,https://apify.com/thenetaji/tiktok-post-scraper?fpr=youssef,social-leads,18,215,5,1,"Scrape TikTok profiles and posts effortlessly with our fast and affordable scraper - ! Get bio, stats, and content in seconds. Perfect for research, analytics, and growth hacking"
Consulta de Veículo por Placa RENAVAM - Brasil / RENAVAM Lookup,BrasilDados.org - API e Data as a Service,https://apify.com/brasildados/consulta-veiculo-por-placa?fpr=youssef,brasil,18,144,5,1,"Consulta de veículo por placa no Brasil: RENAVAM, chassi, marca, restrições e indicadores de roubo, leilão e Renajud. Aceita placa antiga e Mercosul. Até 50 placas por execução. USpor veículo encontrado. Execução em lote pela API da Apify"
LinkedIn Jobs API | Search Job Listings & Salaries,John,https://apify.com/johnvc/linkedin-jobs-api?fpr=youssef,linkedin,18,57,5.0,5,"Search public LinkedIn job listings as clean, structured JSON. Find jobs by keyword, location, seniority, and job type, or fetch specific job URLs. Get title, company, location, salary, description, and apply links. Pay per job, MCP-ready for Claude and AI agents"
"iFood Scraper - Menus, Reviews, CNPJ & Address",Muhamed Didovic,https://apify.com/memo23/ifood-scraper?fpr=youssef,brasil,18,21,,0,"iFood restaurants from delivery URLs or city/address search. One row per store: name, rating, CNPJ, address, hours, menu items with prices when the catalog answers, and optional reviews. Brazil marketplace data for competitive research, dark-kitchen scouting, and store audits"
Linkedin User Profile Url - Mass Finder,ScrapeVerse,https://apify.com/scrapeverse/linkedin-user-profile-url---mass-finder?fpr=youssef,linkedin,17,636,4.9,5,"LinkedIn User Profile URL - Mass Finder automates locating LinkedIn profiles by inputting names, location or designations. It provides instant URLs, saving time for market research, lead generation, and recruitment. It enhances efficiency and streamlines workflows"
Facebook Ad Library Scraper [No Login] Ads & Creatives,viralanalyzer,https://apify.com/viralanalyzer/facebook-ads-library?fpr=youssef,social-leads,17,487,4.9,6,"Scrape active Meta and Facebook ads globally without login or cookies: ad copy, creative media, targeting, advertiser page, and CTA links. Pay per ad scraped"
B2B LinkedIn Lead Generator,Cobey AI,https://apify.com/chieftools/b2b-linkedin-lead-generator?fpr=youssef,linkedin,17,414,4.3,24,"Find B2B decision-makers on LinkedIn by describing your ideal customer. AI discovers matching companies from live web data, identifies the right people, and scores every lead for relevance. Pay only for qualifying leads"
TikTok Profile Scraper - User detail,The Netaji,https://apify.com/thenetaji/tiktok-profile-scraper?fpr=youssef,social-leads,17,369,5,2,"Scrape TikTok profiles & posts fast and affordably! Get usernames, followers, bios, videos, captions & more for. Perfect for marketers, researchers & devs. Start scraping now!"
Instagram Profile/Posts/Reels Downloader & Monitoring Mode,Muhamed Didovic,https://apify.com/memo23/apify-instagram-profile-scraper?fpr=youssef,social-leads,17,259,5,10,"Elevate your Instagram game with data-driven decisions. Our Profile Scraper delivers the in-depth information you need, from user stats to post performance, powering your social media mastery"
TikTok Scraper,xtdata,https://apify.com/xtdata/tiktok-scraper?fpr=youssef,social-leads,17,227,5,3,"Get TikTok data fast! Real-time, authentic data. No pre-built databases! Track trending content, popular music videos, top users videos"
"TripAdvisor Scraper - Hotels, Restaurants & Attractions",Zebu Data,https://apify.com/delicious_zebu/tripadvisor-hotel-details-scraper?fpr=youssef,directories,17,158,5,25,"Scrape TripAdvisor hotels, restaurants, and attractions at scale. Enter a city name or paste any list/detail URL. Extract 50+ fields per item - ratings, reviews, prices, photos, contact info, nearby places, opening hours, Q&A, and more. Supports 50+ regional domains"
Signalbase - Funding & Business Signals API,Signalbase,https://apify.com/signalbase/signalbase-api?fpr=youssef,jobs-hiring-signals,17,148,5,3,"Real-time GTM signal infrastructure giving you minute-old funding rounds, acquisitions, hiring, and executive job changes. Source-attributed and built for data vendors, GTM teams, and AI agents"
LinkedIn Company API | Firmographics & Sales Intelligence,John,https://apify.com/johnvc/linkedin-company-api?fpr=youssef,linkedin,17,27,5,2,"Collect public LinkedIn company pages as clean, structured JSON. Send company URLs or search by company name and get industry, size, headquarters, followers, specialties, and locations, ready to chain into Crunchbase funding lookup by name. Pay per company, MCP-ready for Claude and AI agents"
Deep Website Content Crawler,David,https://apify.com/6sigmag/deep-website-content-crawler?fpr=youssef,other-lead-sources,16,1126,3,1,"Scrape Failed Killer! A high-performance web scraper that rapidly extracts and analyzes content from multiple websites simultaneously. Perfect for competitive research, content aggregation, and website structure analysis"
Instagram Email Phone Scraper,DataFusionX,https://apify.com/devil_port369-owner/instagram-email-phone-scraper?fpr=youssef,email-finders,16,1009,1.7,14,"Scrape Instagram email phone and many more data from any public Instagram profile. Perfect for marketers, analysts, and businesses seeking actionable social media intelligence. It also scrape emails and phone from many other sources"
"Amazon Product Scraper - Search Results & Prices, 20 Sites",Zebu Data,https://apify.com/delicious_zebu/amazon-product-data-scraper?fpr=youssef,other-lead-sources,16,254,5.0,31,"Scrape Amazon search results by keyword or category URL across 20 Amazon sites: price, list price, coupons, rating, reviews, Best Sellers Rank, variants, sellers and delivery date. Set sort order, currency and delivery ZIP code, and optionally open each product page"
"Immobilien Export Pro - ImmoScout24, Kleinanzeigen, Immowelt",ClearPath,https://apify.com/clearpath/immobilien-export-pro?fpr=youssef,other-lead-sources,16,142,,0,"70.000+ deutsche Kaufimmobilien von ImmoScout24, Kleinanzeigen & Immowelt. Preisverlauf, Kontaktdaten, Löschungen, Koordinaten. Echtzeit-Daten, plattformübergreifende Deduplizierung. Export als JSON, CSV, Excel oder via API"
OpenTable | Meta | Menu | Reviews | Availability | Offers,Muhamed Didovic,https://apify.com/memo23/opentable-reviews-cheerio?fpr=youssef,email-finders,16,108,4.6,5,"OpenTable scraper: restaurant details, menus with prices, ratings, availability, offers and photos. Restaurant rows all reviews, contact emails each when enrichment is on. Paste restaurant or search URLs; filter reviews by date for market research"
SeLoger Scraper | Real Estate Listings,SilentFlow,https://apify.com/silentflow/seloger-scraper-ppr?fpr=youssef,other-lead-sources,16,102,5,2,"Scrape SeLoger.com real estate listings - apartments, houses, rentals in Paris, Lyon, Marseille. Extract prices, DPE energy ratings, photos, agent contacts. Pay-per-result with residential proxies. Export to Excel, CSV, JSON. Perfect for market analysis & lead generation"
"Indeed Jobs Scraper Salaries, Filters & Company Data",Factden,https://apify.com/factden/indeed-jobs-scraper?fpr=youssef,b2b-databases,16,63,5,5,"Indeed jobs scraper: extract job listings, salaries, company details and full job descriptions. Native salary-range filter (+ remote, date, type, level), every result page, structured JSON, 60+ countries, no login., free credit ≈ 2,500 jobs"
Trusted Shops Reviews Scraper,Muhamed Didovic,https://apify.com/memo23/trusted-shops-reviews-scraper?fpr=youssef,other-lead-sources,16,18,,0,"Scrape Trusted Shops reviews and shop ratings - review text, stars, review and order dates, verified-purchase status and merchant replies, plus certification, star distribution, per-criteria marks and lifetime review totals. Enter a shop domain, any locale profile URL, or a TSID"
LinkedIn People URL - Mass Profile Finder,Anchor,https://apify.com/anchor/LinkedIn-people-finder?fpr=youssef,linkedin,15,4113,4.8,20,"Search for LinkedIn pages of people based on their names. Upload a CSV of person names, and get their LinkedIn URLs via API or manual export. Automate with schedules, n8n & others tools. Try for free the best Bulk tool to find LinkedIn people URLs !"
Instagram Scraper,DataFusionX,https://apify.com/devil_port369-owner/instagram-scraper?fpr=youssef,social-leads,15,2293,4.6,12,Scrape Instagram user's profile details along with Email/Phone details. Instagram scraper cheapest best fastest and 100% uptime
LinkedIn Posts Search Scraper,PowerAI,https://apify.com/powerai/linkedin-posts-search-scraper?fpr=youssef,linkedin,15,708,1.6,2,"Extract posts from LinkedIn with detailed metadata including content, author details, engagement metrics, and direct URLs. Perfect for social media analysis, content research, and brand monitoring"
Linkedin Profile Scraper with Email (No Cookies),unli,https://apify.com/unlimitedleadtestinbox/linkedin-profile-scraper-with-email-no-cookies?fpr=youssef,email-finders,15,599,4.0,2,Linkedin Profile Scraper with Email (No Cookies)
Realtor Scraper (Property Details),Luffy,https://apify.com/coder_luffy/realtor-scraper?fpr=youssef,email-finders,15,205,5.0,7,"This fast and affordable API/scraper provides real-time access to Realtor.com listings, including property details, pricing, location, and agent emails and phone numbers. Ideal for real estate analysis, lead generation, and data-driven projects"
Monster Jobs Scraper,Orgupdate,https://apify.com/orgupdate/monster-jobs-scraper?fpr=youssef,jobs-hiring-signals,15,188,1,1,"The latest and most advanced Monster Job Scraper. Our Monster Job Scraper extracts real-time job postings at scale from all over the world. A new research tool built for recruitment, insights and HR"
SAM.gov Federal Contracts Scraper - No Login,Fortuitous Pirate,https://apify.com/fortuitous_pirate/sam-gov-scraper?fpr=youssef,other-lead-sources,15,116,,0,"Search federal contract opportunities on SAM.gov. Extract solicitations, awards, set-asides, NAICS codes, and agency info. Essential for government contractors. No login or cookies. MCP-ready for AI agents"
Cheapest iFood Scraper,serp.cheap,https://apify.com/serp.cheap.ofc/cheapest-ifood-scraper?fpr=youssef,brasil,15,38,,0,"Scrape iFood (Brazil's #1 food & grocery delivery) at the lowest price per result: search restaurants near any address and pull full menus with dish names, prices, ratings, delivery fee/time and images. Pay per result - no start fee, no subscription"
PitchBook Company API | Private Company & Funding Data,John,https://apify.com/johnvc/pitchbook-company-api?fpr=youssef,other-lead-sources,15,32,5,2,"Collect public PitchBook company profiles as clean, structured JSON. Send one or many company URLs and get funding, investors, valuation, competitors, employees, industries, and financials. Pay per company, MCP-ready for Claude and AI agents"
Google Search Scraper,epctex,https://apify.com/epctex/google-search-scraper?fpr=youssef,other-lead-sources,14,2708,3.5,13,"Boost SEO with our tool! Explore organic & paid results, People Also Ask, and Related Queries. Select countries, languages, and precise locations for tailored insights"
Twitter (X) Profiles and Tweets Scraper,Muhamed Didovic,https://apify.com/memo23/apify-twitter-profile-scraper?fpr=youssef,social-leads,14,875,4,1,"This actor allows you to scrape Twitter/X profiles, extract tweets, key metrics, metadata and gather insights such as tweet content, engagement metrics (likes, retweets, replies), and author details. It is handy for social media analysis, marketing research, and tracking public figures or brands"
Google Maps Emails Scraper,DATARAVA,https://apify.com/datarava/google-maps-emails-scraper?fpr=youssef,google-maps,14,757,5,11,"Scrape thousands of businesses from Google Maps with their emails and social media profiles. Search by keywords and locations, then automatically visit business websites to extract email addresses and social links in a single run. Built for lead generation and sales prospecting"
Facebook Email Scraper,EasyApi,https://apify.com/easyapi/facebook-email-scraper?fpr=youssef,email-finders,14,318,,0,"Effortlessly scrape email addresses from Facebook profiles and pages! Find Facebook content matching your keywords and specific email domains. Perfect for lead generation, social media marketing, and community building. Powered by stealth technology for reliable data collection"
OnlyFans Model Leads Scraper,DeepMine,https://apify.com/deepmine/onlyfans-model-leads-scraper?fpr=youssef,social-leads,14,305,5,3,"Automated OnlyFans lead scraper for OFM agencies. Pay only for model leads that pass your filters. Scrape new model profiles by niche for OnlyFans agency recruitment, keep only creators with Instagram links, and export outreach-ready leads with price, likes, stats and social links"
EBAY: Search | Sold Prices |Store | Seller Pages (8 Markets),Muhamed Didovic,https://apify.com/memo23/apify-ebay-search-cheerio?fpr=youssef,other-lead-sources,14,294,5,7,"Unofficial eBay API to extract data from eBay search results and product details with our eBay Search Results and Listing Details Scraper. Perfect for market research, price tracking, and detailed product analysis - get all the information you need, in one go"
Facebook Groups Posts Scraper,Jan Danecki,https://apify.com/danek/facebook-groups-posts-scraper?fpr=youssef,social-leads,14,284,2.3,2,"Scrap Facebook groups fast and easy. This actor is a lightweight version of the Facebook Group actor. It is designed to be fast and efficient, so it can extract a large number of events for low price. It is also less likely to be blocked by Facebook"
Nextdoor Scraper,The Howlers,https://apify.com/alizarin_refrigerator-owner/nextdoor-scraper?fpr=youssef,other-lead-sources,14,229,1,1,"Scrape local business recommendations, neighborhood posts, and community data from Nextdoor. Get authentic local insights and recommendations that aren't available on other platforms"
Mercado Livre Brasil Scraper Completo,Leadercorp,https://apify.com/leadercorp/mercadolivre-scraper-br-pro?fpr=youssef,brasil,14,213,,0,"Scraper profissional e modular para Mercado Livre Brasil (busca, produto, loja e ofertas) com fallback inteligente para browser"
Immoweb Scraper,Gen First,https://apify.com/ivanvs/immoweb-scraper?fpr=youssef,other-lead-sources,14,149,,0,"Extract data from immoweb.be for data on thousands of apartments and house listings. Scrape house location, extract descriptions, images, prices, contact number, addresses, names, and all other listing details. Unlimited and extremely fast!"
Google Ads Scraper [NO COOKIES] [NO LOGIN],Unseen User,https://apify.com/unseenuser/Google-ads?fpr=youssef,social-leads,14,104,5.0,3,"Extract every ad an advertiser ran on Google - Search, YouTube, Display, Shopping - from Google's official Ads Transparency Center. Get creatives, formats, run dates, and targeting regions. No Google Ads account or API key required. Built for paid media analysts and agencies"
Reclame Aqui Scraper,Gio,https://apify.com/gio21/reclame-aqui-scraper?fpr=youssef,brasil,14,84,5,2,"Scrape Brazilian company reputation from Reclame Aqui: score, complaints count, response rate, resolution rate, recent complaints. By URL or company name. Pay per company / per complaint"
VivaReal & ZAP Imóveis Scraper - Brazil Real Estate,Scrape Sage,https://apify.com/scrapesage/vivareal-zap-imoveis-scraper?fpr=youssef,brasil,14,34,,0,"Scrape VivaReal & ZAP Imóveis - Brazil's top real estate portals. Apartments & houses for sale or rent with prices, condo fees, IPTU, area, photos, geo, amenities & broker leads (phone, WhatsApp, website, CRECI). Filter by city, price, bedrooms. Monitor new listings & price drops. Export JSON, CSV"
Workday Career Sites API,John,https://apify.com/johnvc/workday-career-sites-api?fpr=youssef,jobs-hiring-signals,14,26,5.0,2,"Find the companies using Workday and every career site each one runs. Get the tenant, datacenter, careers URL, direct jobs API URL, and live open-role count as structured JSON. Build a Workday customer list, or resolve a single company in seconds. No key needed, MCP-ready for Claude and AI agents"
All in one Social media Email Scraper,bhansalisoft,https://apify.com/bhansalisoft/all-in-one-social-media-email-scraper?fpr=youssef,email-finders,13,3051,3.8,13,All in One Social Email Extractor - Software can Extract Email from All Social Network Profile Linkedin Email Extractor Facebook Email Extractor Youtube Email Extractor Twitter Email Extractor Instagram Email Extractor Reditt Email Extractor Pinterest Email Extractor TikTok Email Extracto
Youtube Email Scraper,bhansalisoft,https://apify.com/bhansalisoft/youtube-email-scraper?fpr=youssef,email-finders,13,2552,4.5,3,Youtube Email Scraper- Scrap Emails from Youtube specific profile using google search engine
Instagram Followers and Following Scrapper,Figue,https://apify.com/figue/instagram-followers-and-following-scrapper?fpr=youssef,social-leads,13,2335,3.9,17,"Extract Instagram followers and following data from any Instagram profile! High-speed bot extracts ~500 followers/min, supports proxies, simulates human behavior, and provides configurable pagination. Collect detailed user data efficiently - perfect for market research and audience insights!"
Linkedin Jobs Scrapper,ScrapeVerse,https://apify.com/scrapeverse/linkedin-jobs-scrapper?fpr=youssef,linkedin,13,718,1.5,2,"Get detailed and insightful data just by entering few information, No need to worry about Cookies and Authentication"
Youtube Channel Scraper,API Dojo,https://apify.com/apidojo/youtube-channel-scraper?fpr=youssef,social-leads,13,712,5.0,7,"The perfect tool for exceptional YouTube channel video retrieval tool. Experience unparalleled quickness and thoroughness in searching and directly obtaining videos from channels. Furthermore, it's incredibly affordable at !"
TikTok Email Scraper,EasyApi,https://apify.com/easyapi/tiktok-email-scraper?fpr=youssef,email-finders,13,443,1,1,"Effortlessly scrape email addresses from TikTok profiles! Find TikTok creators matching your keywords and specific email domains. Perfect for influencer marketing, social media outreach, and collaboration opportunities. Powered by stealth technology for reliable data collection"
Influencer Discovery - Find Influencers Across Social Platforms,The Howlers,https://apify.com/alizarin_refrigerator-owner/influencer-discovery---find-influencers-across-social-platforms?fpr=youssef,social-leads,13,415,3,1,"Discover influencers across Instagram, TikTok, LinkedIn, YouTube, and Twitter by niche, hashtags, engagement rate, and follower count. Perfect for influencer marketing campaigns and brand partnerships. Multi-Platform Discovery Niche Targeting Engagement Analysis Tier Filtering Contact Extraction"
"ZipRecruiter Jobs Scraper - URL or Keywords, Emails",Muhamed Didovic,https://apify.com/memo23/apify-ziprecruiter-scraper?fpr=youssef,email-finders,13,387,2.7,10,"Scrape public ZipRecruiter job listings in the US, Canada, the UK and Ireland: title, company, salary, benefits, workplace type and apply links. Many keywords and cities per run, only-new-jobs mode, Slack, Discord and Telegram alerts. JSON/CSV"
Dentist & Doctor Lead Scraper - Dental Practice Contacts,Sam Kleespies,https://apify.com/samstorm/dentist-lead-scraper?fpr=youssef,email-finders,13,327,,0,"Find dentists, orthodontists, doctors and clinics by city. Collect public business emails, phones, websites and source links. Multi-city searches, exclusions and verification evidence. Export CSV or use the n8n Google Sheets template. Store-tier discounts available"
Github Profile Scraper,SASWAVE,https://apify.com/saswave/github-profile-scraper?fpr=youssef,linkedin,13,267,,0,"GitHub User Profile Scraper. Extracts data from GitHub profiles, including followers, following, LinkedIn, Twitter, achievements and much more. Ideal for developers, researchers, and marketers. From a list of Github profile or a repository stargazers link"
Google Maps Scraper + AI Lead Generation & Outreach,buseta,https://apify.com/buseta/google-maps-scraper?fpr=youssef,google-maps,13,155,,0,"Scrape Google Maps businesses with emails, reviews, and social links. Let AI score every lead and write personalized cold emails for you. Choose your goal (web design, SEO, reputation or custom) and get ready-to-send outreach for every lead. Free email extraction. Export to CSV, Sheets, or CRM"
"Youtube Channel Scraper V2 [FAST] | Subs, Stats & Contact",Apizy,https://apify.com/apizy/youtube-channel-scraper-v2?fpr=youssef,social-leads,13,135,4.0,9,"Scrape YouTube channel subscribers, views, engagement rate, email, and social links - 2x faster than previous version. Transparent pay-per-success pricing -, only when it succeeds. Never charged for failures. 100 channels = No subscriptions, no hidden fees"
"Brazil Real Estate Scraper - Zap, VivaReal, ImovelWeb, OLX +",Ocrad,https://apify.com/ocrad/brazil-real-estate-scraper?fpr=youssef,brasil,13,96,,0,"Scrape Brazilian property listings from Zap Imóveis, Viva Real, Lugar Certo, ImovelWeb, OLX and Mercado Livre in one actor: prices, addresses, features, photos and sellers. Export JSON/CSV/Excel"
Extended GPT Scraper,Jakub Drobník,https://apify.com/drobnikj/extended-gpt-scraper?fpr=youssef,email-finders,12,1619,4.8,5,"Extract data from any website and feed it into GPT via the OpenAI API. Use ChatGPT to proofread content, analyze sentiment, summarize reviews, extract contact details, and much more"
Facebook User Search Scraper,Lexis Solutions,https://apify.com/lexis-solutions/facebook-user-search-scraper?fpr=youssef,social-leads,12,998,5.0,11,"The Facebook User Search Scraper can obtain public data of profiles given a profile URL or a name to search. You can use it as a Facebook user matcher, user finder, or user enricher to connect your apps"
Zillow Agents | Search | Detail pages | with Email Scraper,Muhamed Didovic,https://apify.com/memo23/apify-zillow-agents-cheerio?fpr=youssef,email-finders,12,638,5.0,7,Unlock the power of Zillow with automated agent profile scraping - gather key insights and data on real estate agents effortlessly
TikTok Comment API,Novi,https://apify.com/novi/tiktok-comment-api?fpr=youssef,social-leads,12,565,4.7,8,Super Fast TikTok Comment API. Seamlessly retrieve comments with speed and efficiency. You don't need to pay for proxy because we use our own
"Google Maps Scraper - Business Leads, Phones & Websites",Zebu Data,https://apify.com/delicious_zebu/google-maps-data-scraper?fpr=youssef,google-maps,12,436,4.8,31,"Scrape Google Maps business listings at scale - names, addresses, phones, websites, ratings, reviews, popular times, price, categories, coordinates & 48 fields. Search by keyword + location, paste Maps URLs, or look up a Place ID. Fast, browserless, no ~120-result limit"
YellowPages Scraper - USA Business Leads,Zebu Data,https://apify.com/delicious_zebu/yellowpages-usa-business-lead-scraper?fpr=youssef,directories,12,275,5,31,"Scrape YellowPages.com by keyword and location, or paste search URLs: business name, phone, email, website, address, categories, rating, review count, hours and claimed status. Build US business lead lists and export to CSV or Excel"
Verified Work Email Finder: LinkedIn URL or Name + Company,Parvenu,https://apify.com/parvenu/email-enrichment?fpr=youssef,email-finders,12,214,5,3,"Find verified work emails for one person or a whole list, from LinkedIn URLs or from names plus company name or domain. Results appear as each email is found. You only pay for emails found: each"
"BizBuySell Scraper - Businesses For Sale, Brokers, Emails",Muhamed Didovic,https://apify.com/memo23/apify-bizbuysell-cheerio?fpr=youssef,email-finders,12,169,5.0,6,"BizBuySell scraper for businesses for sale, franchises and brokers from search or listing URLs. Rows, asking price, cash flow, revenue, location and broker; listing details; verified contact emails each with email enrichment"
Investment Finance Professionals,John,https://apify.com/johnvc/SECInvestmentAdvisorContacts?fpr=youssef,email-finders,12,46,5.0,4,"Find and filter 250,000+ investment professionals and 15,000+ financial firms by location, firm name, and more. Get structured contact data with emails, LinkedIn profiles, and firm associations for lead generation and market research"
Instagram Location ID Finder,Seemu Scraping,https://apify.com/seemuapps/instagram-location-finder?fpr=youssef,social-leads,12,43,,0,"Find Instagram location IDs by place name or GPS coordinates - get the numeric location ID, Facebook Places ID, address, and coordinates for any place"
iFood Brazil Restaurants & Delivery Scraper,Latin America Data,https://apify.com/latinamericadata/ifood-restaurantes-brasil?fpr=youssef,brasil,12,38,,0,"Encontre restaurantes no iFood por cidade, localização e termo. Extraia categoria, avaliação, distância, disponibilidade e links para leads e BI. Exporte em JSON, CSV ou Excel e integre por API, webhooks e automações"
Avvo Scraper with Mails | US Lawyer Directory,Fatih Tahta,https://apify.com/fatihtahta/avvo-scraper?fpr=youssef,directories,11,1263,5,1,"Get verified US attorney profiles from Avvo.com including names, contacts, firms, ratings, practice areas, and locations. Build legal directories or power research tools with clean, structured data"
Facebook Groups Scraper,Caprolok,https://apify.com/caprolok/facebook-groups-scraper?fpr=youssef,social-leads,11,1154,3.9,2,"Efficiently extract data from public Facebook groups: access group and post URLs, post texts, timestamps, likes, comments count, and basic user info and much more. Download in JSON, CSV, Excel for easy analysis and integration in apps, spreadsheets, or reports"
Storeleads Scraper,SASWAVE,https://apify.com/saswave/storeleads-scraper?fpr=youssef,directories,11,708,5.0,4,"Storeleads scraper. Extract companies results from a search url. Get data about social network, name, monthly sales, visits, location, product sold, employees, technologies, trustpilot reviews, follower number, keywords, description and more"
"Yelp Scraper - Business Leads, Phones & Websites",Zebu Data,https://apify.com/delicious_zebu/yelp-advanced-business-scraper-pay-per-result?fpr=youssef,directories,11,570,5.0,28,"Scrape Yelp business data & leads at scale - names, ratings, reviews, contact info, hours, amenities, popular dishes, health scores, Q&A & more. Works for restaurants, services & any Yelp category. Pay per result, no subscription. Great for lead generation, market research & apps"
Upwork Job Scraper,Matthew James,https://apify.com/matthewjames/upwork-job-scraper?fpr=youssef,jobs-hiring-signals,11,544,4.9,8,"Scrape recent and relevant Upwork.com jobs, filter and only pay for what you need. Unauthed runs = no ban risk"
Twitter Profile Scraper,Pratik Dani,https://apify.com/pratikdani/twitter-profile-scraper?fpr=youssef,social-leads,11,526,1,1,"The **Twitter Profile Scraper** collects detailed information from any public Twitter profile. Enter the profile URL to retrieve data such as follower count, post details, and profile information. Ideal for tracking and analyzing Twitter activity"
Twitter Email Scraper,EasyApi,https://apify.com/easyapi/twitter-email-scraper?fpr=youssef,email-finders,11,465,1,1,"Effortlessly scrape email addresses from Twitter profiles! Find Twitter users matching your keywords and specific email domains. Perfect for lead generation, influencer marketing, and targeted outreach campaigns. Powered by stealth technology for reliable data collection"
Y Combinator Scraper - 5000+ Startups & 8000+ Founders,ClearPath,https://apify.com/clearpath/ycombinator-api-scraper?fpr=youssef,jobs-hiring-signals,11,409,4.3,2,"Extract complete Y Combinator ecosystem data - 5000+ companies, 8000+ founders, 3500+ jobs. Perfect for VCs, recruiters, and researchers. Get startup intelligence, funding trends, team data, and job listings. Reliable Python scraper with proxy support. Start"
Truecaller Scraper API - Extract Phone & Contact Data,Brennan Crawford,https://apify.com/fresh_cliff/truecaller-scraper-api?fpr=youssef,email-finders,11,402,1,2,"Extract phone numbers, contact information, caller ID data from Truecaller. Real-time contact intelligence with mirror fallbacks. Export to JSON/CSV. Monitor spam calls, track phone data, analyze contacts. Fast requests + BeautifulSoup scraper"
Checkatrade Scraper,VulnV,https://apify.com/vulnv/checkatrade?fpr=youssef,email-finders,11,284,5,1,"Scrape Checkatrade business listings with this Apify actor. Extract data like company names, reviews, ratings, contact details, and more - ideal for lead generation, market research, or competitor analysis"
Pitchbook Companies Scraper,Pratik Dani,https://apify.com/pratikdani/pitchbook-companies-scraper?fpr=youssef,other-lead-sources,11,260,1,1,"PitchBook Company Profile Scraper actor scrapes detailed company information from PitchBook company profile pages. It extracts comprehensive data including company details, social media presence, financial information, competitors, and frequently asked questions"
Fast Instagram Location Scraper API,API Dojo,https://apify.com/apidojo/instagram-location-scraper-api?fpr=youssef,social-leads,11,171,4.1,7,"Instagram Location Scraper API - extract geo-tagged posts, GPS coordinates, and engagement data at 100-200 posts/sec. (50 FREE). 50, no login or proxies. Ideal for local marketing, tourism, retail, and real estate using Instagram location data at scale"
immobilienscout24 scraper,Azzouzana,https://apify.com/azzouzana/immobilienscout24-de-properties-pages-scraper?fpr=youssef,other-lead-sources,11,159,5,1,"Scrape immobilienscout24.de properties pages with this NO-CODE tool! Extract info fast and export to JSON, CSV, Excel, or API. Just paste properties URLs and get your data. Blazing speed, affordable pricing, and effortless insights await. Start today and supercharge your workflow!"
Dealroom Scraper,SASWAVE,https://apify.com/saswave/dealroom-scraper?fpr=youssef,enrichment-verification,11,158,,0,"Dealroom company scraper. Collect data from companies using their url / domain name. Dealroom web crawler extract data about social networks, similarweb website traffic, funding rounds, investments, team members, KPI revenues and more"
Product Hunt Scraper for Launch & Maker Leads,scraping automation,https://apify.com/runtime/producthunt-scraper?fpr=youssef,other-lead-sources,11,146,5.0,1,"Scrape Product Hunt launches, makers, hunters, websites, social links, comments, reviews, upvotes, rankings, and startup lead signals"
LinkedIn jobs scraper (job publishers info incl.),Sambzh,https://apify.com/sbzh/linkedin-jobs-scraper-publishers?fpr=youssef,linkedin,11,138,5.0,4,"With this LinkedIn jobs scraper, get LinkedIn jobs data in real-time, including publishers information when available. Choose geographic zone, contract, level of experience or LinkedIn companies to get job offers that match with your need. One of the best LinkedIn jobs scraper. Feel free to try !"
Multi Board Job Scraper,SilentFlow,https://apify.com/silentflow/all-jobs-scraper-ppe?fpr=youssef,jobs-hiring-signals,11,106,5.0,1,"Extract 50,000+ job listings from Indeed, LinkedIn, Glassdoor, ZipRecruiter, and Bayt in one API call. Get 50+ data fields per job: salary ranges, company ratings, emails, phones, social links, skills, and apply URLs. Currency conversion, cross-platform dedup, 70+ countries"
Land.com Search [Bypass Limits][PPE] · Emails,Muhamed Didovic,https://apify.com/memo23/land-search-cheerio-ppr?fpr=youssef,email-finders,11,93,5,7,"Unlock the full potential of Land.com with this powerful scraper! Efficiently extract detailed property listings, including prices, acreage, media, and descriptions, to save time and make data-driven decisions. Perfect for real estate pros, investors, and researchers!"
Company Firmographics: Employees Industry HQ Revenue Clay,Mamba Labs,https://apify.com/mambalabs/company-firmographic-enricher?fpr=youssef,b2b-databases,11,40,,0,"Domain to structured company firmographics: employee band, industry, HQ, founded year, revenue estimate, logo, and description from schema.org JSON-LD and meta tags. Flat JSON, Clay ready, with source provenance"
VivaReal Property Scraper - Brazil Real Estate Data,Muhamed Didovic,https://apify.com/memo23/vivareal-property-scraper?fpr=youssef,brasil,11,39,,0,"Scrape property listings from VivaReal Brazil - search any city or neighborhood, for sale or rent. Every row has price, condo fee, IPTU, bedrooms, bathrooms, area, amenities, full address with geo coordinates, all photos and the advertiser. Fast JSON API, no page limits. JSON/CSV/Excel"
"Apple Maps API | Places, Guides, Local Search & Refinements",John,https://apify.com/johnvc/apple-maps-api?fpr=youssef,other-lead-sources,11,25,5.0,3,"Scrape Apple Maps and extract local business listings, place details, curated guides, and refinement filters in one Actor. Phone, ratings, reviews, hours, address, GPS, amenities, multi-source ratings. City-name or coordinate targeting. Pay per result. MCP-ready for Claude, ChatGPT, Cursor"
"Shopify Store Leads Scraper - Emails, Apps & Store Size",Blackcube,https://apify.com/vonsensey/shopify-store-leads-scraper?fpr=youssef,email-finders,11,24,,0,"Find and qualify Shopify stores. Each lead carries the contact email, socials, country, currency, product and collection counts, theme, installed apps, price band, and the date the store last published a product - so you can tell a live brand from a dead one. Pay per store"
"Shopee Brasil Scraper - Produtos, Preços, Vendidos e Lojas",MoreLock,https://apify.com/paulovitor18/shopee-brasil-produtos?fpr=youssef,brasil,11,24,,0,"Veja preço, desconto e reputação da loja de cada produto da Shopee Brasil. Busque por palavra-chave ou URL de loja e receba preço (marcando quando é no Pix), nota, cidade de envio, loja com nota e avaliações e vendidos com período quando a Shopee publica. Sem login. Pague por resultado"
"Extract Emails, Socials and Contacts from Any Website",Goldmine,https://apify.com/logical_scrapers/extract-email-from-any-website?fpr=youssef,email-finders,10,2458,5.0,8,"(fastest) An advanced Actor for extracting email addresses, social links and contact details from websites. This tool is perfect for web scraping, contact collection, and lead generation"
Facebook Group Posts and Details Scraper,Muhamed Didovic,https://apify.com/memo23/apify-facebook-group-scraper?fpr=youssef,social-leads,10,525,1.3,2,"Scrape public Facebook groups: posts, author details, comments and engagement metrics, plus optional Marketplace listing data. Filter by date or keyword, or run it on a schedule for social listening, trend analysis, lead generation and competitor research. No login or cookies needed"
lead scraper (email),Luffy,https://apify.com/coder_luffy/lead-scraper-email?fpr=youssef,email-finders,10,465,5.0,5,"Lead Scraper (Email) generates targeted business leads from any keyword. Get emails, phone numbers, websites, addresses, and more - perfect for B2B marketing, outreach, and lead generation. Fast, accurate, and easy to use"
LinkedIn Company Search Scraper,PowerAI,https://apify.com/powerai/linkedin-company-search-scraper?fpr=youssef,linkedin,10,453,1.8,2,"Extract company information from LinkedIn with detailed metadata including company profiles, size, industry, and more. Perfect for market research, competitor analysis, and business development"
Gelbe Seiten Scraper - German Business Directory,Frederic,https://apify.com/plowdata/gelbe-seiten?fpr=youssef,directories,10,425,5.0,8,"Extract German business leads and company information from Gelbe Seiten (gelbeseiten.de). Collect emails, phone numbers, addresses, reviews, and rich listing data. Export to CSV, Excel, JSON, or integrate into automation workflows"
Yelp Business Info Scraper,Zebu Data,https://apify.com/delicious_zebu/yelp-business-info-scraper?fpr=youssef,directories,10,416,4.7,31,"Turn Yelp business URLs into complete records: rating and star breakdown, review count, hours, phone, website, address with coordinates, photos, menu, popular items, services, community Q&A, health inspections and verified licenses"
HTML Scraper pro,scrapingxpert,https://apify.com/scrapingxpert/html-scraper-pro?fpr=youssef,other-lead-sources,10,410,5,1,"The HTML Scraper Pro is a powerful tool designed to extract the HTML source code and metadata from websites. It uses advanced web scraping techniques to retrieve the full HTML content of web pages,page title and HTTP status code.This tool is ideal for data extraction, website analysis, and archiving"
eBay Scraper (Pay Per Result),Gen First,https://apify.com/ivanvs/ebay-scraper-pay-per-result?fpr=youssef,other-lead-sources,10,401,3,1,"Extract data from classified advertisements on eBay. Scrape any category of items that are being sold on eBay. Download listings data in JSON, XML, Excel, and other versatile formats"
"Facebook Meta Ad Leads (Email, Phone & More)",Iñigo Garcia Olaizola,https://apify.com/igolaizola/facebook-ad-leads?fpr=youssef,email-finders,10,382,2.8,4,"Facebook Meta advertiser scraper for lead generation, prospecting, and market research. Find businesses by keyword and get names, websites, social profiles, phones, addresses, categories, and emails. Export structured results as JSON, CSV, or Excel, or connect through the API and MCP"
Linkedin Company Profile Id To Slug Finder,ScrapeVerse,https://apify.com/scrapeverse/linkedin-company-profile-id-to-slug-finder?fpr=youssef,linkedin,10,328,,0,"This is a utility Actor, it can help you to find slug based url by entering id based company profile url. Which can be used in Linkedin Company Profile Scraper to scrape company profile"
"Indeed Company: Reviews, Interview, Salary, Jobs, About Scraper",Muhamed Didovic,https://apify.com/memo23/apify-indeed-reviews?fpr=youssef,jobs-hiring-signals,10,290,3.7,10,"Unlock 360° workforce intelligence - scrape reviews, salaries, jobs, interviews, company profiles, and cultural metrics from Indeed in one click. Transform raw data into recruitment strategies, competitive analysis, and market trends with enterprise-grade HR analytics"
Linkedin Keyword Posts Urls Scraper,SaSkY,https://apify.com/sasky/linkedin-keyword-posts-urls-scraper?fpr=youssef,linkedin,10,259,,0,Scrapes Linkedin posts URLs related to a given keyword
Linkedin Sales Navigator,Data LinkMiner,https://apify.com/data_link_miner/linkedin-sales-navigator?fpr=youssef,linkedin,10,226,5,1,The scraper extract Leads & Accounts from Sales Navigator search URLs. This actor extracts prospects (Leads) and companies (Accounts) directly from LinkedIn Sales Navigator search URLs
Zalando [] Scraper (PPE),Muhamed Didovic,https://apify.com/memo23/zalando-scraper?fpr=youssef,other-lead-sources,10,183,4.9,15,"This actor allows you to scrape Zalando product listings and get important details such as product name, price, brand, sizes, availability, images, and more. It is useful for gathering fashion product data from Zalando for analysis, market research, or competitive analysis"
BBB Scraper,The Howlers,https://apify.com/alizarin_refrigerator-owner/bbb-scraper?fpr=youssef,directories,10,171,,0,"Scrape Better Business Bureau (BBB) business profiles, ratings, complaints, reviews, and accreditation data. Get comprehensive trust signals and reputation data for any business"
TikTok [] Ad Library & Hashtag Trends Scraper,Muhamed Didovic,https://apify.com/memo23/tiktok-ads-scraper-cheerio?fpr=youssef,social-leads,10,150,5,1,"TikTok ads scraper: pull Creative Center Top Ads and the EU Ad Library in one actor. Export CTR, likes, comments, shares, cost score, campaign objective, industry, landing page and MP4 video URLs in five resolutions. Optional per-ad audience targeting and reach"
Telegram Similar Channels Finder,akula.marketing,https://apify.com/akula.marketing/Telegram-Get-Recommended-Channels?fpr=youssef,social-leads,10,123,5,1,Find similar public Telegram channels by subscriber overlap. Discover competitors and niche communities from one seed channel username
Reddit [] Posts | Users | Scraper,Muhamed Didovic,https://apify.com/memo23/reddit-scraper?fpr=youssef,social-leads,10,59,5,4,"[] A no-auth Reddit API alternative - scrape posts & full comment threads from public JSON: site-wide & subreddit search, feed browse, date filters, NSFW toggle, phrase match, proxy rotation. Works in Claude, Cursor & ChatGPT via Apify's MCP"
Imovirtual Scraper,Automation Lab,https://apify.com/automation-lab/imovirtual-scraper?fpr=youssef,brasil,10,44,5,1,"Scrape Imovirtual property listings for repeatable Portugal real-estate market research. Extract price, location, property type, area, rooms, agent info, photos, and listing URLs"
Google Shopping Lite API,John,https://apify.com/johnvc/google-shopping-lite-api?fpr=youssef,other-lead-sources,10,14,5,5,"Search Google Shopping in bulk and get one row per product - price, retailer, rating, delivery, and link - for fast e-commerce price monitoring. Send many search terms at once, target a country and language. Pay per product. MCP-ready for Claude and AI agents"
"Leads Finder with url [like apollo, linkedIn]",Olympus,https://apify.com/olympus/b2b-leads-finder-rental?fpr=youssef,linkedin,9,699,3.8,21,Extract leads from your favorite b2b platforms using just URL like apollo linkedIn
Instagram Message Sender,clothe fobia,https://apify.com/clothefobia/instagram-message-sender?fpr=youssef,social-leads,9,322,,0,Instagram Message Sender- Send message to any instagram userid
Glassdoor Job Listings Scraper,SilentFlow,https://apify.com/silentflow/glassdoor-jobs-scraper-ppr?fpr=youssef,jobs-hiring-signals,9,303,1,1,"Extract Glassdoor job listings with salary ranges, company ratings, remote status, and 30+ structured fields per job. Search across 23 countries with filters for job type, seniority, remote work, salary range, industry, and company size. Multi-keyword search with automatic deduplication included"
Apartments [/w EMAILS] US and Canada | Search | Property,Muhamed Didovic,https://apify.com/memo23/apify-apartments-cheerio?fpr=youssef,email-finders,9,174,5.0,10,"Effortlessly scrape comprehensive property data from Apartments.com, including detailed listing info, rental pricing, amenities, and high-quality images - giving you unparalleled insights and saving countless hours of manual work"
SAM.gov Contract Opportunities Scraper - Federal Contracts,BowTiedRaccoon,https://apify.com/jungle_synthesizer/samgov-scraper?fpr=youssef,other-lead-sources,9,172,1,2,"Federal contract opportunities from SAM.gov: government contracts and bids (solicitations, sources sought, awards) with their bid documents, exclusion records (debarment list), wage determinations, and assistance listings. Filter by keyword, NAICS code, notice type, set-aside, agency, and state"
Global Influencer Discovery,PowerAI,https://apify.com/powerai/influencer-filter-api-scraper?fpr=youssef,social-leads,9,166,1.2,3,"Discover influencers for SEO outreach, partnerships, and market research across 3,600,000+ profiles in 211 countries"
Youtube Comments [] Scraper [with replies],Muhamed Didovic,https://apify.com/memo23/youtube-comments-scraper?fpr=youssef,social-leads,9,138,5.0,12,"No limits, no quotas, unlimited extraction. Extract YouTube comments from any video with full comment text, reply threads, author details, vote counts, posting dates, and video metadata. Download in JSON, CSV, and Excel"
Instagram Direct Messages (DMs) Automation,NoSite,https://apify.com/am_production/instagram-direct-messages-dms-automation?fpr=youssef,social-leads,9,135,5,10,"Bulk-send Instagram DMs from a spreadsheet-simple input. Cookie login, no API keys, 99.9% success rate on 900+ runs/mo. New pay-per-event pricing: +. Rental model still available email ahmedemad9112@gmail.com"
LinkedIn Jobs Scraper - Salary & Recruiter Data,FlowExtract API,https://apify.com/dz_omar/linkedin-jobs-scraper?fpr=youssef,linkedin,9,86,4.6,14,"Scrape LinkedIn job postings in bulk - title, company, exact posting date, location, salary range parsed to min/max, seniority, employment type, industry, applicant count, full description, and the recruiter who posted the job. Pay per job returned, with no per-run startup fee. No login needed"
Catho Jobs Scraper,Shahid Irfan,https://apify.com/shahidirfan/Catho-Jobs-Scraper?fpr=youssef,brasil,9,43,5.0,2,"Unlock Brazil’s largest employment database with this high-performance crawler. Instantly extract detailed job listings, salary ranges, and company profiles from Catho. Perfect for recruitment intelligence and market analysis, this tool delivers structured, reliable data at scale"
QuintoAndar Scraper | Fast & Reliable,Fatih Tahta,https://apify.com/fatihtahta/quintoandar-scraper?fpr=youssef,brasil,9,31,,0,"Extract structured Brazil property listings from QuintoAndar Imoveis with pricing, locations, seller details, media assets, and contact data. Built for enterprise-grade Brazil real estate intelligence, listing monitoring, lead enrichment and automated analytics pipelines"
Magazine Luiza Brazil Product & Price Scraper,Latin America Data,https://apify.com/latinamericadata/magazine-luiza-brasil?fpr=youssef,brasil,9,25,,0,"Extraia produtos, preços, estoque, sellers, avaliações e imagens do Magazine Luiza. Scraper e API para pricing, catálogo e inteligência de ecommerce. Exporte em JSON, CSV ou Excel e integre por API, webhooks e automações"
Yelp Search API,John,https://apify.com/johnvc/yelp-search-api?fpr=youssef,directories,9,23,5.0,4,"Scrape Yelp search results - ranked local business listings with name, categories, star rating, and review count. Search by location and term or paste a Yelp search URL. Filter by category, sort by rating or review count, paginate, and get the place IDs that feed the Details and Reviews APIs"
Amazon Brazil Product & Price Data Scraper,Latin America Data,https://apify.com/latinamericadata/amazon-brasil?fpr=youssef,brasil,9,17,,0,"Extraia produtos da Amazon Brasil com ASIN, preços, avaliações, Prime e links. Scraper para pesquisa de mercado, pricing e monitoramento de ofertas. Exporte em JSON, CSV ou Excel e integre por API, webhooks e automações"
Yelp Business Details API,John,https://apify.com/johnvc/Yelp-Place-API?fpr=youssef,directories,9,16,5,3,"Scrape full Yelp business profiles from business URLs or place IDs - name, rating, reviews, price, categories, phone, address, website, hours, amenities, popular dishes, photos, and review highlights. Optional full menu extraction. Batch many businesses per run"
Shopee Search & Product Scraper - Southeast Asia & Brazil,Axery,https://apify.com/axery/shopee-scraper?fpr=youssef,brasil,9,16,,0,"Fast HTTP-only scraper for Shopee. Search products by keyword, category, or URL across Indonesia, Singapore, Malaysia, Philippines, Thailand, Vietnam, and Brazil. Extract price, discount, rating, sales, and seller info"
LinkedIn Company Posts Scraper,Stable,https://apify.com/lightmoon/linkedin-company-posts-scraper?fpr=youssef,linkedin,9,15,,0,"Scrape posts from any LinkedIn company page or person to CSV or JSON: full text, exact publication time, reactions, comment counts, media and optional comment text. No login, no cookie. A date filter makes a repeat run pay only for what is new"
"Kwai Scraper (Kuaishou Brazil) - Search, Hashtags & Creators",Zen Studio,https://apify.com/zen-studio/kwai-search-scraper?fpr=youssef,brasil,9,11,,0,"Scrape Kwai (Kuaishou) videos by keyword, hashtag or creator. 100+ fields per video: views, likes, comments, shares, direct MP4 and cover URLs, music, duration and full creator profile. Goes far deeper than Kwai's own search, which stops at ~20 results. No login. Export to JSON, CSV or Excel"
Linkedin Email Scraper,EasyApi,https://apify.com/easyapi/linkedin-email-scraper?fpr=youssef,email-finders,8,1347,3.4,6,"Effortlessly scrape email addresses from LinkedIn profiles! Find professionals matching your keywords and specific email domains. Perfect for lead generation, recruitment, and B2B outreach campaigns. Powered by stealth technology for reliable data collection"
TikTok & YouTube & Loom Transcript Extractor & Video Downloader,Muhamed Didovic,https://apify.com/memo23/tiktok-transcript-extractor-cheerio?fpr=youssef,social-leads,8,563,3.0,11,"Transcripts from TikTok, YouTube (incl. Shorts and Live) and Loom videos as text, WebVTT and SRT, with video details. Whisper AI for videos without captions, optional MP4 download. Pay only for delivered transcripts: private or unsupported links cost nothing. Mix platforms in one run"
"YouTube Email Scraper (Profile, Website, Social, Email)",Rush,https://apify.com/futurizerush/youtube-email-scraper?fpr=youssef,email-finders,8,539,2.2,5,"Find publicly available YouTube channel contact info for outreach and research. Provide channel URLs or search by keyword to collect business emails, website links, social profiles, and channel stats from public channel pages and linked websites"
Google Map Business Scraper,Goldmine,https://apify.com/logical_scrapers/google-map-business-scraper?fpr=youssef,google-maps,8,523,4.9,3,"Scrapes business information from Google Maps including name, address, phone, website, ratings, opening Hours and more"
Social Media Posts Extractor,Caprolok,https://apify.com/caprolok/social-media-posts-extractor?fpr=youssef,linkedin,8,325,,0,"Effortlessly extract posts from Instagram, TikTok, YouTube, LinkedIn, and Twitter. Search by specific keywords and locations to quickly get structured results, including usernames, captions, engagement stats, and direct post links. Ideal for marketers, creators, and researchers"
Facebook Profiles & People Search Scraper,Storm_Scraper,https://apify.com/scrapestorm/facebook-profiles-people-search-scraper?fpr=youssef,social-leads,8,277,5,2,"Extract Public Facebook Profile Data using usernames / keywords! Collect names, profile pictures, and URLs easily. Download results in JSON, CSV, or Excel for smooth use in apps, reports, or spreadsheets. Ideal for research, outreach, lead generation, and analysis"
Instagram Analytics Tool,Rigel Bytes,https://apify.com/rigelbytes/instagram-analytics-tool?fpr=youssef,social-leads,8,232,,0,"Uncover real influencer impact with the Instagram Engagement Tool. Analyze unlimited public profiles to get engagement rates on likes, comments, and views. Go beyond follower counts!"
"Fast Yelp Business Scraper API | Ratings, Contact & Amenities",Agents,https://apify.com/theagents/yelp-business?fpr=youssef,directories,8,205,5.0,7,"Extract Yelp business profiles, ratings, operating hours, amenities, and contact details. 30+ fields per business. No Yelp API key needed. Pay per result"
Small Business Leads & Federal Contractor List - SBA DSBS,BowTiedRaccoon,https://apify.com/jungle_synthesizer/sba-crawler?fpr=youssef,email-finders,8,117,,0,"Build a small business lead list or federal contractor list from 450k+ verified businesses in the SBA Dynamic Small Business Search (DSBS). Includes contact details, 8(a) and HUBZone certifications, NAICS codes, and addresses across all 50 U.S. states"
Consulta CNPJ em Lote - Dados da Receita Federal,MoreLock,https://apify.com/paulovitor18/cnpj-bulk-lookup?fpr=youssef,brasil,8,111,,0,"Consulte dados completos de empresas brasileiras pelo CNPJ em lote, por lista ou CSV. Razão social, sócios (QSA), endereço, CNAE, situação cadastral, regime tributário (Simples Nacional ou Lucro Real/Presumido, quando a Receita publica) e score de risco automático. Dados oficiais da Receita Federal"
Brazil Real Estate Scraper - VivaReal & ZAP Imóveis,BowTiedRaccoon,https://apify.com/jungle_synthesizer/brazil-vivareal-zap-imoveis-scraper?fpr=youssef,brasil,8,106,,0,"Scrape Brazilian real estate listings from VivaReal and ZAP Imoveis. Extract sale and rental properties with price, IPTU, condo fee, area, bedrooms, address, lat/lon, amenities, and publisher contact"
ImmoScout24 ImmobilienScout24 Scraper (API) Lite - Monitor,ClearPath,https://apify.com/clearpath/immoscout24-api-lite?fpr=youssef,social-leads,8,101,5,1,"Neue ImmoScout24-Inserate in Echtzeit per Telegram-Alert: sei der Erste beim Vermieter. Schnelles Monitoring von Miet- & Kaufobjekten, deutschlandweit. Bis zu 90 % günstiger als Browser-Scraper. Ideal für die Wohnungssuche. Export als CSV, JSON oder Excel"
Kijiji Scraper,Gen First,https://apify.com/ivanvs/kijiji-scraper?fpr=youssef,jobs-hiring-signals,8,97,,0,"Extract data from classified advertisements on Kijiji. Scrape details from jobs, housing, items wanted, items for sale, services, cars and trucks listed on Kijiji. Download listings data in JSON, XML, Excel, and other versatile"
Reclame Aqui Scraper - Reputação de Empresas BR,MoreLock,https://apify.com/paulovitor18/reclameaqui-scraper?fpr=youssef,brasil,8,80,,0,"Consulte nota, reputação, índice de solução e total de reclamações de qualquer empresa no Reclame Aqui, em lote. Cole o identificador ou a URL do perfil da empresa. Para due diligence, análise de fornecedor e monitoramento de marca. Empresa não encontrada não entra no resultado e não é cobrada"
Dribbble Designer Scraper,EasyApi,https://apify.com/easyapi/dribbble-designer-scraper?fpr=youssef,jobs-hiring-signals,8,79,,0,"Effortlessly scrape Dribbble designer profiles! Based on keyword searches, collect usernames, profile URLs, professional status, skills, and meta tags. Perfect for recruiters, agencies, and researchers to quickly discover and understand designers with specific expertise on Dribbble"
LinkedIn Profile Scraper - Profiles & Your Own Connections,Muhamed Didovic,https://apify.com/memo23/linkedin-profile-scraper?fpr=youssef,linkedin,8,77,5,4,"Scrape LinkedIn profiles for name, headline, full work history, education and skills. Paste profile URLs, or flip one toggle to export your own first-degree connections and scrape every one - no 1,000-result cap. Clean JSON, CSV or Excel, no monthly rental"
OLX Brasil Scraper,Gio,https://apify.com/gio21/olx-scraper?fpr=youssef,brasil,8,68,5.0,3,"Scrape classified ads from OLX Brasil (olx.com.br) by keyword, category, and state. Extract title, price, location, images, seller info, and ad properties. Pay per result"
Yelp Reviews API and MCP,John,https://apify.com/johnvc/Yelp-Reviews-API?fpr=youssef,directories,8,15,4.2,5,"Scrape Yelp reviews from a business URL or place ID - rating, full review text, date, reviewer name and stats, photos, owner replies, and helpful votes. Sort by date or rating, filter by stars, search within reviews, and paginate"
Instagram Hashtag Scraper,Seemu Scraping,https://apify.com/seemuapps/instagram-hashtag-scraper?fpr=youssef,social-leads,8,15,,0,"Scrape top posts and Reels from any public Instagram hashtag. captions, engagement counts, author profiles, and media URLs"
Instagram Follower Scraper,bhansalisoft,https://apify.com/bhansalisoft/instagram-follower-scraper?fpr=youssef,social-leads,7,2334,4.6,6,"Scrape Instagram followers from Instagram profiles in bulk. Extract usernames, names, profile URLs, profile pictures and account data for research, analytics and marketing"
YouTube Email Extractor - Fast & cheap,Storm_Scraper,https://apify.com/scrapestorm/youtube-email-extractor---fast-cheap?fpr=youssef,email-finders,7,1038,2.5,26,"Extract emails from YouTube quickly! Search by keywords, email domains, and scrape unlimited emails. Filter by domains like Gmail, Yahoo, or custom options. Get accurate email lists with YouTube source links. Start now and unlock endless possibilities for outreach!"
All-in-One Social Media Email Scraper,EasyApi,https://apify.com/easyapi/all-in-one-social-media-email-scraper?fpr=youssef,email-finders,7,846,2.9,4,"Discover emails across 30+ social platforms! Extract contact info from Facebook, Twitter, LinkedIn, and more. Perfect for lead gen, influencer outreach, and market research. Fast, efficient, and proxy-enabled. Boost your networking and marketing efforts today!"
Google Maps Email Leads Fast Scraper,Miso,https://apify.com/xmiso_scrapers/google-maps-email-leads-fast-scraper?fpr=youssef,google-maps,7,396,4.5,10,Finally scraper which delivers emails and social links for found businesses on google maps. No need to combine other actors. Try it now!
Instagram Profile Scraper Pro (pay per result),Powerful Bachelor,https://apify.com/powerful_bachelor/instagram-profile-scraper-pro-pay-per-result?fpr=youssef,social-leads,7,323,,0,"Instagram Profile Scraper Pro lets you effortlessly track Instagram profiles, including followers, engagement rate, average likes, and more! Perfect for gaining insights, monitoring competitors, and boosting your strategy. Export data in formats like JSON, CSV, and Excel"
Zoominfo Companies Scraper,Pratik Dani,https://apify.com/pratikdani/zoominfo-companies-scraper?fpr=youssef,b2b-databases,7,269,,0,"The ZoomInfo Company Profile Scraper is designed to extract detailed information from valid ZoomInfo company profiles. This tool automates the process of gathering essential company data, making it easier for users to analyze and utilize the information for various purposes"
Instagram Comment Scraper,Muhammet Akkurt,https://apify.com/muhammetakkurtt/instagram-comment-scraper?fpr=youssef,social-leads,7,234,4.9,5,"Scrape comments from Instagram posts effortlessly. This actor collects usernames, comment content, timestamps, user IDs, profile pictures, like counts, and more. Ideal for social media analysis, sentiment tracking, and engagement monitoring. Easy to use with customizable depth and sort settings"
Uber Eats Menu Scraper,SIÁN OÜ,https://apify.com/sian.agency/uber-eats-menu-scraper?fpr=youssef,other-lead-sources,7,212,5,2,"Uber Eats menu scraper. Paste one or more Uber Eats restaurant URLs and get the full menu as structured rows - restaurant name, shop ID, menu sections, dish names, descriptions and prices. Bulk URL input, clean JSON and CSV export, no account or API key needed"
Fast Google Maps Business Scraper API | Full Profiles & Data,Agents,https://apify.com/theagents/google-maps-business?fpr=youssef,google-maps,7,173,5,7,"Extract comprehensive business profiles from Google Maps with lightning speed. Our scraper delivers complete company data including contact info, hours, ratings, and amenities. Perfect for building databases, market research, and competitive analysis across Google's vast business ecosystem"
LinkedIn Jobs Scraper (No Login Required),Zebu Data,https://apify.com/delicious_zebu/linkedin-jobs-scraper-no-login-required?fpr=youssef,linkedin,7,156,5,27,"Extract LinkedIn job listings without logging in - title, company, salary, absolute post date, logo and full description. Filter by keyword, location, radius, company, date posted, Easy Apply and applicant count, paste a LinkedIn search URL, and pull past LinkedIn's 1000-result cap"
Kleinanzeigen.de Scraper (Richest output),Muhamed Didovic,https://apify.com/memo23/kleinanzeigen-search-cheerio?fpr=youssef,other-lead-sources,7,140,5.0,4,"Extract detailed listings from Kleinanzeigen.de, saving you time by automating data collection for property, product, and service ads. It helps in market analysis, competitor research, and lead generation, providing accurate and timely insights from one of Germany's largest classifieds platforms"
Zillow Scraper,FlowExtract API,https://apify.com/dz_omar/zillow-scraper?fpr=youssef,other-lead-sources,7,84,5,1,"Scrape Zillow listings by location or search URL for sale, for rent, or recently sold. Get price, address, beds, baths, size, Zestimate, tax value, agent and every photo, with large areas handled automatically"
domain.com.au,FlowExtract API,https://apify.com/dz_omar/domain-scraper?fpr=youssef,enrichment-verification,7,71,5,2,"Scrape property listings from domain.com.au prices, agent contacts, nearby schools, market insights, images & floor plans. Input any search URL with filters. Full enrichment via property-details API"
Snapchat Ads Scraper,Lexis Solutions,https://apify.com/lexis-solutions/snapchat-ads-scraper?fpr=youssef,other-lead-sources,7,65,3.4,6,Extract data from ads shown on the Snapchat platform. Download and analyze data from the Snap Ads Gallery for competitive analysis
Idealista | Spain |Italy| Portugal | Richest Output | PPE V2,Muhamed Didovic,https://apify.com/memo23/idealista-scraper-rental?fpr=youssef,brasil,7,60,5,3,"Extract comprehensive property data from Idealista.com: prices, locations, images, agent contacts, property features (rooms, bathrooms, amenities), detailed descriptions in multiple languages, and market insights. Perfect for real estate analysis, investment research, and market monitoring across EU"
Messe Berlin Exhibitor List Scraper,Skython,https://apify.com/skython/messe-berlin-exhibitor-list-scraper?fpr=youssef,b2b-databases,7,55,5.0,2,"Extract complete exhibitor lists from Messe Berlin trade shows - ITB Berlin, Spielwarenmesse, Fruit Logistica, IAA Transportation, SMM-Hamburg, Internorga, and more. Collect company details, social media links, and contact persons for B2B lead generation, sales prospecting, and event networking"
Brazil Court Scraper - Lawyer Caseloads & Case Tracking,BowTiedRaccoon,https://apify.com/jungle_synthesizer/brazil-jusbrasil-court-scraper?fpr=youssef,brasil,7,52,5,1,"Track Brazilian court cases three ways: by a lawyer's OAB registration, by process number, or by case-law keyword. Returns parties, counsel with OAB, procedural class, judging body, filing date and dated movements. Built for tracking active and ongoing cases, including matters with no ruling yet"
OLX Portugal Scraper,Marco Rodrigues,https://apify.com/dadhalfdev/olx-portugal-scraper?fpr=youssef,brasil,7,45,,0,"Scrape OLX Portugal (olx.pt) with your search URL and filters. Export structured listings: price, currency, city/region, photos, seller signals, promotions, and category params - site-accurate sort and pagination, up to 1k items per run for research or alerts"
"LinkedIn Profile Scraper - No Login, JSON & CSV",Anas Nadeem,https://apify.com/whoareyouanas/linkedin-profile-actor?fpr=youssef,linkedin,7,41,,0,"Scrape public LinkedIn profiles from URLs or usernames. Extract names, headlines, company, experience, education and skills to JSON or CSV. No account cookies required"
"Tweet Scraper - Twitter / X Tweets by Username, URL or ID",Goutam Soni,https://apify.com/goat255/twitter-tweet-scraper?fpr=youssef,social-leads,7,36,5,1,"Bulk tweet scraper for Twitter / X: pull tweets by username, tweet URL or tweet ID, with no API key and no login. Get text, media, engagement counts, language and reply or retweet flags. Great for sentiment analysis, brand monitoring and content research. One clean row per tweet"
Reclame Aqui Scraper,BowTiedRaccoon,https://apify.com/jungle_synthesizer/reclame-aqui-scraper?fpr=youssef,brasil,7,34,1,1,"Scrape company reputation data from Reclame Aqui (reclameaqui.com.br) - Brazil's leading consumer complaints platform. Extract reputation score, complaint count, response rate, resolution rate, and recent complaints by company name or direct URL"
"US Contractor Leads - Electricians, Plumbers & HVAC",Muhamed Didovic,https://apify.com/memo23/us-home-services-contractor-leads?fpr=youssef,email-finders,7,31,,0,"License-verified electrician, plumber and HVAC contractor leads from official US state licensing boards. FL, LA, NC, CA, OH and WA - six states in one run. Business name, license number, status, address, phone and opt-in email. Active licensees only"
GeBIZ Singapore Government Tender Scraper,BowTiedRaccoon,https://apify.com/jungle_synthesizer/gebiz-procurement-scraper?fpr=youssef,email-finders,7,30,1,1,"Extract Singapore government tenders from GeBIZ - tender ID, agency, category, closing date, contact person, and email for open procurement opportunities"
Gupy Brazil Jobs & Vacancies Data Scraper,Latin America Data,https://apify.com/latinamericadata/gupy-vagas-brasil?fpr=youssef,brasil,7,29,,0,"Encontre vagas publicadas na Gupy por termo, estado e modelo de trabalho. Extraia cargo, empresa, local, descrição e links para análise de empregos. Exporte em JSON, CSV ou Excel e integre por API, webhooks e automações"
Brazil CNPJ Legal Processes Scraper Lawsuits & Litigation Risk,BrasilDados.org - API e Data as a Service,https://apify.com/brasildados/cnpj-lawsuits-check?fpr=youssef,brasil,7,26,5,1,"Brazilian company lawsuit risk summary by CNPJ, with aggregated statistics for due diligence, batch screening, API workflows and scheduled monitoring. Structured results support downloads and integrations. | Resumo de risco litigioso por CNPJ para triagem e diligência"
ChavesNaMão Scraper - Brazil Property Data & API,SIÁN OÜ,https://apify.com/sian.agency/chavesnamao-property-scraper?fpr=youssef,brasil,7,26,,0,"ChavesNaMão scraper & real estate data API for one of Brazil's largest property marketplaces. Sale & rent listings nationwide: price, condo, IPTU, size, bedrooms, suites, garages, address, GPS, agent contact, amenities, photos - clean JSON/CSV. Fast overview or full detail. No API key needed"
Google Maps Reviewer Geo Profile API,John,https://apify.com/johnvc/google-maps-reviewer-geo-profile-api?fpr=youssef,google-maps,7,18,5,2,"Infer a Google Maps reviewer's home region from their review history. Clusters review coordinates into a standardized home-region guess (city/state/country + ISO codes), a confidence score, and a local-vs-travel footprint. One row per reviewer, for reviewer vetting and fraud research. MCP-ready"
OLX Brazil Classifieds Scraper,Automation Lab,https://apify.com/automation-lab/olx-brazil-classifieds-scraper?fpr=youssef,brasil,7,16,,0,"Extract public OLX Brazil listings by keyword, state, category, search URL, or listing URL with prices, locations, images, attributes, and seller signals"
Nextdoor Business Scraper | Neighborhood Leads,kane liu,https://apify.com/lentic_clockss/nextdoor-scraper?fpr=youssef,email-finders,7,15,,0,"Scrape Nextdoor neighborhood businesses in the US, UK, and Canada. Export names, phones, emails, websites, license IDs, and street addresses from public /pages/ and /topics/ directories. Guest pages only - no login, cookies, or Message/Call. CSV, Excel, or JSON"
Traveloka Scraper | Hotels Flights Activities SEA,kane liu,https://apify.com/lentic_clockss/traveloka-scraper?fpr=youssef,enrichment-verification,7,13,,0,"Scrape Traveloka hotels, flights, activities, car rental, airport transfer & trains across SEA locales. Extract hotel IDs, prices, ratings & detail enrich. Export Excel/CSV/JSON. Unofficial - not affiliated with Traveloka"
iFood Scraper Brasil: Leads de Restaurantes com CNPJ,MoreLock,https://apify.com/paulovitor18/ifood-brasil-restaurantes-cnpj?fpr=youssef,brasil,7,11,,0,"Os outros scrapers de iFood entregam cardápio e preço. Este entrega o CNPJ: cada restaurante vira cadastro de empresa, com CNPJ validado, endereço com CEP, telefone e MCC. Na amostra de 70 lojas em 4 cidades, 70 vieram com CNPJ. Você só paga a linha entregue com CNPJ"
"OLX Brazil Scraper - Past the 5,000-Listing Search Wall",WebData Labs,https://apify.com/webdata_labs/olx-brazil-scraper?fpr=youssef,brasil,7,9,,0,"[, no start fee] OLX Brasil listings past the 5,000-per-search wall: the Actor slices a big search into price bands on its own. Price drops, CEP, neighbourhood and category attributes per listing; descriptions and seller sales history are an opt-in extra"
Instagram Hashtag Scraper,EasyApi,https://apify.com/easyapi/instagram-hashtag-scraper?fpr=youssef,social-leads,6,1628,1,2,"Effortlessly scrape Instagram hashtag data, including top posts and engagement metrics. Perfect for marketers, researchers, and data analysts looking to gain insights from Instagram trends and content performance"
Telegram Group and Channel Member Extractor Without Login,clothe fobia,https://apify.com/clothefobia/telegram-group-and-channel-member-extractor?fpr=youssef,social-leads,6,1146,3,1,Telegram Group and Channel Member Extractor -Extract member From any telegram group/channel Without Telegram Login
Instagram Hashtag Username Scraper,CoderX,https://apify.com/coderx/instagram-hashtag-username-scraper?fpr=youssef,social-leads,6,1113,3.4,5,"This actor scrapes Instagram posts based on a specified hashtag and extracts usernames, profile names, and user IDs. It helps track engaged users, analyze social media trends, and gather audience insights. Ideal for influencer research, marketing, and hashtag-based user analysis"
Instagram Comments Scraper,EasyApi,https://apify.com/easyapi/instagram-comments-scraper?fpr=youssef,social-leads,6,643,1.8,3,"Effortlessly extract comments from Instagram posts. Capture user details, engagement metrics, and nested replies. Perfect for social media analysis, influencer research, and brand monitoring. Stealth-enabled for reliable data collection"
Dice.com Jobs Scraper,FalconScrape,https://apify.com/piotrv1001/dice-com-jobs-scraper?fpr=youssef,jobs-hiring-signals,6,494,,0,"The Dice.com Jobs Scraper extracts US tech job listings from Dice.com based on search keywords and location (state), capturing salary details, remote work status, company logo, job URL, and job descriptions. Ideal for job market analysis and recruitment insights"
Amazon Seller Data Extractor,Pratik Dani,https://apify.com/pratikdani/amazon-seller-extractor?fpr=youssef,email-finders,6,389,,0,"This actor efficiently scrapes Amazon seller data, including storefront details, ratings, product listings, and contact information. It helps analyze competition and identify potential partners on the Amazon marketplace"
ZILLOW | Bypass Limit of 500 | Search |Agent | with Email,Muhamed Didovic,https://apify.com/memo23/zillow-cheerio-scraper?fpr=youssef,email-finders,6,382,5.0,10,"Unleash the full power of Zillow data - no limits, no restrictions. Comprehensive scraping for any search URL, delivering complete property insights at scale"
RocketReach Scraper,Lexis Solutions,https://apify.com/lexis-solutions/rocketreach-pr-226?fpr=youssef,b2b-databases,6,369,3.3,3,"Scrape professional contact data from RocketReach.com - including names, emails, phone numbers, company info, and social profiles. Ideal for sales prospecting, recruiting, and lead generation. Fast, structured, and customizable extraction"
Instagram Followers Scraper,The Netaji,https://apify.com/thenetaji/instagram-followers-scraper?fpr=youssef,social-leads,6,289,,0,Export the complete follower list of one or more public Instagram accounts. Resume large accounts with a saved cursor and optionally enrich every follower with a full public profile
Telegram Email Scraper,EasyApi,https://apify.com/easyapi/telegram-email-scraper?fpr=youssef,email-finders,6,287,1,1,"Effortlessly scrape email addresses from Telegram profile, channels and groups! Find Telegram content matching your keywords and specific email domains. Perfect for lead generation, community outreach, and networking. Powered by stealth technology for reliable data collection"
Idealista Scraper,axly,https://apify.com/axlymxp/idealista-scraper?fpr=youssef,brasil,6,281,4.9,2,"Scrape Idealista property listings across Spain, Italy, and Portugal. Search any location, filter by operation (sale/rent) and property type, and export full data - price, size, rooms, address, GPS coordinates, images, and agency contact. Pay only for the results you get"
Extract Eventbrite online events,scrapingxpert,https://apify.com/scrapingxpert/extract-eventbrite-online-events?fpr=youssef,other-lead-sources,6,259,5,2,"Eventbrite is a popular platform for creating and browsing events, but it doesn't have an API for directly extracting online events. Fortunately, Apify script finds the latest online occasions without coding. The extracted data can be downloaded in different formats or used for custom workflows"
Realtor.ca API Canada | Search | Page Details | Agents Scraper,Muhamed Didovic,https://apify.com/memo23/realtor-canada-search-cheerio?fpr=youssef,email-finders,6,251,5,10,"Scrape detailed information about real estate agents in Canada, including their contact information, organizations, and more"
Discover LinkedIn Company Posts,Pratik Dani,https://apify.com/pratikdani/discover-linkedin-company-posts?fpr=youssef,linkedin,6,216,,0,The Discover LinkedIn Posts by Company URL Actor extracts and provides detailed information about posts from a specified LinkedIn company profile URL
Spotify Artist: Monthly Listeners & Contact Info Scraper,Storm_Scraper,https://apify.com/scrapestorm/spotify-artist-monthly-listeners-contact-info-scraper?fpr=youssef,email-finders,6,209,4.7,24,"Collect detailed Spotify artist data: name, verification status, biography, profile image, monthly listeners, image gallery, related artists, popular albums, top cities, and social links (Facebook, Instagram, Twitter). Perfect for analyzing the music industry and research projects!"
Dentist Finder,Sam,https://apify.com/cleansyntax/dentist-finder?fpr=youssef,email-finders,6,175,4,1,"Dentist Finder is a comprehensive database providing access to detailed information on all licensed dentists across the USA. This API delivers up-to-date data, including contact details, specialties, office locations, and more"
Europages Scraper,SASWAVE,https://apify.com/saswave/europages-scraper?fpr=youssef,email-finders,6,172,,0,"Europages company scraper. From any domain name. Extract company information from a europages search url. Collect data about company name, description, VAT ID, phonenumber, email, fax, address, website, employee count and more"
Welcome to the jungle scraper,SASWAVE,https://apify.com/saswave/welcome-to-the-jungle-scraper?fpr=youssef,enrichment-verification,6,133,1,1,"Welcome to the jungle scraper. Retrieve jobs, companies from welcometothejungle.com website and extract search results informations. Helps for Intent based marketing campaigns. Extract valuable data: social networks, website, tech stack, job count... jobtitle, salary, benefits, remote, date"
YouTube Channel Email Scraper - YouTube Influencer,Andrey Afanasenko,https://apify.com/afanasenko/youtube-channel-scraper?fpr=youssef,email-finders,6,75,,0,"YouTube channel scraper: find creators worth partnering with. Search channels by niche keyword, category or region, then get emails, contacts, social links, subscriber and view counts, engagement metrics and a partnership score per channel. Export channel data to CSV, JSON or Excel"
"RockAuto Auto Parts Scraper - car parts, prices - No Login",Fortuitous Pirate,https://apify.com/fortuitous_pirate/rockauto-scraper?fpr=youssef,other-lead-sources,6,69,,0,"Scrape RockAuto auto parts catalog for part numbers, prices, fitment data, brands, and availability. Extract comprehensive automotive parts data for price comparison, inventory management, and market analysis. No login or cookies. MCP-ready for AI agents"
Amazon Brazil Scraper - Anti-Block: Products & Prices,viralanalyzer,https://apify.com/viralanalyzer/amazon-brazil-intelligence?fpr=youssef,brasil,6,64,5,4,"Extract Amazon Brazil data: products, prices, reviews, BSR rankings, seller info"
ZoomInfo Company & Contacts Scraper - Leads | No Login,Vitalii Bondarev,https://apify.com/bovi/zoominfo-scraper?fpr=youssef,email-finders,6,18,,0,"Scrape public ZoomInfo company profiles into rich JSON: firmographics, executives, competitors, technologies, news, funding - PLUS one lead record per person (name, title, LinkedIn, location, email pattern, masked email/phone). Paste URLs, get companies + contacts. No login, no API key"
Imovelweb Brazil Scraper,SolidCode,https://apify.com/solidcode/imovelweb-br-scraper?fpr=youssef,brasil,6,16,,0,"[ ] Extract real estate listings from Imovelweb Brazil - apartments, houses, land, and commercial for sale, rent, temporary stay, and new developments. Get price, beds, baths, area, address, GPS, photos, videos, amenities, seller/agency, and contact details"
Leilão de Imóveis Brasil Scraper: Preços e Descontos por Banco,GetAScraper,https://apify.com/getascraper/leilaoimovel-scraper?fpr=youssef,brasil,6,11,,0,"Scraper de leilão de imóveis no Brasil com preços, avaliações, descontos, localização, tipo, banco, modalidades judicial, extrajudicial e venda online, datas da 1ª e 2ª praça, edital e matrícula. Filtre por cidade, estado, preço, desconto, FGTS e monitore novas oportunidades"
"DataJud Scraper: Brazil Court Cases, Processos, CNJ API",Scrapers Lat,https://apify.com/scrapers_lat/datajud-scraper?fpr=youssef,brasil,6,11,5,1,"Consulta processual scraper for Brazilian court records (processos judiciais) via the CNJ DataJud public API. Search 90+ tribunais (STF, STJ, TJ, TRT, TRF) by process number, class, subject, court, movement and date. Get the full movement docket. Export JSON, CSV, Excel for KYB and due diligence"
TikTok Shop Product Scraper | Prices Sold Global,kane liu,https://apify.com/lentic_clockss/tiktok-shop-scraper?fpr=youssef,social-leads,6,10,,0,"Scrape TikTok Shop products - keyword, category, home discover & PDP across US/UK/Asia regions. Extract productId, prices, ratings, sold counts & shop info. Export Excel/CSV/JSON for research & price monitoring"
FIPE Brazil Vehicle Price Scraper,Dev D,https://apify.com/straightforward_hydra/fipe-vehicle-prices-scraper?fpr=youssef,brasil,6,6,,0,"Reference vehicle valuations from Brazil's FIPE table - the price every dealer, insurer and bank quotes against. Cars, motorcycles and trucks, with brand, model, year, fuel, FIPE code and the price as a real number. No API key"
Google Maps Scraper,DATARAVA,https://apify.com/datarava/google-maps-scraper?fpr=youssef,google-maps,5,690,5,13,"Scrape Google Maps business data at scale. Extract phone numbers, emails, reviews, ratings, addresses & more from thousands of locations. Enrich results with real-time emails and social links from business websites. Export instantly or automate via API"
Instagram Complete Profile Scraper,DataFusionX,https://apify.com/devil_port369-owner/instagram-complete-profile-scraper-ppr?fpr=youssef,social-leads,5,645,5.0,7,Scrape Instagram profile details. Email and Phone also available if mentioned in bio profile and post caption or if it is a public account. Instagram scraper no cookies cheapest version available in the market
Booking Scraper,Bebity,https://apify.com/bebity/booking-stays-scraper?fpr=youssef,other-lead-sources,5,582,,0,"Fast, no-code Booking.com scraper with LLM- & agent-optimized input & output. Extract hotels, apartments, hostels, B&Bs & villas by location, URL or property ID - prices, availability, star ratings, review scores, photos, facilities & coordinates. Export to JSON, CSV or Excel"
Linkedin Group Member Scraper,bhansalisoft,https://apify.com/bhansalisoft/linkedin-group-member-scraper?fpr=youssef,linkedin,5,473,5,1,Linkedin Group Member Scraper- is Advance Software with Unique Feature for Extract Member information from Any Linkedin Group - update 07/06/2026 via api now very fast
Instagram Reels Scraper,EasyApi,https://apify.com/easyapi/instagram-reels-scraper?fpr=youssef,social-leads,5,366,1,2,"Effortlessly scrape Instagram Reels data from user profiles. Extract comprehensive metadata, including view counts, likes, comments, and media URLs. Perfect for content analysis, influencer research, and competitor tracking"
Social Media Email Scraper 2025,Chito Sibug,https://apify.com/chitosibug3/social-media-email-scraper-2025?fpr=youssef,email-finders,5,361,5,1,Find Social Media Email (Youtube、TikTok、Twitter、Instagram、Linkedin) from Private Database and realtime social network search (NOT ONLY find email in description!)
Fast Google Maps Reviews Scraper API | Extract Ratings & Text,Agents,https://apify.com/theagents/google-maps-reviews?fpr=youssef,google-maps,5,353,5,7,"Extract valuable business reviews from Google Maps at high speed. Our cost-effective scraper delivers comprehensive review data, ratings, and customer sentiments to fuel your business intelligence. Monitor brand reputation, analyze competitors, make data-driven decisions with unmatched reliability"
BBB Business Directory Scraper,EasyApi,https://apify.com/easyapi/bbb-business-directory-scraper?fpr=youssef,directories,5,283,,0,"Scrape business listings from BBB.org (Better Business Bureau) including company details, ratings, contact information, and accreditation status. Perfect for market research and lead generation"
Bulk Email Finder Tool - Find Business Emails by Name & Domain,David Bhatt,https://apify.com/davidsharadbhatt/bulk-email-finder-tool---find-business-emails-by-name-domain?fpr=youssef,email-finders,5,239,,0,"Instantly find verified professional email addresses by entering a contact’s first name, last name, and company domain - ideal for sales teams, outreach campaigns, and lead generation"
Facebook Group Auto Poster,bhansalisoft,https://apify.com/bhansalisoft/facebook-group-auto-poster?fpr=youssef,social-leads,5,237,1.2,2,"Automate Facebook group posting with a Facebook Group Auto Poster. Post multiple messages to multiple Facebook groups with customizable delays and execution tracking. Ideal for Facebook marketing, content distribution, community promotion, and lead generation"
Weibo Scraper,FalconScrape,https://apify.com/piotrv1001/weibo-scraper?fpr=youssef,other-lead-sources,5,234,5,2,"The Weibo Scraper efficiently extracts posts from Weibo's main feed, capturing likes, comments, shares, text content, images, videos, and profile data. It allows setting a maximum number of posts to fetch, making it ideal for social media analysis, trend monitoring, and engagement tracking"
Restaurant Email List,Sam,https://apify.com/cleansyntax/restaurant-email-list?fpr=youssef,email-finders,5,222,5,1,"This Apify actor provides a list of restaurant email addresses and related details by state. Simply select a U.S. state from the input form, and the actor will return the following fields for each restaurant: restaurant_name, address, city, state, zipcode, phone, email, and category"
YellowPages Australia Lead Generator,Zebu Data,https://apify.com/delicious_zebu/yellowpages-australia-lead-generator?fpr=youssef,directories,5,171,5,30,"Scrape YellowPages.com.au by keyword and location: business name, phone, email, website, address, rating, reviews, opening hours, categories and social links. Filter by Open Now, local or popular businesses and sort by distance, rating or name"
Linkedin Phone Number Scraper - Cheapest & Reliable,ContactMinerLabs,https://apify.com/contactminerlabs/linkedin-phone-number-scraper---cheapest-reliable?fpr=youssef,email-finders,5,158,1,1,"Scrape Mass/Bulk Linkedin Phone Numbers Enter your search parameters to collect verified phone numbers from Linkedin profiles, along with profile title, bio snippet, country, source URL & platform info Perfect for lead generation and contact enrichment in tools like Google Sheetsor CRMs"
Zillow Scraper - Property Listings & Search API,Zebu Data,https://apify.com/delicious_zebu/zillow-property-data-scraper?fpr=youssef,other-lead-sources,5,147,5.0,27,"Scrape Zillow listings into structured data: price, beds/baths, Zestimate, rent estimate, days on Zillow, photos, agent & MLS info + 50 more fields. Paste any search URL, or just pick a location and set filters like on Zillow. Fast API-based scraping. Pay per result"
Reddit Scraper - Neatrat,Neatrat,https://apify.com/neatrat/reddit-scraper?fpr=youssef,social-leads,5,142,5,4,High-speed Reddit scraping. No API limits. No Proxies needed
Fast Realtor Agents API Scraper,Muhamed Didovic,https://apify.com/memo23/apify-realtor-scraper?fpr=youssef,b2b-databases,5,142,5,5,Empower your marketing and research efforts with precise Realtor.com agent data. Extract valuable insights seamlessly!
Expedia Review Scraper Pro,datawizards,https://apify.com/hello.datawizards/Expedia-Review-Scraper-Pro?fpr=youssef,other-lead-sources,5,121,1.7,2,"Extract detailed Expedia hotel reviews in JSON with the Expedia Review Scraper Pro. Get scores, text, themes, and more from hotel URLs. Ideal for hospitality insights and sentiment analysis. Uses residential proxies for reliable scraping. Built by DataWizards for fast, scalable data extraction"
Auction.com Property Scraper,ParseForge,https://apify.com/parseforge/auction-com-property-scraper?fpr=youssef,other-lead-sources,5,102,5,4,"Scrape property auction listings from Auction.com. Extract property details including address, price, auction date, property type, square footage, bedrooms, bathrooms, and more. Supports filtering by state, property type, and price range"
Imovirtual Property Search Scraper,Stealth mode,https://apify.com/stealth_mode/imovirtual-property-search-scraper?fpr=youssef,brasil,5,71,,0,"Efficiently scrape property listings from Imovirtual.com, Portugal's leading real estate platform. Extract comprehensive data including apartments, houses, prices, locations, and property details from search results. Perfect for real estate agencies, market analysts, and property investment research"
G2.Com Scraper (It works),Luffy,https://apify.com/coder_luffy/g2-scraper?fpr=youssef,directories,5,60,5,3,"G2.com scraper that pulls software listings, ratings, pros and cons, and market segment data from any category page, so you can track a market without checking it manually"
Brazil Enrichment Data Leads by CNPJ (Tax ID) Scraper,BrasilDados.org - API e Data as a Service,https://apify.com/brasildados/brazil-enrich-data-lead-by-cnpj?fpr=youssef,brasil,5,51,,0,"Enrich any Brazilian CNPJ with official registry data: company name, address, shareholders (QSA), phone, email and CNAE. 40 fields per company plus the full shareholder list. Pay only per result. | Enriqueça CNPJs com dados oficiais: razão social, endereço, sócios, telefone, e-mail e CNAE"
"Quinto Andar Scraper - Deep Fields, No Proxy Needed",Gio,https://apify.com/gio21/quintoandar-scraper?fpr=youssef,brasil,5,50,5,3,"Scrape Quinto Andar property listings in any Brazil city: price, area, bedrooms, amenities, 70+ deep fields. Cheapest dedicated actor + start. Rent or buy, filter by neighborhood, pets, subway"
Editais e Licitações API - Oportunidades Públicas no Brasil,BrasilDados.org - API e Data as a Service,https://apify.com/brasildados/editais-licitacoes-brasil?fpr=youssef,brasil,5,35,5,1,"Busque editais e licitações públicas abertas no Brasil por palavra-chave, estado, modalidade e esfera de governo. Encontre oportunidades federais, estaduais e municipais com prazos, valores, órgãos, localização e link oficial. Exporte em JSON, CSV, Excel ou consulte pela API"
Metrocuadrado Scraper,Knowten,https://apify.com/knowten/metrocuadrado-scraper?fpr=youssef,other-lead-sources,5,32,5,9,"Scraper ultra rápido de Metrocuadrado Colombia. Extrae fácilmente miles de propiedades con filtros precisos: precio, ciudad, habitaciones y estrato. Obtén información clave: coordenadas, áreas, fotos, descripciones y precios. Perfecto para el análisis del mercado y la prospección inmobiliaria"
Supercasa Scraper - Portugal Real Estate,Iñigo Garcia Olaizola,https://apify.com/igolaizola/supercasa-scraper?fpr=youssef,brasil,5,31,,0,"Scrape SuperCasa Portugal real estate listings for sale or rent. Collect property data by city, category, price, area, and features. Export clean datasets for market research, lead generation, and monitoring Portuguese property trends. Best supercasa.com data extractor"
Catho Jobs Scraper,Gio,https://apify.com/gio21/catho-jobs-scraper?fpr=youssef,brasil,5,28,,0,"Scrape vagas de emprego do Catho.com.br com salário, empresa, benefícios, tipo de contrato e descrição completa. O maior job board pago do Brasil agora acessível via API. Ideal para benchmark salarial, análise de mercado e agregadores de vagas"
"Zap Imóveis Scraper - Properties, Prices & 80+ Fields",Abot API,https://apify.com/abotapi/zapimoveis-scraper?fpr=youssef,brasil,5,27,,0,"Scrape Zap Imóveis sale, rental and new-development listings by city, filters or URL. Extract 80+ fields including prices, fees, addresses, GPS, agencies, CRECI, amenities, nearby POIs, scores, H3 location data and media"
iFood Scraper | Brazil Restaurants Menus Reviews,kane liu,https://apify.com/lentic_clockss/ifood-scraper?fpr=youssef,brasil,5,22,,0,"Scrape iFood Brazil (ifood.com.br): restaurants, mercado, full menus with prices, ratings, delivery fees, and reviews. Search by city, CEP, cuisine, chain, or merchant URL across all 27 UFs. Export CSV/Excel/JSON. Unofficial - not affiliated with iFood"
Trip.com Scraper - Hotels Flights Trains Cars,kane liu,https://apify.com/lentic_clockss/trip-com-scraper?fpr=youssef,other-lead-sources,5,15,,0,"Scrape Trip.com hotels, flights, trains, cars, packages & attractions across regional domains (www, UK, JP, PH). Get prices, ratings & listing URLs. Export JSON/CSV. Pay per result - no login"
Brazil CNPJ Company Lookup & Registry Data,Latin America Data,https://apify.com/latinamericadata/cnpj-empresas-brasil?fpr=youssef,brasil,5,12,,0,"Consulte CNPJs em lote e extraia razão social, situação, CNAE, endereço, contatos, capital e sócios. API para CRM, compliance e dados empresariais. Exporte em JSON, CSV ou Excel e integre por API, webhooks e automações"
"AXS Event Scraper | Concerts, Sports, Venues",kane liu,https://apify.com/lentic_clockss/axs-scraper?fpr=youssef,other-lead-sources,5,7,,0,"Scrape AXS.com concerts, sports, theatre, comedy and festivals. Get event titles, dates, venues, ticketing status and street addresses from search, city and category listings. Does not open shop.axs.com checkout. Pay per result. Export Excel, CSV, JSON"
Gupy.io Jobs Scraper,ParseBird,https://apify.com/parsebird/gupy-io-jobs-scraper?fpr=youssef,brasil,5,7,,0,"Fast HTTP-only scraper for Gupy.io, Brazil's largest hiring platform. Extracts full job descriptions, company info, and location data via Gupy's internal API - no browser required"
ITJobs.pt Scraper [] - Portugal Tech Jobs,Black Falcon Data,https://apify.com/blackfalcondata/itjobs-scraper?fpr=youssef,brasil,5,7,,0,Scrape itjobs.pt - Portugal's leading tech job board for developers & analysts with job titles · salaries · contact emails and phones where published. Incremental mode tracks new and changed jobs across scheduled runs
Instagram Followers Scraper,DataFusionX,https://apify.com/devil_port369-owner/instagram-followers-scraper?fpr=youssef,social-leads,4,1018,4.7,15,"The Instagram Followers Scraper extracts follower data from public Instagram account. Ideal for influencer marketing, audience analysis, and business intelligence. Safe API rates ensure account protection while providing valuable insights"
Google search Parser google maps / my business,SASWAVE,https://apify.com/saswave/google-search-parser-google-maps-my-business?fpr=youssef,google-maps,4,870,1,1,"Extract company infos from google search results, right side box (website, phone number, reviews, social accounts, address..) Allows you to automate enrichment using queries with a combination of company name, website domain and street address (complete or partial). Check readme for some exemples"
Website Email Contact Scraper,Omkar Cloud,https://apify.com/omkar-cloud/website-email-contact-scraper?fpr=youssef,email-finders,4,528,5,1,"Website Email & Contact Scraper to extract emails, phone numbers & social profiles from any website. Export contact data as JSON, CSV, or Excel"
Instagram Profile Scraper Pro,Powerful Bachelor,https://apify.com/powerful_bachelor/instagram-profile-scraper-pro?fpr=youssef,social-leads,4,510,5,2,"Instagram Profile Scraper Pro extracts detailed data like engagement rate, followers, profile pic, and more from Instagram profiles! Perfect for influencers, marketers, and analysts. Export data in multiple formats and gain deep insights easily!"
Instagram Like & Comments Scraper,SASWAVE,https://apify.com/saswave/instagram-like-comments-scraper?fpr=youssef,social-leads,4,483,5,1,"List all your followers likes and comments on your posts for data analysis. You can also list likes from a posts you are not the owner, instagram limit of 100 likers per post You can narrow down, who is engaging and who might be a bot, dragging down your reach/engagement. Boost your instagram posts"
Free Google Maps Scraper - Simplified Version,Blue Orion,https://apify.com/blueorion/free-google-maps-scraper-simplified?fpr=youssef,google-maps,4,428,3.3,5,"Simplified version of ""Free Google Maps Scraper - Low-cost & Extensive"". FASTER & CHEAPER"
Facebook Group Member Scraper & Extractor,bhansalisoft,https://apify.com/bhansalisoft/facebook-group-member-scraper?fpr=youssef,social-leads,4,388,1,2,"Facebook Group Member Scraper & Extractor for extracting available Facebook group member data, profile URLs, member IDs, and group information. Export results to CSV and Excel"
Instagram Posts Scraper,EasyApi,https://apify.com/easyapi/instagram-posts-scraper?fpr=youssef,social-leads,4,361,,0,"Effortlessly scrape Instagram posts data from multiple users. Extract comprehensive details including likes, comments, captions, hashtags, and more. Perfect for social media analysis, market research, and content monitoring"
Instagram Bulk DM,Mikolabs,https://apify.com/mikolabs/instagram-bulkdm?fpr=youssef,social-leads,4,262,5.0,7,This Actor allows you to send personalized direct messages to multiple Instagram users with customizable delays between messages
Millions Of Businesses Leads With Email - Monthly Rental,Miso,https://apify.com/xmiso_scrapers/flat-fee-monthly-rental-millions-us-businesses-leads-with-email?fpr=youssef,email-finders,4,251,4.8,7,"Scrape up to 100k leads/month for If you need large amounts of email leads, this version of businesses leads from Google Maps is for you. This is clone of this Actor: https://apify.com/xmiso_scrapers/millions-us-businesses-leads-with-emails-from-google-maps"
Fast LinkedIn Job Scraper,Gen First,https://apify.com/ivanvs/fast-linkedin-job-scraper?fpr=youssef,linkedin,4,190,,0,"Extract job listings from Linkedin. Scrape details job details like when it is posted, number of applicants, location and salary range. Download listings data in JSON, XML, Excel"
Facebook Marketplace Vehicle Scraper + Real Time Notifications,Raidr API,https://apify.com/raidr-api/facebook-marketplace-vehicle-scraper?fpr=youssef,social-leads,4,179,5,4,"Scrape Facebook Marketplace vehicles by make, model, year, price, and mileage. Features exact listing dates, real-time Discord notifications, smart age filtering, and deduplication. Optimized for lowest cost per run using advanced extraction techniques. Export to JSON, CSV, or Excel"
Clutch.co Scraper with Emails & Reviews,Fatih Tahta,https://apify.com/fatihtahta/clutch-co-scraper?fpr=youssef,email-finders,4,156,2.1,2,"Extract clean, rich agency and service provider profiles data right from Clutch.co. It grabs every visible listing to deliver names, websites, ratings, addresses, pricing and more. Ideal for prospecting, benchmarking, and market research"
Lawyer Email Scraper,Sam,https://apify.com/cleansyntax/lawyer-email-list?fpr=youssef,email-finders,4,148,5,2,"High-speed lead generation tool to scrape lawyer and attorney contacts from across the USA. Search by state and area to build a targeted lawyer email databases including full names, law firm offices, and practice areas"
Instagram Phone Number Scraper - Cheapest & Reliable,ContactMinerLabs,https://apify.com/contactminerlabs/instagram-phone-number-scraper---cheapest-reliable?fpr=youssef,email-finders,4,142,,0,"Scrape Mass/Bulk Instagram Phone Numbers Enter your search parameters to collect verified phone numbers from Instagram profiles, along with profile title, bio snippet, country, source URL & platform info Perfect for lead generation and contact enrichment in tools like Google Sheetsor CRMs"
Faire Brand Scraper,SASWAVE,https://apify.com/saswave/faire-brand-scraper?fpr=youssef,other-lead-sources,4,135,,0,"Faire.com scraper. Extract brands information listing and similar brands. Provide lists of brands urls to monitor. Stay updated on your competition. Get data about social accounts, product count, business VAT, country, minimum order amount, is selling on amazon, discounts and more"
Linkedin Company Followers Scraper,Data LinkMiner,https://apify.com/data_link_miner/linkedin-company-followers-scraper?fpr=youssef,linkedin,4,127,,0,"Extract and monitor LinkedIn company page followers to power your sales, marketing, and outbound strategies. Track new followers over time, and turn engagement into opportunities. You must be an admin of the company page to access the followers list"
Willhaben.at Car Scraper,Real Spidery,https://apify.com/real_spidery/willhaben-at-car-scraper?fpr=youssef,email-finders,4,118,4.1,3,"Fast and lightweight Willhaben.at scraper allows you to deep dive in the largest Austria online car/real estate market for buyers and sellers. Export scraped data, run the scraper via API, schedule and monitor runs or integrate with other tools. Custom solution is available, just drop us an email"
All Events Scraper,Techforce Global,https://apify.com/techforce.global/all-events-scraper?fpr=youssef,other-lead-sources,4,113,4.9,9,"A fast and reliable scraper for AllEvents.in that extracts event titles, dates, locations, interested people count, and more. Provides clean, structured data with support for Markdown, pagination, and easy API integration for your applications"
Lead Enrichment API Multi-Provider B2B Data Enrichment,The Howlers,https://apify.com/alizarin_refrigerator-owner/lead-enricher?fpr=youssef,b2b-databases,4,101,,0,"Enrich your leads w/company & contact data from 10+ enrichment providers. Perfect for sales prospecting, lead scoring, CRM enrichment, and account-based marketing. 10 Provider Integrations: Apollo, Clearbit, ZoomInfo, IPinfo, FullContact, Hunter, Lusha, Snov, RocketReach & People Data Labs"
HelloWork Scraper,Lexis Solutions,https://apify.com/lexis-solutions/hellowork-scraper?fpr=youssef,jobs-hiring-signals,4,93,5,7,"The HelloWork scraper is a web scraping tool that retrieves job postings from HelloWork, a job search website in France Le scraper HelloWork est un outil de web scraping qui récupère les offres d'emploi de HelloWork, un site de recherche d'emploi en France"
"Youtube Channel Scraper | Subs, Stats & Contact",Apizy,https://apify.com/apizy/youtube-channel-scraper?fpr=youssef,social-leads,4,85,5,6,"Scrape YouTube channel subscribers, views, engagement rate, email, and social links. Transparent pay-per-success pricing -, only when it succeeds. Never charged for failures. 100 channels = No subscriptions, no hidden fees"
FINRA BrokerCheck Scraper,ParseForge,https://apify.com/parseforge/finra-brokercheck-scraper?fpr=youssef,other-lead-sources,4,76,5,3,"Scrape FINRA BrokerCheck for individual brokers and firms. Search by name, CRD, firm, city, state, or exam. Get registration history, disclosures, and exam records. Export to CSV, JSON, Excel, or XML"
ReclameAqui Scraper,SolidCode,https://apify.com/solidcode/reclameaqui-scraper?fpr=youssef,brasil,4,73,,0,"[ ] Extract consumer complaints, ratings, response rates, and reputation data from ReclameAqui (Brazil). Search by company slug or URL, filter by status and date, and pull complaint text, status, rating, and views per item across any Brazilian brand"
Linkedin Ads Scraper,Data Xplorer,https://apify.com/data_xplorer/linkedin-ads-scraper?fpr=youssef,linkedin,4,66,1.1,2,"Unlock LinkedIn Ads Insights: Transform LinkedIn Ad Library data into structured analytics. Extract comprehensive ad performance, targeting strategies, and campaign metrics with automated calculations. Access real-time advertising intelligence through simple API calls"
Brazil Sanctions Check - CPF & CNPJ Screening,BrasilDados.org - API e Data as a Service,https://apify.com/brasildados/sanctions-check?fpr=youssef,brasil,4,42,5,1,"Screen CPFs and CNPJs against 5 Brazilian federal sanctions registries: CEIS, CNEP, CEPIM, CEAF and Leniency Agreements. Instant results for KYC, KYB, due diligence and compliance. Up to 50 documents per run, CPF masked, billed only per sanction found"
Airbnb Reviews Scraper,Agenscrape,https://apify.com/agenscrape/airbnb-reviews-scraper?fpr=youssef,other-lead-sources,4,41,5,3,"Scrape reviews from any Airbnb listing. Extract star ratings, guest comments, reviewer details, host responses, and review photos. Supports bulk scraping with full pagination"
"LinkedIn Jobs Scraper - No Login, Salary & Company Data",kane liu,https://apify.com/lentic_clockss/linkedin-jobs-scraper?fpr=youssef,linkedin,4,40,,0,"Scrape LinkedIn jobs without login across ~45 countries. Filter by company, industry, job function, and Easy Apply. Extract salary, apply links, and applicant counts for recruiting and lead generation"
Website Job Extractor (Browser),NanoScrape,https://apify.com/santamaria-automations/website-job-extractor-browser?fpr=youssef,jobs-hiring-signals,4,38,,0,"Extract job listings from JavaScript-rendered career pages (React, Vue, Angular) using AI + Playwright. Companion to the HTTP-only Website Job Extractor. Use it for the ~28% of company sites that need a real browser. Same output format, same quality, same LLM fallback chain"
Imovelweb Scraper - Brazil Property Data & API,SIÁN OÜ,https://apify.com/sian.agency/imovelweb-property-scraper?fpr=youssef,brasil,4,26,,0,"Imovelweb scraper & real estate data API for one of Brazil's biggest property portals. Sale & rent listings: price, size, rooms, baths, parking, full address, broker phone, photos - clean JSON/CSV. Overview or detail. No API key needed"
Propwire Property Owner Scraper,ScrapySpider,https://apify.com/scrapyspider/propwire-property-owner-scraper?fpr=youssef,other-lead-sources,4,25,,0,"Extract property ownership data from Propwire using US addresses or direct property URLs. Get owner names, mailing addresses, property counts, business entity detection, and property details in structured JSON"
Google Maps Brazil Scraper - Email + Leads,Thomas Gharbi,https://apify.com/totaka/google-maps-brazil-scraper?fpr=youssef,brasil,4,24,,0,"Extract Brazilian business leads from Google Maps - name, address, phone, email, website, rating and GPS. Emails auto-extracted from business websites. São Paulo, Rio, Brasília leads"
ZAP Imóveis Scraper - Brazil Property Data & API,SIÁN OÜ,https://apify.com/sian.agency/zapimoveis-property-scraper?fpr=youssef,brasil,4,24,,0,"ZAP Imóveis scraper & real estate data API for one of Brazil's biggest property portals (Grupo OLX). Sale & rent listings: price, condo fee, IPTU, size, rooms, baths, suites, parking, address, GPS, photos, broker phone - clean JSON/CSV. Overview or detail. No API key needed"
Imovirtual Scraper,SolidCode,https://apify.com/solidcode/imovirtual-scraper?fpr=youssef,brasil,4,21,,0,"[ ] Extract property listings from Imovirtual, Portugal's leading real-estate portal. Search by location, buy/rent, property type, price, area and rooms - or paste search URLs - to get prices, areas, locations, photos and agency contacts"
Reclame Aqui Complaints & Reputation Scraper,Latin America Data,https://apify.com/latinamericadata/reclame-aqui-brasil?fpr=youssef,brasil,4,20,,0,"Extraia reclamações do Reclame Aqui por empresa, com título, relato, status, data e link. Scraper para reputação, atendimento e voz do cliente no Brasil. Exporte em JSON, CSV ou Excel e integre por API, webhooks e automações"
VivaReal Scraper - Brazil Property Data & API,SIÁN OÜ,https://apify.com/sian.agency/vivareal-property-scraper?fpr=youssef,brasil,4,20,,0,"VivaReal scraper & real estate data API for one of Brazil's biggest property portals (Grupo OLX). Sale & rent listings: price, condo fee, IPTU, size, rooms, baths, address, GPS, photos, broker phone/WhatsApp/CRECI - clean JSON/CSV. Overview or detail. No API key needed"
Şikayetvar Scraper - Brand Complaints (),TamgaDev,https://apify.com/tamgadev/sikayetvar-scraper?fpr=youssef,other-lead-sources,4,12,,0,Scrape Şikayetvar.com brand complaints for TR reputation / CX monitoring. PPE - undercuts Store alternatives
Chaves na Mão Scraper - Brazil Real Estate Listings,Iñigo Garcia Olaizola,https://apify.com/igolaizola/chavesnamao-scraper?fpr=youssef,brasil,4,10,,0,"Scrape Chaves na Mão listings at chavesnamao.com.br across Brazil for sale or rent. Filter by location, coordinates, price, area, property type, amenities, advertiser, and nearby places, then export clean results to JSON, CSV, or Excel for market research, pricing, and lead generation"
Email Verifier & Validator - Bulk SMTP & Catch-All Check,PNDA,https://apify.com/pnda/email-verifier?fpr=youssef,email-finders,4,9,5,2,"Bulk email verifier & email validator: live SMTP mailbox check, MX, syntax, catch-all, disposable & role detection, typo fixes. Clean email lists, cut bounces., pay only for valid/invalid"
"Vagas.com.br Scraper - Salary, Benefits, No Duplicates",Gio,https://apify.com/gio21/vagas-scraper?fpr=youssef,brasil,4,9,,0,"Search Vagas.com.br by one or more Brazilian job keywords and get salary, benefits, contract type and full description per listing., no duplicate charges"
GuiaMais Brazil Business Directory Scraper,Crawler Bros,https://apify.com/crawlerbros/guiamais-scraper?fpr=youssef,brasil,4,7,,0,"Scrape GuiaMais.com.br, Brazil's leading business directory. Search by category and city anywhere in Brazil, or fetch specific listings by URL. Get name, address, phone, category, rating, opening hours, photos and more - no login required"
Rakuten Japan Scraper | Ichiba Listings Prices,kane liu,https://apify.com/lentic_clockss/rakuten-scraper?fpr=youssef,other-lead-sources,4,6,,0,"Scrape Rakuten Japan (Ichiba) - keyword search, genres, item PDP, shops & rankings. Extract itemId, JPY prices, shop codes, shipping, points, reviews. Export Excel/CSV/JSON for price monitoring & catalog research"
Crexi Scraper - Commercial Property Listings for Sale,Abot API,https://apify.com/abotapi/crexi-commercial-listings-scraper?fpr=youssef,other-lead-sources,4,6,,0,"Scrape crexi.com commercial listings: asking price, cap rate, square footage, units, year built, lot size, APN, zoning, address, coordinates, status, photos plus agent and brokerage contacts and 100+ fields. Search by city, ZIP or keyword with type, price and sort filters, or paste URLs"
Imovirtual Property Scraper,Shahid Irfan,https://apify.com/shahidirfan/Imovirtual-Property-Scraper?fpr=youssef,brasil,4,6,5,1,"Scrape residential & commercial listings from Imovirtual. Extract prices, locations, property types, descriptions, agent details & images. Ideal for real estate market analysis, price intelligence, investment pipeline building & property dataset monetization. High-volume, reliable extraction"
"Career Site Jobs: ATS Job Postings API for Greenhouse, Lever",JT Palms,https://apify.com/jtpalms/ats-jobs-index?fpr=youssef,jobs-hiring-signals,4,5,,0,"Job postings from 17,000+ company career sites, read from the official job-board APIs of Greenhouse, Ashby, Lever, Workable, Teamtailor and other ATS platforms, indexed twice a day. Filter by keyword, location, remote, department, job type, posted date, company, domain or pay. USD 3 per 1,000 jobs"
"Website Status Checker & Bulk Domain Check: Live, Parked, Dead",Pvalyou,https://apify.com/pvalyou/website-liveness-check?fpr=youssef,email-finders,4,5,,0,"Bulk domain check, one verdict per domain with the evidence: live, stale, placeholder, redirected, parked, expired or dead, a 0 to 100 score and the reason. Plus WHOIS registration, domain age and expiry, email provider with SPF and DMARC, certificate, hosting and tech. a domain"
Crunchbase Any Search Results Scraper,SASWAVE,https://apify.com/saswave/crunchbase-search-results?fpr=youssef,b2b-databases,3,822,,0,"Scrape crunchbase and Download ANY Crunchbase search results in a json file (companies, funding, acquisition, peoples...). Only PRO plan needed"
Yellow Pages,McDowell,https://apify.com/mcdowell/yellow-pages?fpr=youssef,directories,3,617,2.0,2,"Scrape Yellow Pages for addresses, categories, names and phone numbers from listings"
Google Maps Scraper,EasyApi,https://apify.com/easyapi/google-maps-scraper?fpr=youssef,google-maps,3,604,1.6,3,"Powerful Google Maps scraper, collect up to 5000 place results per time, with flexible search options, language support. Perfect for market research, local business discovery, and geospatial data collection"
Instagram Email Extractor,clothe fobia,https://apify.com/clothefobia/instagram-email-extractor?fpr=youssef,email-finders,3,550,2.9,2,Instagram Email Extractor-Scrap Emails from instagram unique technology with any keyword
LinkedIn Email Scraper ( Fast & Affordable),Storm_Scraper,https://apify.com/scrapestorm/linkedin-email-scraper-fast-affordable?fpr=youssef,email-finders,3,447,3.4,4,"This LinkedIn Email Scraper extracts email addresses from LinkedIn based on your selected keywords and email domains. You can also set the max number of items for results. Perfect for creator outreach and collaborations, it delivers fast and accurate results"
Yelp Advanced Data Scraper,Zebu Data,https://apify.com/delicious_zebu/yelp-advanced-data-scraper?fpr=youssef,directories,3,408,5,29,"Search Yelp by keyword and location, or paste filtered search URLs, and get a full record per business: rating, reviews, phone, website, hours, amenities, popular dishes, health scores and Q&A. Filter by price, sort and language. Built for market research"
Dice.com US Tech Jobs Scraper,Lexis Solutions,https://apify.com/lexis-solutions/dice-com-jobs-scraper?fpr=youssef,jobs-hiring-signals,3,320,5,10,"Scrape US tech jobs data from dice.com. Export to Excel, CSV, JSON, or API with Apify. Extract job listings, salaries, locations, and more"
Zoominfo People Profile Scraper,Pratik Dani,https://apify.com/pratikdani/zoominfo-people-profile-scraper?fpr=youssef,b2b-databases,3,305,,0,"This actor scrapes Zoominfo people profiles, extracting valuable contact information like email addresses, phone numbers, job titles, and company details. Perfect for lead generation and targeted outreach campaigns"
Facebook Bulk Profiles Email Scraper,bhansalisoft,https://apify.com/bhansalisoft/facebook-bulk-profiles-email-scraper?fpr=youssef,email-finders,3,264,,0,Facebook Bulk Profiles Email Scraper- Scrap Emails from bulk Facebook Profile link using Google Search Engine
Instagram Profile Hunter: Bulk Website to Instagram Mapper,David,https://apify.com/6sigmag/instagram-profile-hunter-bulk-website-to-instagram-mapper?fpr=youssef,social-leads,3,249,5,1,"Transform website URLs into valuable Instagram business profiles in bulk. Automatically extract domains and find associated Instagram accounts for powerful lead generation, competitor analysis, and market research. Save hours of manual work with this efficient automation tool"
Facebook Likes Scraper (Fast & Cheap),Storm_Scraper,https://apify.com/scrapestorm/facebook-likes-scraper-fast-cheap?fpr=youssef,social-leads,3,231,1.9,9,"Collect Facebook likes data from posts. Retrieve the URL, name, ID, and profile photo of users who liked, with the option to set a maximum number of results to scrape. Download data in JSON, CSV, or Excel formats for use in apps, reports, spreadsheets, or analytics"
Yelp Business Scraper,FalconScrape,https://apify.com/piotrv1001/yelp-business-scraper?fpr=youssef,directories,3,226,5,1,"The Yelp Business Scraper extracts business listings and enriched profiles from Yelp by search term and location, capturing names, star ratings, review counts, price ranges, categories, neighborhoods, phone numbers, full addresses, and websites - ideal for lead generation and market research"
YouTube Shorts/Videos - SRT/VTT/Whisper AI Fallback/Translate,Muhamed Didovic,https://apify.com/memo23/youtube-video-details-scraper?fpr=youssef,social-leads,3,211,5,5,"Extract YouTube transcripts as SRT, VTT, JSON or plain text from any video, Short or embed. Captions first, with yt-dlp and Whisper AI fallbacks for caption-less videos. Auto-translate to 100+ languages, plus full metadata, engagement stats & optional MP4 download"
AI Linkedin Post Scraper,The Howlers,https://apify.com/alizarin_refrigerator-owner/linkedin-post-scraper?fpr=youssef,linkedin,3,195,,0,Scrape viral/trending LinkedIn posts by hashtag or keyword search. Perfect for finding content inspiration and building a library of top-performing posts in your niche. Get top posts from any LinkedIn hashtag. Find posts matching specific keywords. Output formatted for AI voice analysis
Cold Email Lead Finder | LinkedIn Profile,Purple Beep Boop,https://apify.com/purple_beep_boop/find-b2b-emails-for-outreach?fpr=youssef,email-finders,3,177,3.4,4,Scrape B2B LinkedIn data + business emails in bulk for cold email. Only pay per email. Leads returned with no email are free. No cookies or account required
Contact Info Scraper with Emails and Phones,Intelecta.ai,https://apify.com/intelecta/fast-contact-info-scraper-with-emails?fpr=youssef,email-finders,3,177,3.3,7,"A powerful Apify actor that scrapes emails, phone numbers, and social media profiles from a list of websites, following internal links for thorough contact extraction. Ideal for lead generation, research, and building structured contact databases"
Etsy Listings Scraper,FalconScrape,https://apify.com/piotrv1001/etsy-listings-scraper?fpr=youssef,other-lead-sources,3,174,1,3,"The Etsy Listings Scraper efficiently extracts product data from Etsy pages, capturing titles, images, brands, prices, and product URLs. Ideal for market analysis, competitor tracking, and e-commerce research"
Companies House UK Scraper,Lexis Solutions,https://apify.com/lexis-solutions/companies-house-uk-scraper?fpr=youssef,b2b-databases,3,168,4.6,8,"Scrape company info from UK Companies House. Extract company registration number, address, status, incorporation date, URL, and more"
Glassdoor Jobs Scraper & API - Salary Data,Newbs,https://apify.com/newbs/Glassdoor-Job-Scraper?fpr=youssef,jobs-hiring-signals,3,152,,0,"Scrape Glassdoor jobs by keyword, free-text location, company page, or bulk URLs. Export salaries, ratings, posting age, Easy Apply, descriptions, and new-job monitoring data"
Discover & Verify Professional Emails,EasyApi,https://apify.com/easyapi/discover-verify-professional-emails?fpr=youssef,email-finders,3,142,,0,"Discover and verify professional email addresses instantly with our advanced Email Finder. Combines smart pattern generation with comprehensive verification checks. Perfect for sales teams, recruiters, and marketers seeking validated contact information"
Dach Region 2M+ Business Leads+ Emails From Google Maps,Miso,https://apify.com/xmiso_scrapers/dach-region-2m-business-leads-emails-from-google-maps-ppr?fpr=youssef,google-maps,3,137,4.5,3,"Looking for affordable apollo.io alternative when searching for DE,AT,CH business leads? Get recent B2B data from continuously updated database of DACH businesses with emails and social links"
"URL to Metadata - mail, social and more",njoylab,https://apify.com/njoylab/url-summary-scraper?fpr=youssef,other-lead-sources,3,136,5,1,"A powerful Apify actor that extracts essential website information, including title, description, images, mail, and social media links. Perfect for quick data gathering and insights from any URL"
Best & Cheapest LinkedIn Companies Scraper (Pay‑Per‑Result),Bebity,https://apify.com/bebity/bebity-linkedin-companies-ppr?fpr=youssef,linkedin,3,120,5,1,
Techstars Scraper,Michael G,https://apify.com/michael.g/techstars-scraper?fpr=youssef,other-lead-sources,3,117,5,4,"Scrape data on Techstars companies from the Techstars portfolio. Export scraped data, schedule via API, and integrate with other tools or AI workflows"
CNPJ Enricher - Brazilian Company Data Lookup,viralanalyzer,https://apify.com/viralanalyzer/cnpj-enricher?fpr=youssef,brasil,3,99,5,4,Enrich Brazilian company data using CNPJ tax ID
Linkedin Network Connection Request,Data LinkMiner,https://apify.com/data_link_miner/linkedin-network-connection-request?fpr=youssef,linkedin,3,94,1,1,"Safely add, remove, and manage LinkedIn connection requests at scale, without triggering LinkedIn restrictions. This actor is designed to automate your LinkedIn outreach while respecting platform limits and best practices"
BetaList Scraper,Michael G,https://apify.com/michael.g/betalist-scraper?fpr=youssef,directories,3,76,5,4,"Scrape data on BetaList startups and their makers from the BetaList topics directory. Export scraped data, schedule via API, and integrate with other tools or AI workflows"
BizBuySell Scraper,Lexis Solutions,https://apify.com/lexis-solutions/bizubuysell?fpr=youssef,other-lead-sources,3,73,4.0,7,"Scrape business listings from BizBuySell to extract key details, prices, and seller info. Ideal for market research, acquisition tracking, and business trend analysis. Fast, structured, and customizable"
Citation Builder,The Howlers,https://apify.com/alizarin_refrigerator-owner/citation-builder?fpr=youssef,email-finders,3,62,,0,"Build local SEO citations by automatically submitting your business NAP (Name, Address, Phone) to 45+ directories. Why Citations Matter Local citations are mentions of your business name, address, and phone number on other websites. They're a critical local SEO ranking factor"
VivaReal Scraper - Brazil Real Estate Imoveis,Logiover,https://apify.com/logiover/vivareal-scraper?fpr=youssef,brasil,3,61,,0,"VivaReal imoveis scraper and unofficial API alternative. Export Brazil real estate listings to CSV/JSON: price, condo fee, IPTU, area, beds and geo. No login"
Wildberries Scraper By URL - Cheap дешёвый Вайлдберриз,Storm_Scraper,https://apify.com/scrapestorm/wildberries-scraper-by-url---cheap-deshyovyy-vayldberriz?fpr=youssef,b2b-databases,3,57,4.9,12,"Easily collect product listings from Wildberries ягодки, one of Russia’s largest e-commerce platforms. Simply enter a URL to extract key details like name, brand, price, discount, availability & images Seamlessly integrate with ur analytics tools for price tracking or competitor analysis!"
Boligsiden.dk Scraper,Lexis Solutions,https://apify.com/lexis-solutions/boligsiden-dk-scraper?fpr=youssef,other-lead-sources,3,56,5,1,"Get your data from boligsiden.dk: houses, apartments, and commercial properties in Denmark"
Instagram Profile Scraper,Seemu Scraping,https://apify.com/seemuapps/instagram-profile-scraper?fpr=youssef,social-leads,3,51,,0,Fetch Instagram profile metadata for any public account
Airbnb Pro Host Contact & Email Scraper,SilentFlow,https://apify.com/silentflow/airbnb-professional-host-scraper-ppe?fpr=youssef,email-finders,3,47,,0,"Airbnb host email and phone scraper for B2B lead generation. Find property managers, agencies and cohosts with company names, addresses and registration numbers (RCS, SIRET). Search a city, listing URLs or a host profile across 55+ markets. Pay only for hosts that carry contact details"
Jobup Scraper,Lexis Solutions,https://apify.com/lexis-solutions/jobup-scraper?fpr=youssef,jobs-hiring-signals,3,42,5,4,"Extract job listings from Jobup.ch, Switzerland's leading job board. Search by keywords and location, or scrape specific job URLs. Perfect for job market analysis"
WhatsApp Link Hunter: Bulk Website To WhatsApp Mapper,David,https://apify.com/6sigmag/whatsapp-link-hunter-bulk-website-to-whatsapp-mapper?fpr=youssef,social-leads,3,40,,0,"Transform website URLs into valuable WhatsApp Link in bulk. Automatically extract domains and find associated Whatsapp accounts for powerful lead generation, competitor analysis, and market research. Save hours of manual work with this efficient automation tool"
Facebook Ad Library Scraper - Ads & Advertisers,kane liu,https://apify.com/lentic_clockss/facebook-ad-library-scraper?fpr=youssef,social-leads,3,35,,0,Scrape Facebook Ad Library ads and advertiser signals for competitive research and creative monitoring. Export structured ad metadata without building browser automation from scratch
RE/MAX Portugal Scraper,Automation Lab,https://apify.com/automation-lab/remax-portugal-scraper?fpr=youssef,brasil,3,35,,0,"Scrape RE/MAX Portugal property listings for Portugal real-estate workflows. Extract residential and commercial properties with descriptions, images, GPS coordinates, energy ratings, and agent details"
"OLX Brazil Scraper - Ads, Prices, Location & Seller Data",Haketa,https://apify.com/haketa/olx-brasil-scraper?fpr=youssef,brasil,3,29,,0,"Scrape OLX Brasil (olx.com.br) classified ads by keyword, category or URL. Get title, price, price drops, photos, location (city, neighbourhood, state, DDD), attributes, vehicle specs, market-price benchmarks and seller data. Export to JSON/CSV/Excel for price monitoring, leads and market research"
"Reddit Scraper - Posts, Comments & Subreddit Data",kane liu,https://apify.com/lentic_clockss/reddit-scraper?fpr=youssef,social-leads,3,26,,0,"Scrape Reddit posts by keyword or subreddit. Get full text, comments, upvotes, and metadata without login. Export JSON, CSV, or Excel for research and lead workflows"
QuintoAndar Scraper - Brazil Property Data & API,SIÁN OÜ,https://apify.com/sian.agency/quintoandar-property-scraper?fpr=youssef,brasil,3,18,,0,"QuintoAndar scraper & real estate data API for Brazil's largest rent & sale platform. Sale & rent listings in every city: price, condo, IPTU, size, bedrooms, suites, parking, address, GPS, neighbourhood, amenities, photos - clean JSON/CSV. Fast overview or full detail. No API key needed"
"Idealista Scraper - Pisos y Casas Spain, Portugal, Italy",Studio Amba,https://apify.com/studio-amba/idealista-scraper?fpr=youssef,brasil,3,15,,0,"Scrape real estate listings (pisos y casas) from Idealista.com (Spain), Idealista.pt (Portugal), and Idealista.it (Italy). Get prices, addresses, photos, energy certificates, agent contacts, and a private-seller (FSBO) filter for sale or rent. No login or cookies required"
Allegro Scraper | PL CZ SK HU Prices Sellers Offers,kane liu,https://apify.com/lentic_clockss/allegro-scraper?fpr=youssef,other-lead-sources,3,13,,0,"Scrape Allegro.pl, Allegro.cz, Allegro.sk & Allegro.hu - search, categories, Strefa Okazji deals, sellers, product hubs, multi-offers & EAN. Extract offerId, prices, sellers, ads flags. Export Excel/CSV/JSON. Unofficial - not affiliated with Allegro"
CommercialGuru SG Property Listings & Agent Contacts Scraper,Abot API,https://apify.com/abotapi/commercialguru-sg-scraper?fpr=youssef,email-finders,3,12,,0,"Scrape commercialguru.com.sg Singapore listings at scale. Extract prices, PSF, floor area, tenure, property type, images, agent contacts, coordinates, nearby MRT stations and more. Ideal for commercial real estate analytics, investment research and market intelligence"
Loft Scraper - Brazil Property Data & API,SIÁN OÜ,https://apify.com/sian.agency/loft-property-scraper?fpr=youssef,brasil,3,12,,0,"Loft scraper & real estate data API for Brazil. Sale & rent listings: price, condo fee, IPTU, area, bedrooms, suites, parking, address, GPS, neighbourhood, amenities, photos - clean JSON/CSV. Fast overview or full detail. No API key needed"
"Amazon Search, Category & Best Sellers Scraper",kane liu,https://apify.com/lentic_clockss/amazon-search-results-collector?fpr=youssef,other-lead-sources,3,10,,0,"Scrape Amazon keyword search, category browse, and Best Sellers across 21 storefronts. Export ASINs, titles, prices, ratings, images, and product URLs"
Carfax.ca Data/Recall Scraper,Ocrad,https://apify.com/ocrad/carfax-ca-scraper?fpr=youssef,other-lead-sources,3,10,,0,"Scrapes Carfax.ca for vehicle data by VIN. Extracts VIN decode (year, manufacturer, model, engine, trim, body type, drive type, country of assembly), Check availability preview snippets, and optionally open safety recalls"
Google Maps Brasil - Monitor de Novos Negócios (+CNPJ),MoreLock,https://apify.com/paulovitor18/gmaps-brasil-monitor?fpr=youssef,brasil,3,9,,0,"Seja o primeiro a abordar todo negócio que abre na sua cidade. Vigie uma busca do Google Maps no Brasil e receba, a cada execução, só os leads novos - com telefone, e-mail e o CNPJ da Receita. Prospecção contínua, sem varrer a cidade toda de novo. Pague por novidade, não por varredura"
QuintoAndar Scraper - Brazil Real Estate Listings & API,Scrapers Lat,https://apify.com/scrapers_lat/quintoandar-scraper?fpr=youssef,brasil,3,9,,0,"Scrape QuintoAndar Brazil property listings for rent and sale. Export price, rent, condominio, IPTU, area, bedrooms, amenities, photos and geo as JSON, CSV or Excel. Filter by city, neighborhood, type, price, area, bedrooms, furnished and pets. Fast HTTP data API, no login"
Emprego SAPO Scraper - Portugal Jobs,Black Falcon Data,https://apify.com/blackfalcondata/emprego-sapo-scraper?fpr=youssef,brasil,3,8,,0,Scrape emprego.sapo.pt - Portugal's leading job board - with employment type · work model · district & work-hours filters plus detailed info from each listing page. Incremental mode tracks new and changed jobs across scheduled runs
QuintoAndar Scraper,SolidCode,https://apify.com/solidcode/quintoandar-scraper?fpr=youssef,brasil,3,8,,0,"[ ] Extract rent and buy property listings from QuintoAndar, Brazil's largest real-estate marketplace. Search by URL or build a search by city, operation, property type, price, bedrooms and area - get prices, fees, area, address with GPS, amenities and photos"
"Imprint & Impressum Scraper - Email, Phone, VAT & Company Data",Thomas Ehrler,https://apify.com/perceptr0n/imprint-impressum-website-contact-scraper?fpr=youssef,email-finders,3,7,,0,"Domains to verified company records from the imprint / Impressum / legal notice: name, legal form, address, register (HRB, FN, CHE), VAT ID checked against the EU VIES register, e-mail, phone, fax, social profiles. Germany, Austria, Switzerland. No login, no cookies, no API key"
"SmartRecruiters Job Scraper - Visa, Tesla & McDonald's API",Vitalii Bondarev,https://apify.com/bovi/smartrecruiters-job-scraper?fpr=youssef,jobs-hiring-signals,3,7,,0,"Scrape job postings from any SmartRecruiters-powered company board via the public API. Get title, location, seniority, remote_type, department, employment_type, descriptions, and parse_confidence. Multi-company batch, keyword filters, zero auth, zero proxy"
GlobalSources Scraper | B2B Products & Suppliers,kane liu,https://apify.com/lentic_clockss/globalsources-scraper?fpr=youssef,b2b-databases,3,7,,0,"Scrape GlobalSources (www.globalsources.com) B2B products, manufacturers, and supplier profiles. Search by keyword, browse categories, enrich PDP details, and export Excel/CSV/JSON. Unofficial - not affiliated with GlobalSources"
Brazil CNPJ Receita Federal Crawler,SolidCode,https://apify.com/solidcode/brazil-cnpj-receita-federal-crawler?fpr=youssef,brasil,3,7,,0,"[ ] Look up Brazilian companies from the Receita Federal CNPJ registry. Search by CNPJ, state, activity (CNAE), city, or legal form. Get name, status, address, contacts, capital, activities, tax flags, and partners (QSA)"
Realtor.ca Scraper - Canadian MLS Listings,kane liu,https://apify.com/lentic_clockss/realtor-ca-scraper?fpr=youssef,other-lead-sources,3,5,,0,"Scrape Realtor.ca Canadian MLS listings by city. Extract for-sale and rental prices, beds, baths, sqft, MLS numbers, agents, and photos. A Realtor.ca / CREA API alternative for Excel, CSV, or JSON"
Dot Property Scraper | TH PH MY VN Listings,kane liu,https://apify.com/lentic_clockss/dot-property-th-scraper?fpr=youssef,other-lead-sources,3,5,,0,"Scrape Dot Property Thailand, Philippines, Malaysia & Vietnam - condos, houses, land, offices for sale or rent. Extract prices, beds, area, features & images. Dot Property API alternative"
LinkedIn Search No Cookies: Find Profiles & Verified Emails,PNDA,https://apify.com/pnda/linkedin-scraper?fpr=youssef,email-finders,3,5,,0,"LinkedIn people search, no cookies or login: find LinkedIn profiles and companies by job title, location and keywords (x-ray search, Sales Navigator alternative), scrape profiles, get verified emails"
Faire Scraper | Wholesale Products & Brands,kane liu,https://apify.com/lentic_clockss/faire-scraper?fpr=youssef,other-lead-sources,3,5,,0,"Scrape Faire.com wholesale marketplace: products, brands, categories & discover search. Extract product tokens, MOQ, retail/tester prices, ratings, brand pages. Export Excel, CSV, JSON. Guest preview - no retailer login required"
1688 Scraper,BlueskyScraper,https://apify.com/blueskyscraper/1688-scraper?fpr=youssef,other-lead-sources,3,4,,0,"Scrape 1688.com, China's wholesale market, without a login: keyword search in English or Chinese, full product pages with variants and specs, image search by photo, and factory and wholesaler lists. Prices in CNY and USD, English translations included. API ready"
Job Posting Monitor Clay-Ready Hiring Signal Discovery,Mamba Labs,https://apify.com/mambalabs/gtm-job-discovery?fpr=youssef,jobs-hiring-signals,3,4,,0,"Keyword-driven job posting monitor that finds companies hiring for any role across job boards. Returns flat, Clay-ready, firmographic-enriched rows with company LinkedIn URL per posting"
Instagram Story Downloader,Seemu Scraping,https://apify.com/seemuapps/instagram-story-downloader?fpr=youssef,social-leads,3,4,,0,Download all current Instagram stories of any public account anonymously - direct photo and video links plus optional saved media files
Website Email Extractor for Google Maps Leads & Domain Lists,Yukai Lin,https://apify.com/tidytools/website-contact-extractor?fpr=youssef,google-maps,3,4,,0,"Website email extractor and contact details scraper: add emails to Google Maps results or crawl a domain list. Best email per business with MX check, phones, socials. Does not scrape Maps itself.; nothing found = free"
Patents and Brands (INPI) - Brazil API by CNPJ (Tax ID),BrasilDados.org - API e Data as a Service,https://apify.com/brasildados/cnpj-trademarks-patents?fpr=youssef,brasil,3,4,,0,"Brands and patents (INPI) for any Brazilian company by CNPJ (Tax ID): aggregate counts plus brands and patents arrays, each with status, INPI process number, classes, dates and last INPI movement. Standby API POST /check. | Marcas e patentes (INPI) por CNPJ (Tax ID)"
Google News Scraper Brasil API - Monitor de Notícias e Marcas,BrasilDados.org - API e Data as a Service,https://apify.com/brasildados/google-news-scraper-brasil-api?fpr=youssef,brasil,3,4,,0,"Monitore notícias, marcas, empresas e temas no Google News com buscas em português e foco no Brasil. Informe uma ou várias consultas e exporte título, fonte, autores, link, domínio, imagens e data de publicação em JSON, CSV ou Excel para clipping, reputação, pesquisa de mercado e alertas"
Imovirtual Property Scraper - Portugal Real Estate | PPE,Vitalii Bondarev,https://apify.com/bovi/imovirtual-property-scraper?fpr=youssef,brasil,3,4,,0,"Scrape property listings from Imovirtual.com - Portugal's leading real estate portal covering Lisbon, Porto, Faro and every district. Returns price, area, rooms, location, agency and 40+ fields per listing. Pay per property delivered"
Upwork Jobs Scraper - Search & All Current Freelance Jobs,kane liu,https://apify.com/lentic_clockss/upwork-jobs-scraper?fpr=youssef,jobs-hiring-signals,3,3,,0,"Scrape public Upwork freelance jobs from the all-current feed or optional English keywords. Export titles, budget, skills, client signals, and job links with residential-proxy support"
"Brazil Tech Jobs Scraper - Stack, Seniority, Salary",Scrapewise Data,https://apify.com/scrapewise/vagas-tech-br?fpr=youssef,brasil,3,3,,0,"Brazilian tech job listings with the stack detected on the card (python, react, go...), seniority, remote flag, salary range when published, company and whether the listing has expired. Filter by stack, seniority and remote. No login. US; failed items are free"
Portugal Company Registry & NIPC Lookup Scraper,Scrapers Lat,https://apify.com/scrapers_lat/portugal-companies-scraper?fpr=youssef,brasil,3,3,,0,"Look up Portuguese companies by name or NIPC and export NIPC, legal name, legal form, CAE activity codes, registered address, municipality, district, share capital and incorporation date. Export to JSON, CSV or Excel"
Linkedin company scraper,Curious Coder,https://apify.com/curious_coder/linkedin-company-scraper?fpr=youssef,linkedin,2,1425,3,1,"This linkedin company extractor program gives you all available information several companies in bulk including name, address, phone numbers, website, employee count, etc"
Google Maps Business with Emails Extractor,Goldmine,https://apify.com/logical_scrapers/google-maps-email-extractor?fpr=youssef,google-maps,2,737,2.0,6,"Best for lead generation. Extract complete business information from Google Maps listing like ratings, opening hours, contact info, email addresses, social media links, and more. Ideal for building rich contact databases to support lead generation, market research, and business outreach"
Instagram Followers Scraper - Public Follower Data Export,DataFusionX,https://apify.com/devil_port369-owner/instagram-follower?fpr=youssef,social-leads,2,693,5.0,5,"Scrape a public Instagram account's follower list without login, cookies, or proxies. Get username, full name, profile URL, verification and privacy status per follower as flat JSON, CSV, or Excel"
Email Address Validator,Web Harvester,https://apify.com/web.harvester/email-address-validator?fpr=youssef,email-finders,2,650,2.5,2,"A powerful tool for validating and assessing the quality of email addresses. This Actor provides comprehensive information about email deliverability, format validity, and classification"
Instagram Bulk Message Sender,bhansalisoft,https://apify.com/bhansalisoft/instagram-bulk-message-sender?fpr=youssef,social-leads,2,601,1,2,Instagram Bulk Message Sender- is Advance Software for sending message to all instagram profiles using username
Google Maps Business Lead and Business Website Scraper,LeadGen Labs,https://apify.com/lead.gen.labs/google-maps-business-lead-and-business-website-scraper?fpr=youssef,google-maps,2,578,1.1,6,"Unlock valuable business leads by effortlessly scraping contact details - name, address, phone, website, and reviews - from Google Maps. Perfect for boosting your marketing outreach and sales pipeline"
Reddit Scraper Lite,Caleb David,https://apify.com/microworlds/reddit-scraper-lite?fpr=youssef,social-leads,2,509,4.9,10,"Pay Per Result, unlimited Reddit web scraper to crawl posts, comments, communities, subreddits, and users without login. Limit web scraping by number of posts or items and extract all data in a dataset in multiple formats"
Google Ads & Insight Scraper,SASWAVE,https://apify.com/saswave/google-ads-insight-scraper?fpr=youssef,other-lead-sources,2,339,5,1,"Extract ADS or INSIGHTS from a search url on google ads transparency website. From adstransparency.google.com get data about advertisers, regions, ADS, spend per advertisers / regions and more. Details on information page. Extract and analyze data from Google's Ads Transparency Center"
TikTok User Data Extractor,Sandalia Apps,https://apify.com/sandaliaapps/TikTok-User-Data-Extractor?fpr=youssef,social-leads,2,317,5,2,"Extract thousands of TikTok profiles in minutes! Use a list of URLs to gather data such as follower count, following count, likes, bio, video count, and more. Export in JSON, CSV, Excel, or XML. Automate your TikTok analysis!"
Reddit Comments Scraper,EasyApi,https://apify.com/easyapi/reddit-comments-scraper?fpr=youssef,social-leads,2,286,5,1,"Extract Reddit comments with their complete thread structure, including nested replies, user information, and engagement metrics. Perfect for analyzing discussions, sentiment analysis, and tracking community engagement on Reddit posts"
Google Maps Business Listing,TrueFetch,https://apify.com/truefetch/google-maps-business-listing?fpr=youssef,google-maps,2,284,5,2,"Google Maps business listings API: send a keyword and location to get 43-field records with IDs, categories, addresses, coordinates, review and photo counts, contacts, hours, hotel details, and attributes - no API key or daily quota"
Glassdoor Jobs Scraper,Silo,https://apify.com/silo/glassdoor-jobs-scraper?fpr=youssef,jobs-hiring-signals,2,269,5,2,"Introducing the Glassdoor Jobs Scraper for Apify! This cutting-edge tool simplifies job listing extraction from Glassdoor. Ideal for job seekers, recruiters, and market analysts, it provides extensive customization to meet diverse job-hunting and research requirements effortlessly"
Google Maps Fast Scraper,Miso,https://apify.com/xmiso_scrapers/google-maps-scraper?fpr=youssef,google-maps,2,223,4.8,12,"No need to overpay, Get Google maps results lighting fast, just for. Try it now!"
Instagram Followers Scrapper,mohamed el hadi msaid,https://apify.com/mohamedgb00714/instagram-followers-scrapper?fpr=youssef,social-leads,2,216,2.4,2,"Extract ONLY Instagram follower data at 500+ users/min. Proxy support, human behavior simulation, configurable pagination. Ideal for focused market research"
Free Google Maps Scraper - Low-cost & Extensive,Blue Orion,https://apify.com/blueorion/free-google-maps-scraper-extensive?fpr=youssef,google-maps,2,211,4.9,5,"Reliable Actor to Extract Google Maps data using Free Credit or. Extensive Data Outputs include `addresses`, `coordinates`, `reviews`, `menus`, `opening hours`, `gas station info`, `EV charging station info`, `tours and activities`, `admission and tickets`, and `hotel deals`"
Quora Search | Topic | Question-Answers | Scraper [No Login],Muhamed Didovic,https://apify.com/memo23/Quora-Scraper-with-optional-login?fpr=youssef,other-lead-sources,2,195,2.1,6,"Unlock the power of Quora! This scraper dives deep into search results, extracting questions, answers, and vital engagement metrics. Gain invaluable insights, save research time, and tap into the collective knowledge of experts and enthusiasts across countless topics"
Skool Members Scraper,Muhamed Didovic,https://apify.com/memo23/skool-members-scraper-rent?fpr=youssef,email-finders,2,195,2.9,2,"Boost your business leads with our Skool.com Groups' Members/Users Scraper. Gather user details like names, emails, and social media links (Facebook, Instagram, LinkedIn, Twitter, etc.). It is ideal for market research, competitor analysis, and lead generation. Save time with our advanced scraper"
LinkedIn Job Search Scraper,PowerAI,https://apify.com/powerai/linkedin-job-search-scraper?fpr=youssef,linkedin,2,194,1,1,"Extract job listings from LinkedIn with detailed metadata including job titles, company information, requirements, and direct URLs. Perfect for job market research, competitor analysis, and talent acquisition"
Upwork Jobs,datawizards,https://apify.com/hello.datawizards/upwork-jobs?fpr=youssef,jobs-hiring-signals,2,189,1,1,"Upwork-Jobs-Bulk-Scraper: Scrape Upwork job listings by keywords for structured data on titles, rates, and skills. Ideal for job market analysis and tracking freelance gigs. Use Apify Proxy to avoid blocks. Gain insights into freelance trends and rates"
Tiktok-Profile-Scraper,Lazy Scraper,https://apify.com/lazyscraper/tiktok-profile-scraper?fpr=youssef,social-leads,2,167,3,1,"This tool extracts public TikTok profile data with speed and accuracy. It collects key attributes including: - Username - Display Name - Bio - Profile Image URLs - Region - Profile Link - Verification Status - Engagement stats: Follower Count, Total Likes, Video Count"
Skool Scraper Goat,Goutam Soni,https://apify.com/goat255/skool-scraper-goat?fpr=youssef,other-lead-sources,2,152,3.0,3,"Discover Skool.com communities at scale and get clean metadata per community: pricing, estimated MRR and ARR, member and post counts, course counts, engagement metrics, and the owner profile. Search by keyword or paste community URLs. No login needed. Built-in MRR and price filters"
Gelbe Seiten Scraper | German Yellow Pages Scraper,Dominic M. Quaiser,https://apify.com/dominic-quaiser/gelbe-seiten-german-yellow-pages-scraper?fpr=youssef,directories,2,149,3.5,2,"Scrape German business listings from Gelbe Seiten with flexible detail levels. This Apify Actor supports fast, basic, and deep search modes, rate limiting, proxy rotation, and index control. Ideal for lead gen, SEO, and market research. Outputs structured data to Apify datasets"
"Idealista Scraper - Spain, Italy & Portugal Real Estate",Khadin Akbar,https://apify.com/khadinakbar/idealista-scraper?fpr=youssef,brasil,2,144,,0,"Scrape property listings from Idealista.com, Idealista.it, and Idealista.pt. Get prices, GPS, agent contacts, amenities, energy ratings, and 28+ fields. MCP/API-ready"
E-commerce Email Scraper - Cheap & Advanced,Storm_Scraper,https://apify.com/scrapestorm/e-commerce-email-scraper---cheap-advanced?fpr=youssef,email-finders,2,128,5,1,"Scrape E-commerce Emails Easily Enter your search parameters (e.g product keywords, email domains & platform) to collect verified seller or store contacts along with product title, store description & more Perfect for e-commerce lead generation, B2B outreach, product research & market analysis"
Free Google Ads Scraper,Bruce Martin,https://apify.com/cryptdarkly/google-ads-scraper?fpr=youssef,other-lead-sources,2,84,5,1,"The most robust, domain-focused Google Ads Scraper on Apify. Extract active ads, creative details, and landing pages with built-in OCR and stealth technology. FREE FOR A LIMITED TIME"
"Instagram Email Scraper - Advanced, Cheapest & Reliable",ContactMinerLabs,https://apify.com/contactminerlabs/instagram-email-scraper---advanced-cheapest-reliable?fpr=youssef,email-finders,2,83,,0,"Scrape Instagram Emails Enter your search parameters to collect verified contact emails from public Instagram profiles, along with profile title, bio snippet, source URL & platform info Perfect for lead generation, influencer outreach & data enrichment in tools like Google Sheets or CRMs"
eBay Scraper (Rental),3x1t,https://apify.com/3x1t/ebay-scraper?fpr=youssef,other-lead-sources,2,74,3.0,2,"Unlock access to millions of product listings on eBay thanks to this unofficial API. Get fast, exhaustive results for valuable e-commerce insights. Fast, cheap & reliable. Rental version"
"Idealista Scraper API - Spain, Italy & Portugal Real Estate",deusex machine,https://apify.com/makework36/idealista-scraper?fpr=youssef,brasil,2,68,,0,"Scrape Idealista property listings (Spain, Italy, Portugal). Get price, location, size, rooms, description, photos. HTTP only, fast, pay per result"
Snapchat Phone Number Scraper - Cheapest & Reliable,ContactMinerLabs,https://apify.com/contactminerlabs/snapchat-phone-number-scraper---cheapest-reliable?fpr=youssef,email-finders,2,67,1,1,"Scrape Mass/Bulk Snapchat Phone Numbers Enter your search parameters to collect verified phone numbers from Snapchat profiles, along with profile title, bio snippet, country, source URL & platform info Perfect for lead generation and contact enrichment in tools like Google Sheetsor CRMs"
Landwatch.com | Search | Details | Agent(s) Unlimited Scraper,Muhamed Didovic,https://apify.com/memo23/landwatch-scraper?fpr=youssef,other-lead-sources,2,50,5.0,3,"The LandWatch Scraper is a tool for extracting property data from LandWatch.com. Ideal for real estate investors, market analysts, and property researchers, it tracks property details, pricing, and listing information. It's perfect for anyone looking to gather comprehensive property data from a site"
500 Global Scraper,Michael G,https://apify.com/michael.g/500-global-scraper?fpr=youssef,other-lead-sources,2,45,5,3,"Scrape data on 500 Global companies from the 500 Global portfolio. Export scraped data, schedule via API, and integrate with other tools or AI workflows"
"Twitter Email Scraper - Advanced, Cheapest & Reliable",ContactMinerLabs,https://apify.com/contactminerlabs/twitter-email-scraper---advanced-cheapest-reliable?fpr=youssef,email-finders,2,39,,0,"Scrape X Emails Enter your search parameters to collect verified contact emails from public X profiles, along with profile title, bio snippet, source URL & platform info Perfect for lead generation, influencer outreach & data enrichment in tools like Google Sheets or CRMs"
Imovirtual Scraper,Marco Rodrigues,https://apify.com/dadhalfdev/imovirtual-scraper?fpr=youssef,brasil,2,34,,0,"Extract detailed property listings from Imovirtual.com, Portugal's leading real estate platform. Get comprehensive property data for market analysis, lead generation, or research purposes"
Holidaycheck.de Hotels Scraper,Lexis Solutions,https://apify.com/lexis-solutions/holidaycheck-scraper?fpr=youssef,other-lead-sources,2,32,5.0,6,"Detailed hotel reviews with the Holidaycheck.de Hotels Scraper. Extract ratings, photos, and prices directly from Holidaycheck.de. Enhance your business intelligence or travel decision-making with accurate, real-time hotel data"
Linkedin Conversation Scraper,Data LinkMiner,https://apify.com/data_link_miner/linkedin-conversation-scraper?fpr=youssef,linkedin,2,31,3,1,"Extract and manage LinkedIn inbox chat / message / messaging conversations at scale. Allows you to analyze LinkedIn chat history from your inbox. Supports inbox filtering. Data about conversations, participants, messages. Perfect for CRM sync, sales workflow, recruiting pipelines, and analytic"
Instagram Growth & Engagement Tracker,Seemu Scraping,https://apify.com/seemuapps/instagram-growth-tracker?fpr=youssef,social-leads,2,25,,0,"Track Instagram follower growth and engagement over time run on a schedule to log follower deltas, average likes/comments, engagement rate, and posting frequency for any profile"
Sulekha Scraper,HappiTap,https://apify.com/happitap/sulekha-scraper?fpr=youssef,other-lead-sources,2,24,,0,"Sulekha Scraper - Extract Service Providers & Business Listings from India: local service providers, tutors, packers and movers, home services, education, and more across Indian cities"
Website Screenshot & PDF API - Fast Captures,George Kioko,https://apify.com/george.the.developer/screenshot-pdf-api?fpr=youssef,other-lead-sources,2,23,,0,"Capture pixel-perfect screenshots and PDFs from any URL in under 3 seconds. PNG/JPEG/WebP formats, custom viewports, full-page capture, batch up to 20 URLs"
Consulta CEP em Lote - Endereços Brasileiros,MoreLock,https://apify.com/paulovitor18/cep-bulk-lookup?fpr=youssef,brasil,2,23,,0,"Consulte endereços brasileiros por CEP em lote: busca de endereço por CEP com lista direta ou CSV, sem limite de volume. Retorna logradouro, bairro, município, UF, DDD e código IBGE. API pronta para enriquecer planilhas de vendas, e-commerce e CRM"
"Naukri Scraper - India Jobs, Salary & Company Ratings",Haketa,https://apify.com/haketa/naukri-scraper?fpr=youssef,jobs-hiring-signals,2,21,,0,"Extract India job listings with salary data from Naukri.com - India's #1 job portal. Get salary ranges (min/max/currency), skills, experience levels, and company ratings by keyword and city. For recruitment intelligence, salary benchmarking, and Indian job market research"
OLX Portugal Classifieds Scraper,Automation Lab,https://apify.com/automation-lab/olx-portugal-classifieds-scraper?fpr=youssef,brasil,2,21,,0,"Scrape public OLX.pt classifieds from category/search pages. Export prices, locations, images, seller details, and listing URLs"
Quinto Andar API com monitoramento,Leadercorp,https://apify.com/leadercorp/quintoandar-monitor?fpr=youssef,brasil,2,16,3,1,"Coleta e monitora imóveis do QuintoAndar. Suporta aluguel e compra, paginação completa, modo rápido/completo, monitoramento de mudanças de preço e disponibilidade"
Wedding Vendor Aggregator Scraper (The Knot + WeddingWire),BowTiedRaccoon,https://apify.com/jungle_synthesizer/wedding-vendor-aggregator-scraper?fpr=youssef,email-finders,2,14,,0,"Unified scraper for wedding vendor profiles across The Knot and WeddingWire. Returns vendor name, phone, email and website (where public), Instagram / Facebook / Pinterest / X handles, location, ratings, review count, awards, price range, and capacity. Built for wedding-industry sales teams"
ReclameAqui Scraper API - Reputation & Complaints,WebData Labs,https://apify.com/webdata_labs/reclameaqui-scraper?fpr=youssef,brasil,2,14,,0,"[ ] Monitor Brazilian brand reputation, complaint trends, response rates, resolution scores, and recent customer issues from public ReclameAqui pages"
"YouTube Video Scraper [FAST] | Views, Duration & Thumbnails",Apizy,https://apify.com/apizy/youtube-video-scraper?fpr=youssef,social-leads,2,13,5.0,5,"Turn any YouTube channel into a clean dataset. Pull titles, url, views, durations, thumbnails, and publish dates for up to 1,000 videos in one run, great for content research, competitor tracking. Most runs finish in under 10 seconds. Pay, only when it succeeds. Failures are free"
OLX Portugal Property Scraper,Trove Vault,https://apify.com/trovevault/olx-portugal-property-scraper?fpr=youssef,brasil,2,12,,0,"Discover public OLX Portugal property listings by location, operation, and property type. Extract prices, areas, rooms, features, images, and URLs"
Imovirtual Scraper - Portugal Real Estate Data,Logiover,https://apify.com/logiover/imovirtual-pt-scraper-portugal-real-estate?fpr=youssef,brasil,2,12,,0,"Scrape real estate listings from Imovirtual.com - Portugal's major property portal (OLX Group). No browser, no API key. Filter by location, buy/rent, property type, price (EUR), area, rooms and owner type. Returns price, m², price/m², full Portuguese address, agency and image gallery per listing"
Trustpilot Review Scraper,cloud9,https://apify.com/cloud9_ai/trustpilot-scraper?fpr=youssef,directories,2,10,,0,"Scrape Trustpilot business reviews and ratings. Extract reviewer names, ratings, review text, dates, and company response data for reputation monitoring and competitive analysis"
SGCarMart Vehicle Scraper,BowTiedRaccoon,https://apify.com/jungle_synthesizer/sgcarmart-vehicle-scraper?fpr=youssef,other-lead-sources,2,9,,0,"Scrape used car listings from SGCarMart, Singapore's dominant vehicle marketplace. Extract make, model, price, COE, OMV, ARF, depreciation, mileage, dealer info, and more"
Diário Oficial da União Scraper - DOU Monitor Brazil,BrasilDados.org - API e Data as a Service,https://apify.com/brasildados/dou-monitor?fpr=youssef,brasil,2,9,,0,"Monitor Brazil's Official Gazette (DOU) publications by keyword/search term. Returns contracts, ordinances, sanctions and more from the last 3 days. Schedule daily runs to track companies, competitors or regulatory changes"
Lead Engine,Miso,https://apify.com/xmiso_scrapers/lead-engine?fpr=youssef,other-lead-sources,2,8,5,5,Lead Engine
Licitações PNCP Brasil - Editais e Contratos,Johnn Mottin,https://apify.com/johnatan029/pncp-licitacoes-brasil?fpr=youssef,brasil,2,8,,0,"Monitore licitações, pregões, dispensas e contratos públicos do Brasil pela API oficial do PNCP. Filtre por período, modalidade, UF, município, CNPJ do órgão e palavras-chave, e exporte valores, prazos, órgãos, fornecedores vencedores e links em JSON estruturado"
Carrefour Brazil Product & Price Scraper,Latin America Data,https://apify.com/latinamericadata/carrefour-brasil?fpr=youssef,brasil,2,8,,0,"Extraia produtos, preços, descontos, estoque, EAN, marcas e sellers do Carrefour Brasil. Scraper para pricing, catálogo, BI e monitoramento de preços. Exporte em JSON, CSV ou Excel e integre por API, webhooks e automações"
Twitter (X) Lists Search Scraper - Cheap,ContactMinerLabs,https://apify.com/contactminerlabs/twitter-x-lists-search-scraper---cheap?fpr=youssef,social-leads,2,7,1,1,"Search Mass/Bulk Twitter Lists Enter any keyword & extract relevant Twitter (X) Lists, including list name, description & direct List URL Perfect for audience research, niche discovery, influencer mapping, competitor analysis, community insights & feeding ur CRM, datasets or AI pipelines"
Brazilian Companies Finder - by CNAE & State (CNPJ Discovery),Gangary,https://apify.com/gangary/cnpj-discovery?fpr=youssef,brasil,2,7,,0,"Find every active Brazilian company matching a CNAE activity code and state in seconds - no scraping, powered by an official Receita Federal data index. Filter further by city and company size. Get CNPJ, legal name, trade name, activity, city, size and opening date"
Brazil Government Contracts Check - CNPJ Contract Scraper,BrasilDados.org - API e Data as a Service,https://apify.com/brasildados/government-contracts-check?fpr=youssef,brasil,2,7,5,1,"Check Brazilian companies by CNPJ for active and historical federal government contracts. Get contract values, dates, status, procurement method, contracting agencies and supplier details for KYB, compliance, due diligence and supplier screening via Batch or Standby API"
CVM Fundos de Investimento - Brazilian Investment Funds API,Jenko Systems,https://apify.com/jenko_systems/cvm-fundos-investimento?fpr=youssef,brasil,2,7,,0,"Dados completos de fundos de investimento brasileiros (FI + FII + ETF) direto da CVM. Cadastro, informe diário, composição de carteira, ranking. Sem auth, dados sempre atualizados"
Apartments.com Rental Scraper - Apartments & Houses,kane liu,https://apify.com/lentic_clockss/apartments-com-rental-scraper?fpr=youssef,other-lead-sources,2,6,,0,"Scrape Apartments.com rentals by US city. Extract apartment, house, condo, and townhome prices, phones, addresses, amenities, floorplans, and units. An Apartments.com API alternative for Excel, CSV, or JSON"
Planity Salon Scraper,Figue,https://apify.com/figue/planity-salon-scraper?fpr=youssef,other-lead-sources,2,6,,0,"Scrape Planity salon pages for structured business data: services & pricing, customer reviews with detailed ratings, staff profiles, photos, opening hours, and GPS coordinates. Export as JSON, CSV, or Excel. Perfect for market research and lead generation in the beauty industry"
API de Busca Devedores do Governo Federal PGFN por CNPJ,BrasilDados.org - API e Data as a Service,https://apify.com/brasildados/consulta-lista-devedores-pgfn?fpr=youssef,brasil,2,6,,0,"Consulta CNPJ na Lista de Devedores da PGFN (dívida ativa da União/FGTS): retorna se consta, nome do devedor e total da dívida, ou a ausência de resultado. | Check a CNPJ against the PGFN Debtors List: listed status, debtor name and total debt, or absence of result"
Kompass Scraper | B2B Companies & Products Directory,kane liu,https://apify.com/lentic_clockss/kompass-scraper?fpr=youssef,b2b-databases,2,5,,0,"Scrape Kompass B2B companies & products across ~70 country sites. Company/product search, details, region & sector browse. Export Excel/CSV/JSON. Unofficial - not affiliated with Kompass"
Pinterest Search Scraper: Keyword to Pins,The Mine Works,https://apify.com/themineworks/pinterest-search-scraper?fpr=youssef,social-leads,2,5,,0,"Search Pinterest by keyword and get every matching pin: image URL, save count, board, destination link and timestamp. No login, no API key. Works in Claude, ChatGPT and any MCP compatible AI agent"
Brazilian New Companies (CNPJ) - Fresh Monthly Leads,Brazilayer,https://apify.com/brazilayer/brazilian-new-companies?fpr=youssef,brasil,2,5,,0,"Every company newly registered in Brazil, by opening date, industry (CNAE), state and size - with name, CNPJ, address, phone and e-mail. From the official Receita Federal registry, refreshed monthly. A database query, not a scraper: no breakage, no rate limit"
Americanas Brazil Product & Price Scraper,Latin America Data,https://apify.com/latinamericadata/americanas-brasil?fpr=youssef,brasil,2,5,,0,"Extraia produtos, preços, descontos, estoque, marcas e sellers da Americanas Brasil. Scraper para pricing, BI, catálogo e monitoramento de ofertas. Exporte em JSON, CSV ou Excel e integre por API, webhooks e automações"
Google Play Scraper | Apps & Developer Emails,kane liu,https://apify.com/lentic_clockss/google-play-scraper?fpr=youssef,email-finders,2,4,,0,"Scrape Google Play Store Android apps by keyword, category, country, or package ID. Extract ratings, installs, prices, developer names, support emails, and website URLs. Guest listings do not publish developer phone or street address. 183 storefronts. CSV, Excel, JSON. No Google account"
Ecommerce Leads by Country - Shopify Stores Scraper,Blackcube,https://apify.com/vonsensey/ecommerce-leads-scraper-shopify-stores-by-country?fpr=youssef,email-finders,2,4,,0,"Build a country-scoped ecommerce lead list from Shopify stores, filtered on the market each store declares for itself rather than guessed from its language. Every record carries currency, the full ships-to list, contact email, socials, store size and installed apps"
RemoteOK Jobs Scraper - Search & All Current Remote Jobs,kane liu,https://apify.com/lentic_clockss/remoteok-all-jobs-scraper?fpr=youssef,jobs-hiring-signals,2,4,,0,"Search current RemoteOK jobs by keyword or export all current remote roles with salary, tags, location, apply links, and normalized fields for hiring and lead workflows"
Company Contact Details Extractor - Emails and Phone,Mamba Labs,https://apify.com/mambalabs/company-contact-details-extractor?fpr=youssef,email-finders,2,4,,0,"Finds a company contact page from its domain and returns role email addresses, a main phone number and a postal address in one flat row. Role addresses only, never a named individual. Clay ready, one row per company"
"Gere Certidões PDF por CPF/CNPJ - RFB, Simples, CCC e Suframa",BrasilDados.org - API e Data as a Service,https://apify.com/brasildados/emissor-certidoes-rfb-mei-ccc-suframa?fpr=youssef,brasil,2,4,,0,"Consulte até 20 CPFs ou CNPJs e receba os principais dados da empresa com certificados válidos em PDF, emitidos e verificados durante a execução. Gere comprovantes RFB, Simples Nacional e MEI, CCC ou Suframa, com links registrados no resultado via Batch ou Standby"
Amazon Products Scraper (Brasil),Lucas Missalia,https://apify.com/citrine_osmosis/amazon-products-scraper-brasil?fpr=youssef,brasil,2,4,,0,Aplicativo que coleta automaticamente e estrutura dados de produtos disponíveis publicamente a partir de anúncios da Amazon para análise e monitoramento
Casas Bahia Brazil Product & Price Scraper,Latin America Data,https://apify.com/latinamericadata/casas-bahia-brasil?fpr=youssef,brasil,2,4,,0,"Extraia produtos, preços, descontos, estoque, marcas e sellers da Casas Bahia. Scraper para pricing, catálogo, BI e monitoramento de ofertas no Brasil. Exporte em JSON, CSV ou Excel e integre por API, webhooks e automações"
Drogasil Brazil Pharmacy Product & Price Scraper,Latin America Data,https://apify.com/latinamericadata/drogasil-brasil?fpr=youssef,brasil,2,4,,0,"Extraia medicamentos e produtos da Drogasil Brasil com precos, descontos, estoque, EAN, marcas, categorias, receita, imagens e URLs. Scraper e API para farmacia, saude e inteligencia de ecommerce"
"OLX Brazil Scraper - Listings, Prices, Cars & Leads",Scrape Sage,https://apify.com/scrapesage/olx-brazil-scraper?fpr=youssef,brasil,2,4,,0,"Scrape OLX Brazil (olx.com.br) classifieds & marketplace - cars, motorcycles, real estate, electronics, jobs & more. Get title, price, price drops, full typed specs, location, photos, seller name & dealer leads, market price reference + new-listing/price-drop monitoring. No login, key or browser"
ERA Portugal Property Scraper,Trove Vault,https://apify.com/trovevault/era-portugal-property-scraper?fpr=youssef,brasil,2,4,,0,"Discover public ERA Portugal property listings by location, operation, and property type. Extract prices, areas, rooms, features, images, and URLs"
CustoJusto Product Details Scraper,ecomscrape,https://apify.com/ecomscrape/custojusto-product-details-scraper?fpr=youssef,brasil,2,4,,0,"CustoJusto.pt Product Details Scraper automates extraction of comprehensive product listings including real estate, vehicles, electronics, and services. Efficiently collect detailed classified ad data from Portugal's leading marketplace for market analysis, price intelligence, and research"
New Shopify Stores Scraper - Recently Launched Brands,Blackcube,https://apify.com/vonsensey/new-shopify-stores-scraper-recently-launched?fpr=youssef,email-finders,2,3,,0,"Find recently launched Shopify stores while they are still choosing their tools. Estimates each store's launch from the oldest product it ever published and filters on it, so a shop that started this year separates cleanly from one that started a decade ago. Contact details and store size included"
"Liquor License Leads: New Bars, Restaurants & Liquor Stores",Zach Wallace,https://apify.com/registryfeeds/liquor-license-monitor?fpr=youssef,other-lead-sources,2,3,,0,"Find new bars, restaurants and liquor stores before they open. Tracks new, pending and changed liquor license filings across 8 US states (CA, TX, NY, CO, MO, OR, WA, CT) from official state alcohol boards, in one deduplicated feed with change alerts for sales prospecting"
FFA Athletics Clubs · French Directory,Corentin Robert,https://apify.com/corent1robert/ffa-clubs-scraper?fpr=youssef,directories,2,3,,0,"Export French athletics club contacts from FFA. Names, emails, phones, GPS, stadium and labels - one row per club. Public directory. No login. No API key"
Influencer Profile Pulse - Track Public Activity,David A,https://apify.com/unrivaled_fortress/influencer-profile-pulse?fpr=youssef,social-leads,2,3,,0,"Track public profile activity of influencers and creators across 6 platforms: GitHub, Twitter, Reddit, npm, TikTok, Instagram. Capture snapshots of bio, followers, avatar to detect daily changes. Pay per result"
BlueSky Profile Data Extractor,Sandalia Apps,https://apify.com/sandaliaapps/bluesky-profile-data-extractor?fpr=youssef,other-lead-sources,2,3,,0,"Bluesky profile Data Extractor extracts user details including handle, bio, avatar, verification, followers, and activity metrics in structured JSON format"
Google Images Scraper - Full-Res Image URLs & Source Pages,Data Runner,https://apify.com/jurassic_jove/google-images-scraper?fpr=youssef,other-lead-sources,2,3,,0,"Scrape Google Images at scale. Get real full-resolution image URLs, source pages, dimensions and file sizes - not expiring thumbnails. Filter by usage rights"
Google Ads Transparency Scraper - Competitor Ads & Ad Copy,Alom Dev,https://apify.com/alom/google-ads-transparency-scraper?fpr=youssef,social-leads,2,3,,0,"See every Google ad a competitor runs: Ads Transparency Center by domain, brand or advertiser, with the real ad copy (headlines, descriptions, 13 languages), landing pages, political ads, regions and dates. Search, YouTube, Shopping and Display. No login"
"ATS Jobs Scraper: Greenhouse, Lever, Workday, Workable +9",Ctrio Lab,https://apify.com/ctriolab/ats-jobs-feed?fpr=youssef,jobs-hiring-signals,2,3,,0,"Scrape open jobs from 13 ATS career pages: Greenhouse, Lever, Ashby, Workday, SmartRecruiters, Workable, Recruitee, Personio, BambooHR, Breezy, Pinpoint, Rippling, Teamtailor. One clean format, salaries, remote flag, filters, new-jobs-only mode"
Brazil Company Leads by CNAE & City (Leads CNPJ),Jefferson Valandro,https://apify.com/jeffev/leads-empresas-brasil-cnpj?fpr=youssef,brasil,2,3,,0,"Find active Brazilian companies by industry (CNAE), city, size and opening date - including businesses opened in the last days - with phone, e-mail, address and partners from the official Receita Federal registry. Leads de empresas brasileiras por CNAE, cidade e data de abertura"
Mapa de Filiais por CNPJ - Rede Empresarial,Johnn Mottin,https://apify.com/johnatan029/branch-network?fpr=youssef,brasil,2,3,,0,"Mapeie as filiais de uma empresa pela raiz do CNPJ usando dados abertos oficiais da Receita Federal. Receba CNPJ completo, UF, município, CNAE, situação e data de início por filial, além de totais por UF e status. Aceita CNPJ numérico ou alfanumérico e declara o frescor mensal"
Brazil CNPJ Scraper & Bulk Lookup - Receita Federal Data,NeverEmpty,https://apify.com/neverempty/brazil-cnpj-scraper?fpr=youssef,brasil,2,3,,0,"Bulk CNPJ lookup for Brazilian companies: legal name, status, CNAE, capital, address, phones, Simples/MEI and shareholders from Receita Federal open data. Check digits are verified first, so a typo is never reported as ""company not found"""
OLX Brasil Carros Data Scraper,w3crawler,https://apify.com/w3crawler/olx-cars-scraper?fpr=youssef,brasil,2,3,,0,"Extracts public OLX Brasil vehicle listings with prices, FIPE references, vehicle attributes, photos, and descriptions"
PNCP Brazil Public Procurement Data Scraper,Latin America Data,https://apify.com/latinamericadata/pncp-brasil?fpr=youssef,brasil,2,3,,0,"Pesquise contratações públicas no PNCP por palavra-chave, estado, modalidade e data. Extraia órgão, objeto, valores, prazos e links oficiais do Brasil. Exporte em JSON, CSV ou Excel e integre por API, webhooks e automações"
KaBuM Brazil Product & Price Data Scraper,Latin America Data,https://apify.com/latinamericadata/kabum-brasil?fpr=youssef,brasil,2,3,,0,"Extraia produtos, preços, descontos, avaliações, marcas e estoque da KaBuM. Scraper para monitorar ofertas, concorrentes e catálogo de tecnologia. Exporte em JSON, CSV ou Excel e integre por API, webhooks e automações"
Catho Brazil Jobs & Salary Listings Scraper,Scrapers Lat,https://apify.com/scrapers_lat/catho-brasil-jobs-scraper?fpr=youssef,brasil,2,3,,0,"Scrape Catho (catho.com.br) job listings across Brazil: job title, hiring company, salary, city and state, contract type, remote / home office flag, posted date and a description excerpt. Search many keywords or paste search URLs in one run. Export to JSON, CSV or Excel"
VivaReal Brazil Real Estate Scraper | Property Listings API,Scrapers Lat,https://apify.com/scrapers_lat/vivareal-scraper?fpr=youssef,brasil,2,3,,0,"Scrape VivaReal Brazil property listings for sale and rent (imoveis a venda e aluguel). Get price, condo fee, IPTU, area, bedrooms, address, GPS, photos, amenities and advertiser contacts (phone, WhatsApp, CRECI). Filter by city, price, type, bedrooms. Export JSON, CSV, Excel. Run via API"
Brazil ANVISA Registered Products Lookup,Alison Moura,https://apify.com/jgoia/anvisa-products-lookup?fpr=youssef,brasil,2,3,,0,"Lookup/search Brazil's official ANVISA registry of registered products - medications, cosmetics, sanitizers, and health products/medical devices - by registration number, product name, or manufacturer CNPJ. Charged per matched product record returned"
"iDinheiro Scraper: Brazil Loans, Credit Cards & Rates",Scrapers Lat,https://apify.com/scrapers_lat/idinheiro-scraper?fpr=youssef,brasil,2,3,,0,"Scrape iDinheiro.com.br, Brazil's comparador financeiro: loans and credit cards. Get lender, ranking, monthly interest rate (taxa de juros), CET, annual rate, reais amount range, Reclame Aqui rating, annual fee (anuidade), minimum income and partner flag. Filter and export JSON, CSV, Excel"
ZAP Imoveis Scraper | Brazil Real Estate Listings & Prices,Roberto Kerber,https://apify.com/plum_spear/aztec-zapimoveis?fpr=youssef,brasil,2,3,,0,"Scrape ZAP Imoveis - Brazil's largest real estate portal - by city, price and property type. Returns price, condo fee, IPTU, area, bedrooms, bathrooms, parking, full address, geo coordinates and the listing URL as clean structured data"
ZAP Imoveis Scraper: Brazil Property Listing Alerts,Adrian Voss,https://apify.com/accountable_eel/zapimoveis-listing-lookup?fpr=youssef,brasil,2,3,,0,"ZAP Imoveis scraper by search: get one row per listing (price, condo fee, IPTU, area, bedrooms, bathrooms, parking, neighbourhood, link). Turn on monitoring for only new listings and price drops since your last run. No login required; empty searches and quiet monitoring runs are free"
VivaReal Scraper: Brazil Property Listing Alerts,Adrian Voss,https://apify.com/accountable_eel/vivareal-listing-lookup?fpr=youssef,brasil,2,3,,0,"VivaReal scraper by search: get one row per listing (price, condo fee, IPTU, area, bedrooms, bathrooms, parking, neighbourhood, link). Turn on monitoring for only new listings and price drops since your last run. No login required; empty searches and quiet monitoring runs are free"
Open Food Facts Brazil Scraper,Crawler Bros,https://apify.com/crawlerbros/open-food-facts-brazil-scraper?fpr=youssef,brasil,2,3,5,1,"Scrape Brazilian food products from Open Food Facts Brazil (br.openfoodfacts.org) - search by name, category, or brand. Returns product names, ingredients, nutrition facts, Nutri-Score, barcodes, packaging, and more. No API key required"
Brazil Selic Interest Rate Scraper,Automation Lab,https://apify.com/automation-lab/brazil-selic-rate-history?fpr=youssef,brasil,2,3,,0,"Export official Banco Central do Brasil Selic target and effective rate observations by date for dashboards, models, monitoring, and data pipelines"
BCB Brazil Central Bank Series Scraper,ParseForge,https://apify.com/parseforge/bcb-brazil-central-bank-scraper?fpr=youssef,brasil,2,3,,0,Scrapes any time series from the BCB SGS API by numeric ID. Returns every observation as a flat row with a date and value. No API key needed
OLX Portugal Scraper - Classifieds & Marketplace,Studio Amba,https://apify.com/studio-amba/olx-pt-scraper?fpr=youssef,brasil,2,3,,0,"Scrape classified listings, prices in EUR, seller info, condition, location, and photos from OLX.pt - Portugal's largest classifieds and marketplace platform. No login or cookies required"
"Standvirtual Scraper | Portugal Used Cars, Prices & Specs",Roberto Kerber,https://apify.com/plum_spear/aztec-standvirtual?fpr=youssef,brasil,2,3,,0,"Scrape Standvirtual - Portugal's #1 automotive marketplace - by brand, model, and price. Extract car prices in EUR, mileage, fuel type, year, and ad URLs as clean structured JSON"
Imovirtual Scraper - Portugal Property Listings & Agents,SIÁN OÜ,https://apify.com/sian.agency/imovirtual-property-scraper?fpr=youssef,brasil,2,3,,0,"Scrape Imovirtual.com property listings across Portugal with GPS coordinates, energy certificate, build year, agency phone numbers and the full advert text - not just the search-card summary"
Imovirtual Scraper - Portugal Real Estate,Scrape Sage,https://apify.com/scrapesage/imovirtual-scraper?fpr=youssef,brasil,2,3,,0,"Scrape Portugal real-estate listings from imovirtual.com search URLs: price, price per m2, area, rooms, floor, address, coordinates, agency and images. Paste search URLs or bulk-import a file. Buy and rent, apartments, houses and land. No API key, runs through Apify Proxy"
Portugal Supermarket Prices Scraper,Trove Vault,https://apify.com/trovevault/portugal-supermarket-prices?fpr=youssef,brasil,2,3,,0,"Scrape current product and promotional prices from Continente, Auchan, and Pingo Doce in one normalized dataset"
Continente Portugal Prices Scraper,Trove Vault,https://apify.com/trovevault/continente-portugal-prices?fpr=youssef,brasil,2,3,,0,"Scrape current Continente Portugal product prices, promotions, brands, package sizes, unit prices, images, and URLs"
Imovirtual Property Scraper,Gio,https://apify.com/gio21/imovirtual-scraper?fpr=youssef,brasil,2,3,,0,"Scrape property listings from Imovirtual.com (Portugal real estate): price, area, rooms, location, agency"
"Otodom, Storia, Imovirtual Scraper (search, filters, alerts)",Viktor Dubnytskiy,https://apify.com/datahamster/olx-group-real-estate?fpr=youssef,brasil,2,3,,0,"Otodom.pl, Storia.ro and Imovirtual.com scraper for OLX Group real estate: flats, houses and land to rent or buy, by location, price, area and rooms or any result URL. Rows with price, price per m2, area, rooms, floor, district, city, agency, photos. Monitor mode alerts on new listings"
Imovirtual Property Price Scraper,Jad D,https://apify.com/madjad33/imovirtual-property-scraper?fpr=youssef,brasil,2,3,,0,"Scrape Imovirtual.com property listings into clean JSON or CSV: asking price, price per m2, floor area, rooms, floor, parish and district. Any Portuguese city, sale or rental. No login, no browser, no personal data"
"Otodom, Storia & Imovirtual Scraper",Patarapong Limvipaveeanan,https://apify.com/woonmapao/otodom-scraper?fpr=youssef,brasil,2,3,,0,"Scrape property listings (price, m², rooms, location, agency) from Otodom.pl, Storia.ro and Imovirtual.com search results. Fast HTTP-only, no browser"
Booking.com Hotels Scraper - Worldwide Search & Categories,kane liu,https://apify.com/lentic_clockss/booking-hotels-scraper?fpr=youssef,other-lead-sources,2,2,,0,"Scrape Booking.com hotel search results for any destination worldwide. Extract names, prices, ratings, locations, room types, and listing links. Filter by property category or leave empty for all types"
Property Finder Scraper | UAE Saudi Egypt Bahrain Qatar,kane liu,https://apify.com/lentic_clockss/property-finder-uae-scraper?fpr=youssef,other-lead-sources,2,2,,0,"Scrape Property Finder UAE, Saudi Arabia, Egypt, Bahrain & Qatar listings for sale or rent. Extract prices, beds, RERA, agents & images. Property Finder API alternative"
Email Finder API - Find Work Email by Name and Domain,PNDA,https://apify.com/pnda/email-finder?fpr=youssef,email-finders,2,2,,0,"No API key required. Email lookup by name + company domain (or company name): find anyone's work email, verified live over SMTP. Hunter alternative: pay only for verified emails, -all guesses free"
eJobs.ro Job Listings Scraper,Vitalii Bondarev,https://apify.com/bovi/ejobs-ro-scraper?fpr=youssef,jobs-hiring-signals,2,2,,0,"Extract Romanian job listings from the public eJobs JSON API, including job taxonomy, company and location metadata, and optional full job descriptions"
"Unsplash Email Scraper - Advanced, Cheapest & Reliable",ContactMinerLabs,https://apify.com/contactminerlabs/unsplash-email-scraper---advanced-cheapest-reliable?fpr=youssef,email-finders,2,2,,0,"Scrape Unsplash Emails Enter your search parameters to collect verified contact emails from public Unsplash profiles, along with profile title, bio, source URL & platform info Perfect for lead generation, influencer outreach & data enrichment in tools like Google Sheets or CRMs"
"Bitbucket Email Scraper - Advanced, Cheapest & Reliable",ContactMinerLabs,https://apify.com/contactminerlabs/bitbucket-email-scraper---advanced-cheapest-reliable?fpr=youssef,email-finders,2,2,,0,"Scrape Bitbucket Emails Enter your search parameters to collect verified contact emails from public Bitbucket profiles, along with profile title, bio snippet, source URL & platform info Perfect for lead generation, influencer outreach & data enrichment in tools like Google Sheets or CRMs"
"Product Hunt Scraper - Launches, Comments & Leads",Filipe Alves,https://apify.com/philzx/ph-launch-intelligence?fpr=youssef,other-lead-sources,2,2,,0,"Scrape Product Hunt launches, full comments, makers, videos, built-with tools, momentum scores, websites, and lead signals via fast HTTP-only extraction"
"Webmotors Scraper: Carros, Precos e Leads",Latin America Data,https://apify.com/latinamericadata/webmotors-brasil?fpr=youssef,brasil,2,2,,0,"Extraia carros do Webmotors com preco, km, ano, vendedor, localizacao, fotos e links. Scraper e API para leads e inteligencia automotiva no Brasil. Exporte em JSON, CSV ou Excel e integre por API, webhooks e automações"
"MercadoLibre Scraper - Prices & Discounts, incl. Mercado Livre",SR,https://apify.com/s-r/mercadolibre-scraper?fpr=youssef,brasil,2,2,,0,"Export products from MercadoLibre and Mercado Livre category and deals pages in 14 Latin American countries: title, current and previous price, discount label, item ID, image, link, shipping and installment text. For price monitoring, promotion tracking and assortment research"
RE/MAX Portugal Scraper,SolidCode,https://apify.com/solidcode/remax-scraper?fpr=youssef,brasil,2,2,,0,"Extract property listings from RE/MAX Portugal (remax.pt) - homes and commercial real estate to buy or rent. 60+ fields per property: descriptions in 6 languages, all photos, GPS, energy ratings, price history, and agent contacts. Search by location with price, bedroom, area, and type filters"
"Net-Empregos.pt Scraper: Portugal Jobs, Salaries and Employers",NanoScrape,https://apify.com/santamaria-automations/net-empregos-pt-scraper?fpr=youssef,brasil,2,2,,0,"Scrape job listings from Net-Empregos.com, Portugal's number-one job board. Returns title, company, location, Portuguese distrito, contract type, salary in EUR, experience level, education level, and full description"
Imovirtual Property Discovery Scraper,Trove Vault,https://apify.com/trovevault/imovirtual-property-discovery-scraper?fpr=youssef,brasil,2,2,,0,"Discover public Imovirtual property listings by location, operation, and property type. Extract prices, areas, rooms, seller labels, images, and listing URLs"
Website Contact & Socials Extractor,Embion,https://apify.com/embion/website-contact-socials-extractor?fpr=youssef,email-finders,1,920,3.8,3,"Crawl company websites and extract emails, phone numbers and links to Discord, Facebook, Instagram, LinkedIn, Pinterest, Reddit, Snapchat, Telegram, TikTok, Twitch, Twitter/X and YouTube. 2 hour trial available"
Facebook Comments Scraper,DataVoyantLab,https://apify.com/datavoyantlab/facebook-comments-scraper?fpr=youssef,social-leads,1,692,5,2,"Extract Facebook comments from any post, page, or group. Download hundreds of comments with user data and engagement metrics in JSON, CSV, or Excel format"
Clutch.co Search Results Scraper ( Pay Per Results),Gopalakrishnan,https://apify.com/gopalakrishnan/clutch-companies-scraper?fpr=youssef,directories,1,467,3.9,3,"This Apify actor swiftly scrapes Clutch.co search results for lead generation. Get essential company data - names, URLs, ratings - for. Integrates seamlessly with enrichment tools. Fast, efficient, and cost-effective!"
"Crunchbase Scraper: 130+ Fields, No API Key",Scrapefull,https://apify.com/scrapefull/crunchbase-scraper?fpr=youssef,b2b-databases,1,408,1,1,"Extract 130+ fields from any Crunchbase company page: funding, investors, founders, contacts, and more. No API key or subscription needed. Export to JSON, CSV, or Excel"
Verified B2B Email & Phone Scraper| Lead Generation Tool,Manish,https://apify.com/hi_world/Leadscraper?fpr=youssef,email-finders,1,364,,0,"AI-powered B2B lead scraper that searches the web for real business websites and extracts emails, phones, socials, and contact names. Supports any keyword and location, crawls domains directly, and returns clean, verified leads up to your chosen limit"
Email & Contact Extractor From Any Web,EasyApi,https://apify.com/easyapi/email-contact-extractor-from-any-web?fpr=youssef,email-finders,1,330,,0,"A powerful web scraper that automatically extracts emails, phone numbers, and social media profiles from any website. Features deep crawling, smart retry mechanism, and advanced pattern recognition. Perfect for lead generation and contact discovery"
Advanced Clutch.co Scrapper,ScrapeVerse,https://apify.com/scrapeverse/advanced-clutch-co-scrapper?fpr=youssef,directories,1,328,4,1,Get most detailed response from this Advanced Clutch.co Scrapper. That automates data extraction process for Clutch.co company data. Just add urls of clutch.co company profile pages and get insightful structured data right away
Zillow Agent Scraper (All-in-one),Storm_Scraper,https://apify.com/scrapestorm/zillow-agent-scraper-all-in-one?fpr=youssef,other-lead-sources,1,300,3.9,10,"Unlock the power of Zillow with automated agent profile scraping (All-in-one) - effortlessly gather insights on Real Estate Agents, Home Improvement Pros, Property Managers, Inspectors, and Photographers. Customize advanced queries. No proxy needed for fast, efficient scraping!"
Facebook Group Members Scraper - Fast & cheap,Storm_Scraper,https://apify.com/scrapestorm/my-actor-1?fpr=youssef,social-leads,1,281,3.1,26,"Easily gather data about members from Facebook groups. Enter the group URL to retrieve key info like member name, profile URL, join time, profile picture & more. Seamlessly integrate with tools like Google Drive, Zapier, and others to streamline your workflow and boost productivity!"
Shopify App Store Scraper,BowTiedRaccoon,https://apify.com/jungle_synthesizer/shopify-app-store-scraper-2?fpr=youssef,other-lead-sources,1,276,1,1,"Scrape apps from the Shopify App Store with pricing, ratings, developer info, and user reviews. Also scrapes the Shopify Theme Store - theme name, designer, price, features, presets, version and reviews"
Github Users Scraper,Tin,https://apify.com/dtrungtin/github-users-scraper?fpr=youssef,email-finders,1,276,4,1,"Github Users Scraper is an Apify actor for extracting users or emails from Github. It allows you to extract all watchers, stargazers, and members from a repository page"
Instagram Bulk Profiles Email Scraper,bhansalisoft,https://apify.com/bhansalisoft/instagram-bulk-profiles-email-scraper?fpr=youssef,email-finders,1,246,,0,Instagram Bulk Profiles Email Scraper- Scrap Emails from bulk Instagram Profile link using Google Search Engine
Youtube Channel Bulk Email Scraper,bhansalisoft,https://apify.com/bhansalisoft/youtube-channel-bulk-email-scraper?fpr=youssef,email-finders,1,229,1,2,Youtube Channel Bulk Email Scraper- Scrap Emails from bulk youtube channel link using discription information on YouTube channel
Advanced Clay People Scraper Verified Leads,Solana Dev,https://apify.com/solana/advanced-clay-people-scraper-verified-leads?fpr=youssef,other-lead-sources,1,226,5.0,5,"WORKS WITH FREE ACCOUNTS (without any credits). Extract accurate Clay People leads - full names, roles & companies. Blazing-fast, enhanced, CRM-ready. Works securely with your `claysession` cookie"
Website Contact Scraper,SASWAVE,https://apify.com/saswave/website-contact-scraper?fpr=youssef,email-finders,1,220,,0,"Crawl multiple website at once and extract their social accounts (linkedin, facebook, instagram) and the emails found"
Facebook Comments Scraper (All-in-One) Fast & cheap,Storm_Scraper,https://apify.com/scrapestorm/facebook-comments-scraper-all-in-one-fast-cheap?fpr=youssef,social-leads,1,205,4.8,9,"Collect comments from public Facebook posts effortlessly with this powerful tool! Automate the extraction of author info, comments, and timestamps ⏰. Scrape not only post comments but also comments from images and videos. Ideal for social media analysis and data insights !"
Linkedin People Search Scraper: generate leads from Linkedin,Goldmine,https://apify.com/logical_scrapers/linkedin-people-search-scraper?fpr=youssef,linkedin,1,202,1,2,"scrapes LinkedIn people search results. Extract detailed profile information with support for advanced filtering including industry, location, company, experience, and more"
Jobs Scraper,WebScrap,https://apify.com/webscrap18/job-scraper?fpr=youssef,jobs-hiring-signals,1,163,5,1,"A comprehensive job scraping actor for Apify that collects job listings from multiple platforms including LinkedIn, Glassdoor, Google Jobs, Bayt, and Naukri"
Zillow Scraper,Emmanuel Uchenna,https://apify.com/eunit/zillow-scraper?fpr=youssef,other-lead-sources,1,127,,0,"Extract data about properties for sale and rent on Zillow using the Zillow API, but with no daily call limits. Scrape millions of listings and download your data as HTML, JSON, CSV, Excel, or XML. Export scraped data, run the scraper via API, schedule and monitor runs, or integrate with other tools"
Social Media Email Finder,Caprolok,https://apify.com/caprolok/social-media-email-finder?fpr=youssef,email-finders,1,113,5,1,"Quickly generate targeted email leads from Instagram, TikTok, YouTube, LinkedIn, and Twitter. Effortlessly search by keywords and locations, obtaining structured contact details and direct links. Perfect for marketers, recruiters, and sales professionals"
Bluesky Users Scraper,Lexis Solutions,https://apify.com/lexis-solutions/bluesky-users-scraper?fpr=youssef,other-lead-sources,1,90,4.8,11,"The Apify Bluesky Users Scraper allows a programmatic search of the Bluesky user database and the option to export to CSV, JSON, Excel, or integration with Zapier, Make, or any custom workflow"
Kununu.com Companies Scraper,Lexis Solutions,https://apify.com/lexis-solutions/kununu-scraper?fpr=youssef,b2b-databases,1,86,5,8,"Company data with Kununu.com Companies Scraper. Streamline your data collection process by directly extracting employee insights, ratings, and workplace reviews from Kununu. Enhance your business intelligence and make informed decisions with accurate, real-time data"
Totaljobs Scraper,Lexis Solutions,https://apify.com/lexis-solutions/totaljobs-scraper?fpr=youssef,jobs-hiring-signals,1,79,4.0,12,"The Totaljobs scraper is a web scraping tool that retrieves job postings from Totaljobs, a job search website in the UK"
InfoJobs.net Scraper,Lexis Solutions,https://apify.com/lexis-solutions/infojobs-net-scraper?fpr=youssef,jobs-hiring-signals,1,76,5,7,"Scraper to extract data from InfoJobs.net job postings such as company name, job title, location, salary, contract type, and job description"
Bandsintown Scraper,Lexis Solutions,https://apify.com/lexis-solutions/bandsintown-scraper?fpr=youssef,other-lead-sources,1,76,5,3,"Scrape event and artist data from Bandsintown.com - including event names, artists, dates, venues, and ticket links. Ideal for event aggregation, trend analysis, and marketing insights. Fast, structured, and customizable extraction from a leading live music platform"
Vivareal Property Search Scraper,Stealth mode,https://apify.com/stealth_mode/vivareal-property-search-scraper?fpr=youssef,brasil,1,70,,0,"Scrape comprehensive property listings from VivaReal.com.br, Brazil's leading real estate marketplace. Extract prices, locations, amenities, property details, and developer information from search results. Perfect for real estate agencies, property investors, market analysts, and market research"
Viewstats.com Search Results and Channel Details Scraper,Muhamed Didovic,https://apify.com/memo23/viewstats-scraper?fpr=youssef,social-leads,1,65,5,1,"Unlock powerful insights from YouTube channels with the Viewstats Search Results and Channel Details Scraper. Get in-depth analytics, growth metrics, and channel comparisons effortlessly"
Exa.ai People Search,Fantastic.jobs,https://apify.com/fantastic-jobs/exa-ai-people-search?fpr=youssef,enrichment-verification,1,57,,0,"Unofficial Apify wrapper for Exa.ai's People search. 1 Billion+ Profiles! Advanced people search for sales, recruiting, and market research. Find professionals by role, location, skills, and more across LinkedIn and other professional networks"
Youtube Ads Realtime Scraper,SASWAVE,https://apify.com/saswave/youtube-advertisers-scraper?fpr=youssef,social-leads,1,56,,0,"Youtube ads scraper, from a youtube video, extract youtube advertisers from youtube ads showing on youtube videos. Extract the list of advertisers with multiple data. Is ad skipable, ad duration, ad CTA, ad description, ad video url, advertiser name, website CTA"
CNPJ Brazilian Company Enricher,SilentFlow,https://apify.com/silentflow/cnpj-enricher?fpr=youssef,brasil,1,54,,0,"Enrich Brazilian CNPJ numbers with complete company data from 3 official sources. Get legal name, trade name, address, phone, email, CNAE activity codes, tax regime (Simples/MEI), shareholders with roles, entry dates and nationality, plus state tax registrations. Fast bulk processing for B2B leads"
ZAP Imóveis Scraper - Anúncios de Venda e Aluguel,MoreLock,https://apify.com/paulovitor18/zap-imoveis-scraper?fpr=youssef,brasil,1,49,,0,"Extrai listagens do ZAP Imóveis com filtros por bairro, preço, tipo de negócio e imóvel. Retorna dataset limpo com preço, condomínio, quartos, área, logradouro e link direto. Sem proxy necessário. Ideal para análise de mercado imobiliário, monitoramento de preços e geração de leads no Brasil"
DentalPlans.com Dentist Scraper,EasyApi,https://apify.com/easyapi/dentalplans-com-dentist-scraper?fpr=youssef,email-finders,1,38,5,1,"Extract detailed dentist information from DentalPlans.com search results, including practice details, contact info, and appointment availability. Perfect for healthcare research, provider analysis, and dental market insights"
Facebook Hashtag Posts Scraper - Cheap,ContactMinerLabs,https://apify.com/contactminerlabs/facebook-hashtag-posts-scraper---cheap?fpr=youssef,social-leads,1,34,,0,"Scrape Facebook Hashtag Posts Instantly Enter a hashtag and instantly extract highly relevant Facebook posts, including title, post type, date, views, description & post URL Perfect for content research, trend analysis, dataset creation, and enriching your automations or AI pipelines"
Avvo (Avvo.com) Attorney Scraper,The Howlers,https://apify.com/alizarin_refrigerator-owner/avvo-avvo-com-attorney-scraper?fpr=youssef,email-finders,1,31,,0,"Extract attorney profiles, ratings, reviews & contact information from Avvo.com the leading legal directory in the US. Attorney profiles Ratings & reviews Practice areas Contact information Credentials Legal industry research Lead generation Reputation monitoring Market analysis Recruiting"
Mobile.de Reviews Scraper,Lexis Solutions,https://apify.com/lexis-solutions/mobile-de-reviews-scraper?fpr=youssef,other-lead-sources,1,29,5,5,Collect comprehensive reviews of auto sellers from Mobile.de for in-depth market analysis and competitor insights. | Sammeln Sie umfassende Bewertungen von Autoverkäufern auf Mobile.de für eine gründliche Marktanalyse und Wettbewerbsinformationen
CaleProcure California Contracts Scraper - No Login,Fortuitous Pirate,https://apify.com/fortuitous_pirate/caleprocure-scraper?fpr=youssef,other-lead-sources,1,27,,0,"Search California government contracts on CaleProcure. Get bid opportunities, RFPs, contract awards, and vendor info. Essential for CA government contractors. No login or cookies. MCP-ready for AI agents"
LinkedIn Ads Scraper (Advanced & Cheaper ),Storm_Scraper,https://apify.com/scrapestorm/linkedin-ads-scraper-advanced-cheaper?fpr=youssef,linkedin,1,23,2.8,6,"Looking for a LinkedIn ads scraper to fetch sponsored ad details? With the LinkedIn Ads Scraper, easily collect ad listings based on keywords, companies, locations & more. Retrieve details like advertiser names, ad headlines, commentary, image URLs, event dates, and links to detailed ad pages"
Webmotors Scraper - Brazilian Cars,Gio,https://apify.com/gio21/webmotors-scraper-v2?fpr=youssef,brasil,1,22,,0,"Scrape Webmotors.com.br Brazilian car listings: make, model, year, price, km, location, seller type"
LinkedIn Posts Scraper - Cheap,ContactMinerLabs,https://apify.com/contactminerlabs/linkedin-posts-scraper---cheap?fpr=youssef,linkedin,1,21,,0,"Scrape Mass/Bulk LinkedIn Posts Enter any keyword & extract highly relevant LinkedIn posts, including title, description, mentions & post URL Perfect for content research, trend analysis, audience insights, influencer tracking, competitor monitoring & enriching your CRM or AI pipelines"
Shopee Phone Number Scraper - Cheapest,ContactMinerLabs,https://apify.com/contactminerlabs/shopee-phone-number-scraper---cheapest?fpr=youssef,email-finders,1,19,,0,"Scrape Mass / Bulk Shopee Phone Numbers Enter your search criteria to collect phone numbers from Shopee shops, seller profiles and product listings, along with shop names, seller titles, URLs & listing details Perfect for lead generation, supplier research, e-commerce and market analysis"
"Mercadolibre Email Scraper - Advanced, Cheapest & Reliable",ContactMinerLabs,https://apify.com/contactminerlabs/mercadolibre-email-scraper---advanced-cheapest-reliable?fpr=youssef,email-finders,1,19,,0,"Scrape Mass/Bulk Mercadolibre Emails [Cheapest] Enter your search parameters to collect verified contact emails from Mercadolibre profiles, along with profile title, bio, URL & platform info Perfect for lead generation, influencer outreach & data enrichment in tools like Google Sheets or CRMs"
VivaReal Scraper | Brazil Real Estate BRL Pricing,Haketa,https://apify.com/haketa/vivareal-scraper?fpr=youssef,brasil,1,19,,0,"VivaReal scraper & API for Brazilian real estate: search property for sale and rent and export address, price, condo fee, beds, baths, parking, area, type, amenities, photos and coordinates. Brazil property market data and real-estate lead generation - fast, no login"
Brazil CNPJ Lookup Scraper,ParseForge,https://apify.com/parseforge/brazil-cnpj-scraper?fpr=youssef,brasil,1,18,,0,"Scrapes Brazilian company registration data by CNPJ number. Returns each company as a flat row with name, address, activity codes, and legal status. Supports bulk lookup and exports to CSV, JSON, Excel, or XML"
Brazil Government Transparency - Public Spending,viralanalyzer,https://apify.com/viralanalyzer/brazil-government-transparency?fpr=youssef,brasil,1,18,5,4,"Extract Brazilian government data: public spending, contracts, agreements"
Yelp Phone Number Scraper - Cheapest,ContactMinerLabs,https://apify.com/contactminerlabs/yelp-phone-number-scraper---cheapest?fpr=youssef,email-finders,1,17,,0,"Scrape Yelp Phone Numbers Instantly Enter a keyword and extract phone numbers from Yelp business listings, including restaurants, salons, contractor & service providers - including business name, phone number, and source URL Perfect for local business outreach, lead generation & CRM enrichment"
"Goodreads Email Scraper - Advanced, Cheapest & Reliable",ContactMinerLabs,https://apify.com/contactminerlabs/goodreads-email-scraper---advanced-cheapest-reliable?fpr=youssef,email-finders,1,15,,0,"Scrape Goodreads Emails Enter your search parameters to collect verified contact emails from Goodreads profiles, along with profile title, bio, source URL & platform info Perfect for lead generation, influencer outreach & data enrichment in tools like Google Sheets or CRMs"
Brazil New Companies / Empresas Recém-Abertas (CNPJ),Sync Thornx06,https://apify.com/syncthornx06/brazil-new-companies?fpr=youssef,brasil,1,14,,0,"Newly registered Brazilian companies (new CNPJs) from official Receita Federal data. Filter by state, city, industry (CNAE), size and date. | Empresas recém-abertas no Brasil direto da Receita Federal. Filtre por estado, cidade, setor (CNAE), porte e data de abertura"
Banco do Brasil Imóveis API,Brasil Scrapers,https://apify.com/brasil-scrapers/banco-do-brasil-imoveis-api?fpr=youssef,brasil,1,14,,0,"API confiável de leilões de imóvel Banco do Brasil. Esta ferramente de web scraper permite buscar dados no site de leilões do Banco do Brasil com diversos filtros específicos por estado, cidade e etc. Solução ótima para criar automações e análise do mercado de leilões imobiliário"
Gupy.io Jobs Scraper,Shahid Irfan,https://apify.com/shahidirfan/Gupy-io-Jobs-Scraper?fpr=youssef,brasil,1,12,5,2,"Extract job listings from Gupy, Brazil's leading recruitment platform. Scrape job titles, company details, salary ranges, and application links in seconds. Perfect for job boards, data analysis, and recruitment automation. Get structured datasets with zero coding required"
Brazil CNPJ Scraper. Receita Federal Company Records,Seemu Scraping,https://apify.com/seemuapps/brasil-cnpj-scraper?fpr=youssef,brasil,1,11,,0,"Look up Brazilian companies by CNPJ - full Receita Federal record: legal name, address, status, share capital, CNAE industry codes, partners (QSA), tax regime history, and contact details"
Brazil Companies Certificates API - 8 Official Documents,BrasilDados.org - API e Data as a Service,https://apify.com/brasildados/brazil-companies-certificates-api?fpr=youssef,brasil,1,10,,0,"Issue 8 official Brazil company certificates by CNPJ: PGFN, FGTS, labor lawsuits, CNDT, CGU, CNJ, IBAMA and COMEX. Get status, validity, protocol, structured data and a hosted PDF or HTML file. Use Batch or Standby API for KYB, compliance and supplier due diligence"
Prospect Engine: B2B Company and Contact Enrichment,Mamba Labs,https://apify.com/mambalabs/b2b-prospect-engine?fpr=youssef,b2b-databases,1,9,,0,"Turn a domain or a hiring keyword into enriched company records and verified contacts. Resolves the real employer behind a job posting, scores ICP fit, and returns one flat Clay-ready row per entity with per-field provenance. Bring your own vendor keys"
Fresha Salon Scraper,Figue,https://apify.com/figue/fresha-salon-scraper?fpr=youssef,other-lead-sources,1,9,,0,"Scrape Fresha salon pages for structured business data: services & pricing, customer reviews, staff profiles, photos, opening hours, and GPS coordinates. Export as JSON, CSV, or Excel. Perfect for market research and lead generation in the beauty & wellness industry"
"OLX Brazil Scraper - Classifieds, Cars, Real Estate & Leads",Scrapers Lat,https://apify.com/scrapers_lat/olx-scraper?fpr=youssef,brasil,1,8,,0,"Scrape OLX Brasil (olx.com.br) classified ads with no login or API key. Get title, price, condition, category, seller, location, images plus typed car specs (make, model, year, km, fuel) and real estate specs (bedrooms, area, condo fee). Filter by keyword, state and price. Export JSON, CSV, Excel"
PropertyGuru Scraper | Singapore Malaysia Real Estate API,kane liu,https://apify.com/lentic_clockss/propertyguru-sg-scraper?fpr=youssef,other-lead-sources,1,7,,0,"Scrape PropertyGuru Singapore & Malaysia plus CommercialGuru - HDB, condo, landed, rooms, office & retail for sale or rent. Prices, agents & images - PropertyGuru API alternative"
Proff.no Scraper,SolidCode,https://apify.com/solidcode/proff-no-scraper?fpr=youssef,b2b-databases,1,7,,0,"[ ] Extract Norwegian company data from proff.no - names, organisation numbers, contacts, addresses, industries, and headline financials. Search by keyword and county, or by proff.no search URLs"
Brazil CNPJ Due Diligence Report - Company Background Check,BrasilDados.org - API e Data as a Service,https://apify.com/brasildados/cnpj-due-diligence-report?fpr=youssef,brasil,1,7,,0,"Due diligence dossier per Brazilian CNPJ, by email: registration, owners, lawsuits, government debts and sanctions/PEP. Vendor vetting, KYC, credit.. | Dossiê de due diligence por CNPJ por e-mail: cadastro, sócios, processos, dívidas e sanções/PEP. USpor dossiê"
"B2B Leads Brazil - Find, Enrich & Score in One Run",Gangary,https://apify.com/gangary/b2b-leads-brazil?fpr=youssef,brasil,1,7,,0,"Give a CNAE activity + state, get a ready-to-call B2B lead list: discovers matching Brazilian companies, pulls each one's public contact data, and scores every lead 0-100 against your ICP - sorted best-first. One run, no scraping. Gerador de leads B2B do Brasil"
InfoJobs Brazil Jobs & Vacancies Scraper,Latin America Data,https://apify.com/latinamericadata/infojobs-brasil?fpr=youssef,brasil,1,7,,0,"Extraia vagas do InfoJobs Brasil por termo com cargo, empresa, local, salário, modalidade, descrição e link. Scraper para empregos e análise laboral. Exporte em JSON, CSV ou Excel e integre por API, webhooks e automações"
"Vimeo Email Scraper - Advanced, Cheapest & Reliable",ContactMinerLabs,https://apify.com/contactminerlabs/vimeo-email-scraper---advanced-cheapest-reliable?fpr=youssef,email-finders,1,6,,0,"Scrape Vimeo Emails Enter your search parameters to collect verified contact emails from public Vimeo profiles, along with profile title, bio snippet, source URL & platform info Perfect for lead generation, influencer outreach & data enrichment in tools like Google Sheets or CRMs"
Brazil JUCESP Junta Comercial State Registry Scraper,BowTiedRaccoon,https://apify.com/jungle_synthesizer/brazil-jucesp-junta-comercial-state-scraper?fpr=youssef,brasil,1,6,,0,"Search São Paulo Junta Comercial (JUCESP) by company name, CNPJ, or NIRE. Returns NIRE, CNPJ, company type, constitution date, share capital, business object, and address. Every term returns a row - a confirmed ""not registered in SP"" counts as a result. For KYC, AML, and M&A diligence"
Infojobs Brazil Scraper (),Iñigo Garcia Olaizola,https://apify.com/igolaizola/infojobs-brazil-scraper?fpr=youssef,brasil,1,6,,0,"Brazil job listings from www.infojobs.com.br by keyword. Export Brazilian hiring data with salary, experience, company, location, dates, and job URLs for recruiting and market research"
Continente Portugal Supermarket Scraper - Groceries & EAN,Studio Amba,https://apify.com/studio-amba/continente-pt-scraper?fpr=youssef,brasil,1,6,,0,"Scrape the Continente Portugal supermarket by keyword: product names, brands, prices in EUR, unit prices, categories, images and optional EAN barcodes from product pages. No login or cookies"
LinkedIn Services & Products Scraper - Cheap,ContactMinerLabs,https://apify.com/contactminerlabs/linkedin-services-products-scraper---cheap?fpr=youssef,linkedin,1,5,,0,"Search Mass/Bulk LinkedIn Services Enter any keyword & extract relevant LinkedIn services and products, including name, description, displayed URL & service page link Perfect for market research, B2B lead generation, competitor analysis, product discovery & feeding your CRM, AI pipelines"
OpenSooq Scraper | 20 Markets Sale & Rent,kane liu,https://apify.com/lentic_clockss/opensooq-real-estate-scraper?fpr=youssef,other-lead-sources,1,5,,0,"Scrape OpenSooq property listings across 20 MENA markets for sale or rent. Extract prices, beds, area, location & photos. OpenSooq API alternative"
LinkedIn Profile Posts Scraper,Stable,https://apify.com/lightmoon/linkedin-profile-posts-scraper?fpr=youssef,linkedin,1,5,,0,"Posts from any LinkedIn person's public profile: text, exact publication time, reactions, comment counts, media and repost source. No login, no cookie. About a dozen recent posts per person, date and reaction filters so a repeat run only pays for what is new. Comment text optional"
"Brazilian Company Database (CNPJ) - 69M Leads, No Scraping",Brazilayer,https://apify.com/brazilayer/brazilian-company-search?fpr=youssef,brasil,1,5,,0,"Search Brazil's official company registry by industry code (CNAE), state, city, size, capital and founding date. Returns name, CNPJ, full address, phone and e-mail. Straight from the Receita Federal bulk dataset - a database query, not a scraper, so it does not break and does not rate-limit"
Brazil CNPJ KYC Scraper - PEP Sanctions & Compliance Check,BrasilDados.org - API e Data as a Service,https://apify.com/brasildados/cnpj-kyc-compliance-pep-checker?fpr=youssef,brasil,1,5,,0,"Brazilian CNPJ KYC & Compliance lookup: PEP flag/history, sanctions and electoral donations in one call. For KYC/KYB and AML. | KYC e Compliance de CNPJ: PEP, sanções e doações eleitorais em uma chamada. Para KYC/KYB e AML"
CNPJ Lookup - Consulta CNPJ Receita Federal (Brazil),PublicData,https://apify.com/publicdata/cnpj-lookup-receita-federal?fpr=youssef,brasil,1,5,,0,"Brazil CNPJ lookup and company data from Receita Federal open data: legal name, trade name, registration status, CNAE activities, legal nature, share capital, size, address, contacts and the full list of partners. Batch input, two official mirrors with automatic failover"
Pichau Brazil Product & Price Scraper,Latin America Data,https://apify.com/latinamericadata/pichau-brasil?fpr=youssef,brasil,1,5,,0,"Extraia produtos da Pichau Brasil com precos PIX, descontos, estoque, parcelas, hardware, computadores, perifericos, imagens e URLs. Scraper e API para gaming e inteligencia de ecommerce"
Brazil CNJ Court Cases Scraper,ParseForge,https://apify.com/parseforge/brazil-cnj-court-scraper?fpr=youssef,brasil,1,5,,0,"Scrapes Brazilian court cases from the CNJ DataJud index. Filter by tribunal, case number, or class name. Returns each case as a flat row"
"Webmotors Scraper | Brazil Used Cars, Prices & Specs",Roberto Kerber,https://apify.com/plum_spear/aztec-webmotors?fpr=youssef,brasil,1,5,,0,"Scrape Webmotors - Brazil's largest automotive marketplace - by keyword or model. Returns make, model, year, odometer, price, transmission, color, seller, city, state and listing URL as clean structured data. Built for price monitoring, dealership research and market intelligence"
Catho Jobs Scraper,BowTiedRaccoon,https://apify.com/jungle_synthesizer/catho-jobs-scraper?fpr=youssef,brasil,1,5,,0,"Scrape job listings from Catho.com.br - Brazil's largest paid job board. Extract job title, company, salary, location, employment type, benefits, and full description. Ideal for salary benchmarking, labor market analysis, and job aggregators"
"Idealista Scraper | Spain, Italy & Portugal Property Data",WebData Labs,https://apify.com/webdata_labs/idealista-scraper?fpr=youssef,brasil,1,5,,0,"[ - no start fee] Scrape any Idealista search across Spain, Italy and Portugal: homes, rooms, garages, offices, premises, land, buildings, storage, for sale or rent. Price, m2, EUR/m2 vs market median, agency and price cuts per row, plus optional listing-page detail"
Thomasnet Scraper | US Industrial Suppliers,kane liu,https://apify.com/lentic_clockss/thomasnet-scraper?fpr=youssef,b2b-databases,1,4,,0,"Scrape Thomasnet (www.thomasnet.com) US industrial B2B suppliers via keyword search, heading categories, and company profiles. Extract tgramsId, location, sales, employees, capabilities, and profile URLs. Export Excel, CSV, or JSON. Unofficial - not affiliated with Thomas Publishing / Thomasnet"
REMAX Phone Numbers & Emails Real Estate Agents Scraper,ContactMinerLabs,https://apify.com/contactminerlabs/remax-phone-numbers-emails-real-estate-agents-scraper?fpr=youssef,email-finders,1,4,,0,"Easily collect agent emails & phone numbers Provide one or multiple agent search URLs and extract key contact data Agent Name Phone Number Professional Email Languages Spoken URL Perfect for email outreach campaigns, cold calling & building targeted real estate prospect lists"
"Figma Email Scraper - Advanced, Cheapest & Reliable",ContactMinerLabs,https://apify.com/contactminerlabs/figma-email-scraper---advanced-cheapest-reliable?fpr=youssef,email-finders,1,4,,0,"Scrape Figma Emails Enter your search parameters to collect verified contact emails from public Figma profiles, along with profile title, bio, source URL & platform info Perfect for lead generation, influencer outreach & data enrichment in tools like Google Sheets or CRMs"
Brazil Due Diligence - CNPJ Registry + Reclame Aqui,MoreLock,https://apify.com/paulovitor18/brazil-company-due-diligence?fpr=youssef,brasil,1,4,,0,"Vet a Brazilian company by CNPJ: official registry (name, status, owners, contacts, activity, capital, risk) plus its Reclame Aqui reputation (score, complaints, % solved) in one record. Deterministic CNPJ match - never the wrong company. Honest abstain when none exists. Pay per result"
Newly Opened Brazilian Companies - by CNAE & State,Gangary,https://apify.com/gangary/new-brazilian-companies?fpr=youssef,brasil,1,4,,0,"Find Brazilian companies opened recently, filtered by CNAE activity, state, city and size - straight from the official Receita Federal registry index. The hottest B2B lead: a brand-new company buying its first accountant, bank, software and marketing. Empresas abertas recentemente por CNAE e estado"
"VivaReal & ZAP Imóveis Scraper (rent, sale, filters, alerts)",Viktor Dubnytskiy,https://apify.com/datahamster/brazil-real-estate-listings?fpr=youssef,brasil,1,4,,0,"VivaReal and ZAP Imóveis scraper for Brazil real estate (imóveis para alugar e comprar): search by state, city, bairro, type, bedrooms and price, or paste any result URL. Rows with price, condo fee, IPTU, area, quartos, vagas, address with coordinates. Monitor mode alerts on new listings"
Standvirtual Portugal Car Scraper,DevilScrapes,https://apify.com/devilscrapes/standvirtual-portugal-cars?fpr=youssef,brasil,1,4,,0,"Scrape used-car listings from standvirtual.com, Portugal's #1 car marketplace (OLX/Adevinta group) - price (EUR), make, model, year, mileage, fuel, gearbox, engine power, seller (dealer/private), location, and photos. Export to JSON or CSV; optionally enrich with the full Portuguese description"
Realtor.com Agents Scraper - Profiles & Contact Data,kane liu,https://apify.com/lentic_clockss/realtor-com-agents-scraper?fpr=youssef,email-finders,1,3,,0,"Scrape Realtor.com agents by US city or ZIP. Extract real estate agent phones, emails, ratings, sales stats, brokerage, languages, and served areas. A Realtor.com agent API alternative for Excel, CSV, or JSON"
Trip.com Phone Number Scraper - Cheapest,ContactMinerLabs,https://apify.com/contactminerlabs/trip-com-phone-number-scraper---cheapest?fpr=youssef,email-finders,1,3,,0,"Scrape Mass / Bulk Trip.com Phone Numbers Enter your search criteria to collect phone numbers from Trip.com hotel pages, customer service contacts and travel partner listings, along with hotel names, URLs & more Perfect for lead generation, travel industry research and market analysis"
Strava Phone Number Scraper - Cheapest,ContactMinerLabs,https://apify.com/contactminerlabs/strava-phone-number-scraper---cheapest?fpr=youssef,email-finders,1,3,,0,"Scrape Mass / Bulk Strava Phone Numbers Enter your search parameters to collect phone numbers from Strava athlete profiles, clubs, and community content, along with athlete or club name, URL & more Perfect for lead generation, fitness outreach, club recruitment and contact enrichment"
Podcast Host Lead Scraper,Ken M,https://apify.com/scrapemint/podcast-host-leads?fpr=youssef,email-finders,1,3,,0,"Search the podcast directory by keyword and turn shows into B2B leads: the host's public email, show name, author, website, category, episode count, and last-episode date. One lead per podcast. Keyless, no API key"
ZAP Imóveis Brazil Real Estate Data Scraper,Latin America Data,https://apify.com/latinamericadata/zap-imoveis-brasil?fpr=youssef,brasil,1,3,,0,"Extraia anúncios do ZAP Imóveis com preços, localização, área, quartos, vagas e anunciante. Scraper para leads, pesquisa e inteligência imobiliária. Exporte em JSON, CSV ou Excel e integre por API, webhooks e automações"
Brazil CNPJ Scraper - No Login,Khrystyna Skotte,https://apify.com/chimerical_quicklime/brazil-cnpj-scraper?fpr=youssef,brasil,1,3,,0,"Look up Brazilian companies by CNPJ. Returns full Receita Federal record: legal name, trade name, address, phone, email, capital, share capital, primary and secondary economic activities (CNAE), partners (QSA), opening date. No login or cookies. MCP-ready for AI agents"
"Brazil Company Risk Score - Registry, Reputation & Protests",MoreLock,https://apify.com/paulovitor18/brazil-company-risk-score?fpr=youssef,brasil,1,3,,0,"Score any Brazilian company by CNPJ into one auditable risk record: Receita Federal registry status, judicial distress, Reclame Aqui reputation, and optional São Paulo protests. Deterministic CNPJ match, transparent weighted score, honest abstain. Pay per result"
OLX Brasil Scraper,Marco Rodrigues,https://apify.com/dadhalfdev/olx-brasil-scraper?fpr=youssef,brasil,1,3,,0,"Scrape cars, real estate, phones, and other ads from olx.com.br. Use the same listing filters as the site or paste an OLX URL - the URL wins when set"
ANP Brazil Fuel Prices & Gas Station Scraper,Latin America Data,https://apify.com/latinamericadata/anp-precos-combustiveis-brasil?fpr=youssef,brasil,1,3,,0,"Extraia preços de gasolina, etanol, diesel e GLP publicados pela ANP por estado e cidade. Dados de postos, bandeiras e preços para BI e análise de mercado. Exporte em JSON, CSV ou Excel e integre por API, webhooks e automações"
InfoJobs Brazil Jobs Scraper - Low-cost,Prime Scrape,https://apify.com/delectable_incubator/infojobs-brazil-jobs-scraper-low-cost?fpr=youssef,brasil,1,3,,0,"Scrape InfoJobs Brazil job listings with a powerful job scraper. Extract job titles, company names, company ratings, locations, salaries, work modes, dates, and job URLs directly from InfoJobs search results. Ideal for job market research, salary benchmarking and hiring trend analysis"
Gupy.io Scraper - Brazil Job Board,Unfenced Group,https://apify.com/unfenced-group/gupy-scraper?fpr=youssef,brasil,1,3,,0,"Extract job listings from any Gupy.io company career page. No proxy, no API key. 64 fields per job including hiring pipeline stages, benefits, company social links and full structured address"
Catho.com.br Jobs Scraper - Baixo custo Low-cost,Prime Scrape,https://apify.com/delectable_incubator/catho-com-br-jobs-scraper-baixo-custo-low-cost?fpr=youssef,brasil,1,3,5,1,"Scrape Catho.com.br job listings with a powerful Brazil job scraper. Extract job titles, companies, locations, salaries, vacancies, and update dates. Ideal for job aggregation platforms, recruitment insights, and Brazilian job market analysis with structured datasets"
IBGE Brazil Statistics Scraper,ParseForge,https://apify.com/parseforge/ibge-brazil-scraper?fpr=youssef,brasil,1,3,,0,"Scrapes official Brazilian statistics from the IBGE SIDRA database by mode: localidades, aggregate catalogue, data observations, metadata, or periods. Returns each record as a flat row"
RE/MAX Portugal Property Scraper,Trove Vault,https://apify.com/trovevault/remax-portugal-property-scraper?fpr=youssef,brasil,1,3,,0,"Discover public RE/MAX Portugal property listings by location, operation, and property type. Extract prices, areas, rooms, features, images, and URLs"
"Idealista Scraper - Spain, Italy & Portugal Property Listings",Dami's Studio,https://apify.com/dami_studio/idealista-scraper?fpr=youssef,brasil,1,3,,0,"Idealista scraper for Spain, Italy and Portugal. Paste a search URL or set a place and filters, and get one row per listing: price, price per m², size, rooms, floor, address, agency or private seller, photos and link"
CustoJusto Product Search Scraper,ecomscrape,https://apify.com/ecomscrape/custojusto-product-search-scraper?fpr=youssef,brasil,1,3,,0,"Automate product and real estate listing extraction from CustoJusto.pt, Portugal's leading classified ads platform. Get comprehensive listing data including prices, locations, seller information, and images for market research and competitive analysis"
Angi Scraper | Angie's List HVAC Near Me,kane liu,https://apify.com/lentic_clockss/angi-scraper?fpr=youssef,directories,1,2,,0,"Scrape Angi.com (formerly Angie's List) HVAC, plumbers, roofers and home-service contractors by ZIP. Export names, nearme street addresses, ratings, and Angi Inc contact phones. HomeStars Canada public phones when listed. Guest pages only - US merchant phones are gated. CSV, Excel, or JSON"
Xometry Scraper | Capabilities Materials Case Studies,kane liu,https://apify.com/lentic_clockss/xometry-scraper?fpr=youssef,other-lead-sources,1,2,,0,"Scrape Xometry.com manufacturing capabilities, materials, finishes, industries, resources, and case studies. Extract titles, URLs, FAQ, images, and JSON-LD from public marketing CMS pages. Export Excel, CSV, JSON. Guest preview only - Instant Quote login economics out of scope"
SeLoger Scraper - France Sale & Rent Property Listings,kane liu,https://apify.com/lentic_clockss/seloger-property-scraper?fpr=youssef,other-lead-sources,1,2,,0,"Scrape SeLoger sale/rent listings by location or URL across apartments, houses, parking, land, commercial, offices, loft and more. Extract prices, rooms, surface, DPE, agents, and photos as a SeLoger API alternative"
DHgate Wholesale Scraper | Products Prices MOQ,kane liu,https://apify.com/lentic_clockss/dhgate-scraper?fpr=youssef,other-lead-sources,1,2,,0,"Scrape DHgate.com wholesale marketplace - keyword search, catalog categories, product PDP (SKU/shipping), and seller stores. Extract itemcode, prices, MOQ, free shipping, supplier URLs & images. Export Excel/CSV/JSON for sourcing & price research"
MonotaRO Scraper | Japan MRO Products & Prices,kane liu,https://apify.com/lentic_clockss/monotaro-scraper?fpr=youssef,other-lead-sources,1,2,,0,"Scrape MonotaRO (www.monotaro.com) Japan MRO / industrial catalog - keyword search, categories, brands, product groups, SKUs, and review summaries. Extract productCode, monotaroNo, guest prices, ratings. Export Excel/CSV/JSON. Unofficial - not affiliated with MonotaRO"
Travelstart Flights Scraper | Africa OTA Fares,kane liu,https://apify.com/lentic_clockss/travelstart-scraper?fpr=youssef,other-lead-sources,1,2,,0,"Scrape Travelstart flight search results & airport suggestions across.com /.co.za /.com.ng /.co.ke. Extract fares, airlines, segments. Export Excel/CSV/JSON. Unofficial - not affiliated with Travelstart"
Buyer Intent Signals API - Hiring & Missing-Tech Scoring,Siftsmith,https://apify.com/siftsmith/buyer-intent-signals?fpr=youssef,jobs-hiring-signals,1,2,,0,Score accounts 0-100 on buyer intent from public signals: active hiring on public ATS job boards plus a missing tech category you sell into (homepage detection). ICP lead scoring for Clay or your CRM. an open job board; no open board = free. Not third-party intent surge data
WooCommerce Products Scraper & Price Tracker,JT Palms,https://apify.com/jtpalms/woocommerce-store-products?fpr=youssef,other-lead-sources,1,2,,0,"Scrape every product from any WooCommerce store through its public Store API: prices, sale prices, stock, SKUs, categories, tags, attributes, ratings and images. Schedule it to track price drops, price increases, restocks, sell-outs, new and removed products. Pay only per product"
Arbeitsagentur Jobs Scraper - Bundesagentur für Arbeit Jobbörse,Bence Kadi,https://apify.com/kadi_bence/arbeitsagentur-jobs-scraper?fpr=youssef,jobs-hiring-signals,1,2,,0,"Search Germany's Arbeitsagentur Jobbörse (Bundesagentur für Arbeit, 1M+ jobs). Input: keywords, city + radius (e.g. Lagerhelfer within 25 km of München), employer, home office, working time. Returns per job: title, employer, city, salary, posted date, URL. Only-new mode. Default: 20 jobs"
US Professional License Data,Zach Wallace,https://apify.com/registryfeeds/us-professional-licenses?fpr=youssef,other-lead-sources,1,2,,0,"Public professional-license records from US state licensing boards. Launch scope: New Jersey contractor boards (Electrical Contractors, Master Plumbers, HVACR) -- name, license number, license type, status, city, and state, one record per license"
Remote OK Jobs Scraper,JT Palms,https://apify.com/jtpalms/remoteok-jobs?fpr=youssef,jobs-hiring-signals,1,2,,0,"The latest Remote OK job listings from its official public API, normalized with salary, tags, location and region. Filter by keyword, location, salary and date. USD 1.50 per 1,000 jobs"
"Greenhouse, Lever & Ashby Jobs Scraper - Any Company by Name",Bence Kadi,https://apify.com/kadi_bence/ats-jobs-scraper?fpr=youssef,jobs-hiring-signals,1,2,,0,"Get all open jobs of any company by name (e.g. Stripe, Ramp, Hugging Face): its Greenhouse, Lever, Ashby, Workable, Recruitee or Personio board is found automatically. Input: names; title, location, remote filters. Returns per job: title, location, salary, date, URL. Default: 20/company"
"Mobile.de Scraper: Cars, Prices, Dealers & Phones",axly,https://apify.com/axlymxp/mobile-de-scraper?fpr=youssef,other-lead-sources,1,2,,0,"Export mobile.de vehicle listings: price, specs, location, dealer name, address and phone. Search by URL, filters or plain words, all vehicle types, no 2,000-result limit. Optional full details: description, equipment, AI summary, dealer VAT imprint. Pay only for results"
Website Contact Extractor,MYM,https://apify.com/myagizm/website-contact-extractor?fpr=youssef,email-finders,1,2,,0,"Find publicly visible emails, phone numbers, and social profile links on contact pages for one or more websites. Returns source URLs and page metadata; no login or access-control bypass"
Shopify Apps Detector - Store Tech Stack Scraper,Blackcube,https://apify.com/vonsensey/shopify-apps-detector-tech-stack-scraper?fpr=youssef,enrichment-verification,1,2,,0,"Find out which apps a live Shopify store actually has installed - email, reviews, subscriptions, support, loyalty, page builders and analytics - alongside its theme, size and country. Build install-base lists, or target the stores missing a category of app entirely"
Psilocybin Services Data (Oregon + Colorado),Zach Wallace,https://apify.com/registryfeeds/psilocybin-services-data?fpr=youssef,email-finders,1,2,,0,"Licensed facilitators, service centers/healing centers, manufacturers, cultivation facilities, and testing labs from Oregon Psilocybin Services and Colorado's Natural Medicine Division -- name, license type, license number, status, city/zip where published, phone, email, website"
"Website Contact Scraper - Emails, Phones & Social Links",Luke Hunter,https://apify.com/lukehunter/company-contact-scraper?fpr=youssef,email-finders,1,2,,0,"Paste company domains, URLs, emails or a Google Sheets CSV link, or enrich a Google Maps scraper dataset with emails. Get the emails, phones, social links and people (names, job titles) each company publishes, one row per company or contact, CRM-ready. Pay only when found. Change mode"
Shopify Email Scraper - Store Owner Contact Finder,Blackcube,https://apify.com/vonsensey/shopify-email-scraper-store-contact-finder?fpr=youssef,email-finders,1,2,,0,"Paste Shopify store URLs and get back every contact route each one publishes: the best contact email, all addresses found, phone, and handles for seven social networks. Role addresses on the store's own domain are ranked ahead of personal inboxes. Stores with no address cost nothing"
Google Maps Business Leads + Email Scraper,Bruno,https://apify.com/bgfc97/google-maps-email-leads-scraper?fpr=youssef,google-maps,1,2,,0,"Up to 30% OFF! Turn Google Maps into ready-to-use B2B leads - fast, no browser. Each business: name, phone, website, rating, reviews, GPS + the EMAIL (MX-verified) and social profiles from its site. Full business + verified contact in one row. Up to 1,000 leads/search"
"Ashby Jobs Scraper: Salary, Equity & New Jobs",Bruno Petrelli,https://apify.com/digital_influx/ashby-jobs-scraper?fpr=youssef,jobs-hiring-signals,1,2,,0,"Search open jobs across 3,300+ startups and tech companies on Ashby, or read any company’s Ashby job board: Ramp, Notion, OpenAI and more. Salary and pay ranges per location, equity, workplace, employment type, seniority, visa and full text. Only-new-jobs mode. No login"
Lever Jobs Scraper: Any Company's Job Board API,JT Palms,https://apify.com/jtpalms/lever-jobs?fpr=youssef,jobs-hiring-signals,1,2,,0,"Get every open job from any company's Lever job board through the official public postings API: title, team, location, workplace type, pay range, posting date and description. Filter by keyword and location, and schedule it to get only new jobs. USD 1.50 per 1,000 jobs"
"Messe München Exhibitor List Scraper - bauma, IFAT, BAU",Thomas Ehrler,https://apify.com/perceptr0n/messe-muenchen-exhibitor-list-scraper?fpr=youssef,email-finders,1,2,,0,"Extract complete exhibitor lists from Messe München trade fairs - bauma, IFAT, BAU, automatica, ceramitec. Company name, hall & stand, address, business e-mail, phone, website, social media and product categories"
Workday Jobs Scraper - Any Company by Name (myworkdayjobs),Bence Kadi,https://apify.com/kadi_bence/workday-jobs-scraper?fpr=youssef,jobs-hiring-signals,1,2,,0,"Get every open job from a company's Workday career site (myworkdayjobs.com) by typing its name, e.g. NVIDIA, Salesforce, Intel, Adobe, Target, Cisco, HP, Capital One. Input: names or URLs; title, country, date filters. Returns per job: title, location, salary, date, URL. Default: 20/site"
"Google Maps Business Leads - Phone, Website & Email",CANCAP,https://apify.com/cancap/Geo-Targeted-SMB-Intelligence?fpr=youssef,google-maps,1,2,,0,"Search any business type in any city on Google Maps and export a lead list: name, category, rating, reviews, address, hours, phone, website and the public contact email from each business website. For agencies, sales teams and local marketers"
"Free Website Contact & Imprint Scraper - Email, Phone, VAT",Thomas Ehrler,https://apify.com/perceptr0n/free-website-contact-imprint-scraper?fpr=youssef,email-finders,1,2,,0,"Free, up to 10 websites per run. Reads the imprint / Impressum / legal notice of any site in Germany, Austria or Switzerland: company name, address, register number, VAT ID verified via EU VIES, e-mails, phones, social profiles. No login, no key, no credit card"
XING Jobs Scraper - DACH Job Listings,Vitalii Bondarev,https://apify.com/bovi/xing-jobs-scraper?fpr=youssef,jobs-hiring-signals,1,2,,0,"Scrape XING job listings for the DACH market (Germany, Austria, Switzerland). Returns job ID, title, company, location, salary, employment type, posted date, and description snippet. No login required. Paginated search with keyword + optional location filter"
TED Tenders Scraper - EU Public Procurement & Contract Awards,Bence Kadi,https://apify.com/kadi_bence/ted-tenders-scraper?fpr=youssef,other-lead-sources,1,2,,0,"Find open EU public tenders and contract award winners on TED (Tenders Electronic Daily), all EU/EEA countries. Input: keywords, countries, CPV, NUTS, deadline, value, notice type (tenders or awards). Returns per notice: title, buyer, value, winners, deadline, URL. Default: 20"
Restaurant Inspections & New Restaurant Openings: 7 US Cities,Zach Wallace,https://apify.com/registryfeeds/us-food-inspection-monitor?fpr=youssef,other-lead-sources,1,2,,0,"Restaurant health inspection grades, scores and pass/fail results for NYC, Chicago, San Francisco, Austin, Cincinnati, Boston and Marin County, plus alerts when a new restaurant opens or fails an inspection. Official city data, one deduplicated record per restaurant"
Ashby Jobs Scraper: Any Company's Job Board API,JT Palms,https://apify.com/jtpalms/ashby-jobs?fpr=youssef,jobs-hiring-signals,1,2,,0,"Get every open job from any company's Ashby job board through the official public API: title, department, location, remote flag, compensation, posting date and description. Filter by keyword and location, and schedule it to get only new jobs. USD 1.50 per 1,000 jobs"
myshopify Domain List Scraper - Store Handles & URLs,Blackcube,https://apify.com/vonsensey/myshopify-store-domain-list-scraper?fpr=youssef,other-lead-sources,1,2,,0,"Build a clean list of myshopify.com store handles mapped to the real primary domain each one resolves to, with the store's own permanent Shopify ID as a join key. One store reached two ways is one row, so lists from different sources merge without duplicates"
"Workday, Personio, Breezy, Rippling - ATS Jobs API",Pablo D,https://apify.com/thedeadpoet/workday-personio-breezy-rippling-ats-jobs-api?fpr=youssef,jobs-hiring-signals,1,2,,0,"Scrape every open job from a company's Workday, Personio, Breezy or Rippling career site into one normalised schema. Paste a mixed list of career-site URLs, get one job-listings dataset back. No API key, no proxy, no browser"
Tech Stack Detector: Website Technology Lookup in Bulk,JT Palms,https://apify.com/jtpalms/tech-stack-detector?fpr=youssef,enrichment-verification,1,2,,0,"Website technology lookup in bulk: the CMS, ecommerce platform, analytics, frameworks, CDN, hosting, payment, email and marketing tools behind each site, plus the SaaS a company uses from its DNS records. 7,600+ fingerprints. Pay only per website scanned"
"Facebook Events Scraper - Search by Keyword, City & Page",Scrapewise Data,https://apify.com/scrapewise/facebook-events-scraper?fpr=youssef,social-leads,1,2,,0,"Scrape public Facebook events without login: search by keyword and city, all events of a page, or event links. Name, UTC start and end, venue with GPS, organizer page, description, tickets link, category, response count, image. US"
"Bulk Domain Lookup: DNS, WHOIS, SPF, DMARC & SSL",Rod Services,https://apify.com/rod_analytics/domain-security-audit?fpr=youssef,enrichment-verification,1,2,,0,"Bulk DNS and WHOIS lookup for any list of domains: A, MX, NS, TXT records, registrar and expiry date, email provider (Google Workspace, Microsoft 365,...), plus SPF, DMARC, DKIM and SSL checks with an A-F grade and fixes. No API key"
Greenhouse Jobs Scraper: Any Company's Job Board API,JT Palms,https://apify.com/jtpalms/greenhouse-jobs?fpr=youssef,jobs-hiring-signals,1,2,,0,"Get every open job from any company's Greenhouse job board through the official public API: title, department, location, remote flag, pay range, posting date and description. Filter by keyword and location, and schedule it to get only new jobs. USD 1.50 per 1,000 jobs"
Job Search API: Jobs from Company Career Sites,Bruno Petrelli,https://apify.com/digital_influx/job-search?fpr=youssef,jobs-hiring-signals,1,2,,0,"Search open jobs straight from 20,000+ company career sites (Greenhouse, Ashby, Lever, Personio, Recruitee, Teamtailor, Gem) by title, description keywords, location, remote, seniority, employment type, salary and visa. Newest first; schedule it for only new jobs"
"Justdial Companies Scraper | Business Leads, Phones and Emails",SilentFlow,https://apify.com/silentflow/justdial-companies-scraper?fpr=youssef,email-finders,1,2,,0,"Justdial scraper for Indian business leads. Search any category in any city, or paste links and business ids, and get 20 businesses in 11 seconds with 43 fields each: phones, WhatsApp, email, website, full address with pincode, GPS, hours, rating, services and year established. No account needed"
Jobicy Remote Jobs Scraper - Search & All Current Remote Jobs,kane liu,https://apify.com/lentic_clockss/jobicy-remote-jobs-scraper?fpr=youssef,jobs-hiring-signals,1,2,,0,"Search or filter current Jobicy remote jobs by keyword, geo, and industry, or export all current records with salary, level, location, apply links, and normalized fields"
TED Tenders API - EU Public Procurement & Tenders Scraper,Thomas Ehrler,https://apify.com/perceptr0n/eu-tenders-ted-scraper?fpr=youssef,other-lead-sources,1,2,,0,"Search and export EU public procurement notices from TED (Tenders Electronic Daily). Filter by country, CPV category, keyword and deadline; get clean one-language records with buyer, value, deadline, CPV labels and document links"
"Google SERP API - People Also Ask, Ads & Rank Checker",PNDA,https://apify.com/pnda/google-search-scraper?fpr=youssef,linkedin,1,2,,0,"No API key or proxy needed. Google SERP API and SerpApi alternative: organic rankings, ads, People Also Ask, related searches and featured snippet as clean JSON. Rank checker, PAA research, site: lead lists (site:linkedin.com/in ceo paris). Any country, language, device"
"Bulk Email Verifier - MX, SPF, DMARC & Disposable",Pablo D,https://apify.com/thedeadpoet/bulk-email-verifier-mx-spf-dmarc-disposable-check?fpr=youssef,email-finders,1,2,,0,"Clean a bulk email list without sending anything. One row per address: MX records and mailbox provider, SPF and DMARC policy, disposable-domain and role-address flags, typo correction, and a 0-100 deliverability score. No SMTP probe, no sender reputation risk"
ICP & Account Lead Scoring: Fit Scorer 0-100 for Clay,Mamba Labs,https://apify.com/mambalabs/icp-account-lead-scoring-fit-scorer-0-100-for-clay?fpr=youssef,enrichment-verification,1,2,,0,"Scores pre-enriched companies against your Ideal Customer Profile using weighted signals. Returns a 0 to 100 fit score, A to D tier, and per-signal breakdown. Deterministic and LLM modes. Built for Clay enrichment and batch processing. MCP-ready for Claude Desktop and AI agents"
"Shopify Competitor Analysis - Size, Stack & Prices",Blackcube,https://apify.com/vonsensey/shopify-competitor-analysis-scraper?fpr=youssef,other-lead-sources,1,2,,0,"Profile competitor Shopify stores in one run: catalogue and collection counts, price band, vendors and product types, theme and installed apps, country and currency, and whether they are still shipping new products. A store-level competitor snapshot from a list of domains"
"Website Contact Finder - Emails, Phones & Socials",Magnesia LLC,https://apify.com/magnesia/website-contact-finder?fpr=youssef,email-finders,1,2,,0,"Find public emails, phone numbers, and social profiles from any list of websites. One clean row per domain. Pay only for contacts found"
We Work Remotely Jobs Scraper,JT Palms,https://apify.com/jtpalms/weworkremotely-jobs?fpr=youssef,jobs-hiring-signals,1,2,,0,"All current We Work Remotely job listings from its official RSS feeds, normalized with salary, region, category and skills. Filter by keyword, location and date. USD 1.50 per 1,000 jobs"
Greenhouse Jobs Scraper: Salary Ranges & New Jobs,Bruno Petrelli,https://apify.com/digital_influx/greenhouse-jobs-scraper?fpr=youssef,jobs-hiring-signals,1,2,,0,"Search open jobs across 5,800+ companies on Greenhouse, or read any company’s Greenhouse board: Airbnb, Stripe, Figma and more. Greenhouse pay ranges by zone, salary, seniority, visa, exact posting date, full text and application questions. Only-new-jobs mode. No login"
"Email Security Signals: DMARC, SPF, DKIM & BIMI Checker",Siftsmith,https://apify.com/siftsmith/email-security-signals?fpr=youssef,email-finders,1,2,,0,"Grade a list of domains A-F on email authentication: SPF (incl. 10-lookup limit), DMARC policy and reporting vendor, DKIM, MTA-STS, TLS-RPT, BIMI, DNSSEC, security.txt. Flags Google/Yahoo/Microsoft bulk-sender compliance, detected sending vendors and sales-ready pitch reasons"
Companies House Scraper: UK Company Search & Officers,Rod Services,https://apify.com/rod_analytics/uk-companies-house?fpr=youssef,b2b-databases,1,2,,0,"Look up UK companies by company number with no API key, or search Companies House by name, SIC code, date and location with a free key. Status, SIC codes, address, accounts due dates, PSC, filings, charges and officers in one schema for KYB, due diligence and leads"
"Google Maps API - Places, Reviews, Emails & Leads",PNDA,https://apify.com/pnda/google-maps-scraper?fpr=youssef,google-maps,1,2,,0,"No Google API key needed. Google Maps API and Places API alternative: search places by keyword and location or by URL / place_id. Phone, website, rating, hours, GPS, reviews and website emails as JSON or CSV. Pay per place"
Career Page Jobs Scraper: Auto-Detects the Job Board (ATS),JT Palms,https://apify.com/jtpalms/career-page-jobs?fpr=youssef,jobs-hiring-signals,1,2,,0,"Give company websites or careers pages and get every open job. It finds which job board each company uses (Greenhouse, Lever, Ashby, Workable, Recruitee, Personio, Breezy, Teamtailor, Gem, Pinpoint) and returns one row per job, with an only-new-jobs mode. USD 2 per 1,000 jobs"
"Website Contact Scraper: Emails, Phones & Social Links",Rod Services,https://apify.com/rod_analytics/company-contact-extractor?fpr=youssef,email-finders,1,2,,0,"Website contact scraper and email extractor for lead generation: company emails, phone numbers, LinkedIn, Facebook, Instagram, X and YouTube links, address and VAT IDs from any list of websites or a Google Maps dataset. One row per site, fl"
"Hiring Signals: Companies Hiring by Role, Team & Location",JT Palms,https://apify.com/jtpalms/hiring-signals?fpr=youssef,jobs-hiring-signals,1,2,,0,"Find companies hiring right now, one row per company: open roles by team, seniority and location, roles posted in the last 7 and 30 days, pay and sample jobs. From a twice-daily index of 4,000+ company career sites. USD 8 per 1,000 companies"
Google Maps B2B Leads Scraper + Verified Emails (),Mohammad Palekar,https://apify.com/blessiticus/google-maps-leads-scraper-with-emails?fpr=youssef,google-maps,1,2,5,9,"Scrape Google Maps businesses with phone numbers, websites, social profiles, owner names, and live SMTP-verified work emails. 0% bounce rate guarantee (). Save 70%+ vs Apollo & Hunter"
Dropshipping Store Scraper - Shopify Niche Research,Blackcube,https://apify.com/vonsensey/shopify-dropshipping-stores-niche-research-scraper?fpr=youssef,other-lead-sources,1,2,,0,"Size up a dropshipping niche by profiling the Shopify stores already selling in it: catalogue depth, price band, product types and vendors, plus whether each store is still shipping new products. Filter by keyword, country and catalogue size to scope a market before entering it"
Changelog & Product Updates Tracker - Launch Signals,Siftsmith,https://apify.com/siftsmith/launch-signals?fpr=youssef,other-lead-sources,1,2,,0,"Track competitor changelogs and product updates from sitemap dates, not page text: pages changed in the last 7/30/90 days by section (changelog, pricing, integrations, product, customers, docs, blog), notable changed URLs, a 0-100 launch score and pitch reasons. Build-date noise filtered out"
Email Validator & Verifier: Bulk MX & Disposable Check,Rod Services,https://apify.com/rod_analytics/bulk-email-verifier?fpr=youssef,email-finders,1,2,,0,"Bulk email validator and verifier for list cleaning: syntax, MX records, disposable domains, role accounts and typo fixes. Every address gets a verdict (deliverable, risky, undeliverable, unknown) and a 0-100 score. Paste emails, a CSV URL or a scraper dataset. No API key"
VIES VAT Checker & EU Company Registry Lookup,Rod Services,https://apify.com/rod_analytics/eu-company-lookup?fpr=youssef,b2b-databases,1,2,,0,"Bulk-check EU VAT numbers in VIES and search official company registries in France (SIRENE), Norway (Brreg), Finland (PRH YTJ) and Estonia. Adds LEI codes from GLEIF. No API key. One normalized schema for KYB, due diligence and B2B lead enrichment"
Shopify Theme Detector - Find Stores by Theme in Bulk,Blackcube,https://apify.com/vonsensey/shopify-theme-detector-scraper?fpr=youssef,other-lead-sources,1,2,,0,"Find out which theme a Shopify store runs, in bulk. Every record you are charged for returns the theme family and its Theme Store ID where it has one, alongside store size and country - so you can prospect owners of a rival theme or of an ageing free one"
EU TED Tenders Scraper & Alerts: Public Procurement,Rod Services,https://apify.com/rod_analytics/ted-tenders?fpr=youssef,other-lead-sources,1,2,,0,"Search and monitor EU public tenders from TED by keyword, CPV code, country, deadline and value. Only-new mode for daily tender alerts. Official TED API"
AlloVoisins Scraper | French Local Leads,kane liu,https://apify.com/lentic_clockss/allovoisins-scraper?fpr=youssef,email-finders,1,2,,0,"Scrape AlloVoisins.com French neighbor lists, SIRET profiles, rental directories, and company contacts. Export names, ratings, city, contact@ email and Nantes street. Covers femme de ménage, bricolage, jardinier. Guest HTML only - no login or /searches. CSV, Excel, JSON"
"Shopify Products Scraper & Price Tracker: Variants, Stock, SKUs",JT Palms,https://apify.com/jtpalms/shopify-store-products?fpr=youssef,other-lead-sources,1,2,,0,"Scrape every product and variant from Shopify stores: prices, compare-at prices, stock, SKUs, images, tags and descriptions. Schedule it as a Shopify price tracker for price drops, price increases, restocks, sell-outs, new and removed products. Pay only per product"
"kununu Scraper - Employer Reviews, Ratings, Salaries & Benefits",Thomas Ehrler,https://apify.com/perceptr0n/kununu-employer-data-scraper?fpr=youssef,jobs-hiring-signals,1,2,,0,"Employer ratings, category scores, benefits, salary ranges per job role and full reviews from kununu - Germany, Austria and Switzerland. Structured JSON, no login, no personal data. No proxy setup needed; residential proxy available as a fallback if kununu's bot protection tightens"
Personio Jobs Scraper: Any Company's Personio Careers Page,JT Palms,https://apify.com/jtpalms/personio-jobs?fpr=youssef,jobs-hiring-signals,1,2,,0,"Get every open job from any company's Personio careers page through Personio's public XML job feed: title, department, offices, employment type, creation date and description. Filter by keyword and location, and schedule it to get only new jobs. USD 1.50 per 1,000 jobs"
"Multi-ATS Jobs API: Greenhouse, Lever, Ashby, Workable & more",Rod Services,https://apify.com/rod_analytics/multi-ats-jobs-api?fpr=youssef,jobs-hiring-signals,1,2,,0,"Get job postings from 7 ATS job boards in one normalized feed: Greenhouse, Lever, Ashby, Workable, SmartRecruiters, Recruitee, Personio. Paste board URLs or company domains, the ATS is auto-detected. Salary, remote, filters, only-new mode"
Tech Stack Detector - BuiltWith & Wappalyzer Alternative,Siftsmith,https://apify.com/siftsmith/tech-enricher?fpr=youssef,enrichment-verification,1,2,,0,"Tech stack lookup for any domain list: 152 common CMS, ecommerce, analytics, marketing, advertising, support, hosting/CDN and framework signatures from the homepage, plus email and DNS provider., not found = free. Works in Clay"
"Marktstammdatenregister (MaStR) Scraper - Solar, Wind & Storage",Thomas Ehrler,https://apify.com/perceptr0n/german-energy-assets-mastr?fpr=youssef,other-lead-sources,1,2,,0,"Export solar parks, wind farms, battery storage and CHP plants from the official German Marktstammdatenregister: operator name, capacity in kW, commissioning date, full address, district, grid operator. 9.2 million registered units, filterable by source, state, power and age"
Workable Jobs Scraper: Any Company's Workable Careers Page,JT Palms,https://apify.com/jtpalms/workable-jobs?fpr=youssef,jobs-hiring-signals,1,2,,0,"Get every open job from any company's Workable careers page through Workable's public jobs widget feed: title, department, location, remote flag, employment type, posting date and description. Filter by keyword and location, and schedule it to get only new jobs. USD 1.50 per 1,000 jobs"
"Remote Jobs Aggregator & Scraper: Remote OK, We Work Remotely",JT Palms,https://apify.com/jtpalms/remote-jobs-aggregator?fpr=youssef,jobs-hiring-signals,1,2,,0,"Remote job listings from Remote OK, Jobicy and We Work Remotely in one clean dataset. Filter by keyword, location, category, job type, salary and date, with duplicates across boards merged. Source link and attribution on every row. Pay only per job returned"
"Company Enrichment From Domain: Tech Stack, Socials, Hiring",JT Palms,https://apify.com/jtpalms/company-profile?fpr=youssef,enrichment-verification,1,2,,0,"Company enrichment from a list of website domains: company name, description, official social links, tech stack (CMS, ecommerce, analytics), domain age, and hiring activity from the company's job board. USD 5 per 1,000 profiles; unreachable domains are free"
DTC Brands List Scraper - Shopify Brands & Socials,Blackcube,https://apify.com/vonsensey/dtc-brands-shopify-store-list-scraper?fpr=youssef,email-finders,1,2,,0,"Shortlist direct-to-consumer brands running on Shopify, with Instagram, TikTok, Facebook, X, YouTube, Pinterest and LinkedIn handles alongside catalogue size, price band, country and contact email. Built for influencer, BD and partnership prospecting rather than raw email dumps"
Shopify Product Scraper - GTIN & Collections,Spool,https://apify.com/spool/shopify-product-feed?fpr=youssef,other-lead-sources,1,2,,0,"Scrape every product and variant from any Shopify store, with the GTIN barcodes, subscription plans and wholesale price breaks that /products.json does not contain"
Anuga & Koelnmesse Exhibitor List Scraper - Emails & Phones,Thomas Ehrler,https://apify.com/perceptr0n/anuga-ism-koelnmesse-exhibitor-scraper?fpr=youssef,email-finders,1,2,,0,"Export complete exhibitor lists from Koelnmesse trade fairs - company name, hall and stand, postal address, business e-mail, phone, website, brands and the full product-category hierarchy. Works for Anuga, ISM, imm cologne, interzum, IDS, Orgatec, spoga+gafa, Eisenwarenmesse and more"
Breezy HR Jobs Scraper: Any Company's Breezy Careers Page,JT Palms,https://apify.com/jtpalms/breezy-jobs?fpr=youssef,jobs-hiring-signals,1,2,,0,"Get every open job from any company's Breezy HR careers site through its public JSON feed: title, department, location, remote or hybrid, employment type, salary when shown, publish date and description. Filter by keyword and location, and schedule it to get only new jobs. USD 1.50 per 1,000 jobs"
Car Safety Ratings: NHTSA 5-Star Lookup,Timothy Kelvin,https://apify.com/m_ctim/vehicle-safety-rating-lookup?fpr=youssef,other-lead-sources,1,2,,0,"Look up official NHTSA 5-star safety ratings for a vehicle make, model, and model year: overall, front crash, side crash, rollover, plus safety features and linked complaint/recall/investigation counts. For dealers, fleet managers, and shoppers"
Zillow Agents Scraper | Profiles & Contacts,Hundevmode Labs,https://apify.com/x_guru/zillow-agents-scraper?fpr=youssef,email-finders,1,2,,0,"Scrape Zillow real estate agent and team profiles by city, ZIP or profile URL. Export available public phones, emails, brokerage, ratings and sales to CSV"
Recruitee Jobs Scraper: Any Company's Careers Site Jobs,JT Palms,https://apify.com/jtpalms/recruitee-jobs?fpr=youssef,jobs-hiring-signals,1,2,,0,"Get every open job from any company's Recruitee careers site through the public Careers Site API: title, department, locations, remote or hybrid, employment type, salary range, dates and description. Filter by keyword and location, and schedule it to get only new jobs. USD 1.50 per 1,000 jobs"
Google Maps Competitor Analysis & Local SEO Report,CANCAP,https://apify.com/cancap/gmaps-competitor-monitor?fpr=youssef,google-maps,1,2,,0,"Compare any local business with its Google Maps competitors: ratings, review counts, phones, websites, your rank and ready-made growth tips. Monthly competitor reports for local SEO agencies, franchises and small business owners. No API key needed"
Vimeo Phone Number Scraper - Cheapest,ContactMinerLabs,https://apify.com/contactminerlabs/vimeo-phone-number-scraper---cheapest?fpr=youssef,email-finders,1,2,,0,"Scrape Taobao Emails Instantly Enter a keyword and extract public email addresses from Taobao sellers, merchants, shops, and customer service pages - including **store name, email address, and source URL**. Perfect for supplier sourcing, e-commerce research, lead generation, and CRM enrichment"
Reddit Phone Number Scraper - Cheapest,ContactMinerLabs,https://apify.com/contactminerlabs/reddit-phone-number-scraper---cheapest?fpr=youssef,email-finders,1,2,,0,"Scrape Mass / Bulk Reddit Phone Numbers Enter your search criteria to collect publicly available phone numbers from Reddit posts, comments, and user profiles, along with post titles, usernames, URLs, and discussion details Perfect for lead generation, OSINT research and market analysis"
UK Restaurant & Hospitality Territory Monitor,Chris Hopkin,https://apify.com/dig_stays/uk-hospitality-territory-monitor?fpr=youssef,other-lead-sources,1,2,,0,"Find and monitor UK restaurants, cafés, pubs, bars and takeaways by council and postcode district. Export FSA/FHRS names, addresses, ratings, inspection dates and coordinates. Schedule repeat runs to return only newly seen or changed businesses for sales territories, market research and alerts"
Medium Profile Scraper - Cheap,ContactMinerLabs,https://apify.com/contactminerlabs/medium-profile-scraper---cheap?fpr=youssef,social-leads,1,2,,0,"This Scraper lets you extract profiles from Medium Perfect for building targeted writer lists, influencer outreach campaigns, partnership discovery & connecting directly with authors, founders & thought leaders Built for content research, trend discovery & publishing intelligence on Medium"
Skyscanner Email Scraper - Cheapest,ContactMinerLabs,https://apify.com/contactminerlabs/skyscanner-email-scraper---cheapest?fpr=youssef,email-finders,1,2,,0,"Scrape Skyscanner Emails Instantly Enter a travel keyword & extract email addresses from Skyscanner partners, travel agencies, and listings, including company name, email address & URL Perfect for travel partnerships, affiliate outreach, lead generation, & enriching your data pipelines"
Patreon Phone Number Scraper - Cheapest,ContactMinerLabs,https://apify.com/contactminerlabs/patreon-phone-number-scraper---cheapest?fpr=youssef,email-finders,1,2,,0,"Scrape Mass/Bulk Patreon Phone Numbers Enter your search parameters to collect phone numbers from Patreon creator profiles, along with profile title, bio, source URL & platform info Perfect for lead generation, influencer outreach, partnerships & contact enrichment in tools like CRMs"
"Care.com Scraper | Caregivers, Day Care & Jobs",kane liu,https://apify.com/lentic_clockss/care-scraper?fpr=youssef,jobs-hiring-signals,1,2,,0,"Scrape Care.com babysitters, nannies, housekeepers, tutors, senior care, pet sitters, and day-care businesses. Export names, ZIP, street, Twilio phones, and About emails. Guest HTML only - no Join, no GraphQL. CSV, Excel or JSON"
Zillow Phone Number Scraper - Cheapest,ContactMinerLabs,https://apify.com/contactminerlabs/zillow-phone-number-scraper---cheapest?fpr=youssef,email-finders,1,2,,0,"Scrape Mass / Bulk Zillow Phone Numbers Enter your search criteria to collect phone numbers from Zillow agent profiles, brokerage pages and property listings, along with agent names, URLs & listing details Perfect for lead generation, real estate market research and competitor analysis"
Overstock Phone Number Scraper - Cheapest,ContactMinerLabs,https://apify.com/contactminerlabs/overstock-phone-number-scraper---cheapest?fpr=youssef,email-finders,1,2,,0,"Scrape Mass/Bulk Mixcloud Phone Numbers Enter your search parameters to collect phone numbers from Mixcloud profiles, along with profile title, bio, source URL & platform info Perfect for lead generation, music promotion, DJ outreach & contact enrichment in tools like CRMs"
"IndiaMART Scraper | B2B Products, Phones & Suppliers",kane liu,https://apify.com/lentic_clockss/indiamart-scraper?fpr=youssef,b2b-databases,1,2,,0,Scrape IndiaMART India B2B products & suppliers. Guest phones from MCAT/PDP. Emails usually absent; street when directors exists. Export Excel/CSV/JSON
Walmart Phone Number Scraper - Cheapest,ContactMinerLabs,https://apify.com/contactminerlabs/walmart-phone-number-scraper---cheapest?fpr=youssef,email-finders,1,2,,0,"Scrape Walmart Emails Instantly Enter a keyword and extract public email addresses from Walmart business pages, vendors, partners and customer service sections including store or business name, email address & source URL Perfect for supplier discovery, B2B, lead generation, and CRM enrichment"
Eventbrite Scraper | Events Tickets Venues Organizers,kane liu,https://apify.com/lentic_clockss/eventbrite-scraper?fpr=youssef,other-lead-sources,1,2,,0,"Scrape Eventbrite public events - Discover, category browse, keyword search, free/online filters, multi-city batch, ticket prices, venues, organizers & series. Global TLDs. Export Excel/CSV/JSON. Unofficial - not affiliated with Eventbrite"
Rakuten Japan Phone Number Scraper - Cheapest,ContactMinerLabs,https://apify.com/contactminerlabs/rakuten-japan-phone-number-scraper---cheapest?fpr=youssef,email-finders,1,2,,0,"Scrape Mass / Bulk Rakuten Japan Phone Numbers Enter your search criteria to collect phone numbers from Rakuten Japan shops, and sellers along with the shop name, seller title, URL & other business details Perfect for lead generation, e-commerce, B2B campaigns, supplier partnerships"
Bluesky Mass Profile Scraper - Cheap,ContactMinerLabs,https://apify.com/contactminerlabs/bluesky-mass-profile-scraper---cheap?fpr=youssef,social-leads,1,2,,0,"This Scraper lets you extract profiles from Bluesky Perfect for building targeted creator lists, influencer outreach campaigns, partnership discovery & connecting directly with founders, creators and community leaders Built for community analysis, trend discovery & social intelligence"
Redbubble Email Scraper - Cheapest,ContactMinerLabs,https://apify.com/contactminerlabs/redbubble-email-scraper---cheapest?fpr=youssef,email-finders,1,2,,0,"Scrape Redbubble Emails Instantly Enter a keyword & extract publicly available emails from Redbubble profiles and shops, including shop/artist name, email address & profile URL Perfect for lead generation, influencer outreach, collaborations, and enriching your data pipelines"
Luma Phone Number Scraper - Cheapest,ContactMinerLabs,https://apify.com/contactminerlabs/luma-phone-number-scraper---cheapest?fpr=youssef,email-finders,1,2,,0,"Scrape Mass/Bulk Luma Phone Numbers Enter your search parameters to collect phone numbers from Luma profiles, along with profile title, bio, source URL & platform info Perfect for lead generation, professional networking, recruiter outreach & contact enrichment in tools like CRMs"
Eventim Scraper | CTS Eventim Events & Tickets - 40+ Countries,kane liu,https://apify.com/lentic_clockss/eventim-scraper?fpr=youssef,other-lead-sources,1,2,,0,"Scrape CTS Eventim public events - search, categories, cities, venues, artists, tours & eventseries across 40+ shops (eventim.de, TicketOne, FNAC). Multi-city/category batch, filters, series expand. Export Excel/CSV/JSON. Unofficial - not affiliated with CTS EVENTIM"
Taobao Email Scraper - Cheapest,ContactMinerLabs,https://apify.com/contactminerlabs/my-actor-5?fpr=youssef,email-finders,1,2,,0,"**Scrape Taobao Emails Instantly** Enter a keyword & extract public email addresses from Taobao sellers, merchants, shops & customer service pages - including store name, email address & source URL Perfect for **supplier sourcing, e-commerce research, lead generation & CRM enrichment**"
iPROS Scraper | Japan B2B Products & Companies,kane liu,https://apify.com/lentic_clockss/ipros-scraper?fpr=youssef,b2b-databases,1,2,,0,"Scrape iPROS (www.ipros.com) Japan B2B products & companies in EN/JA. Search by category, industry, prefecture. Extract productId, companyId, titles, images, official sites. Export Excel/CSV/JSON. Unofficial - not affiliated with iPROS"
Pinterest Phone Number Scraper - Cheapest,ContactMinerLabs,https://apify.com/contactminerlabs/pinterest-phone-number-scraper---cheapest?fpr=youssef,email-finders,1,2,,0,"Scrape Pinterest Phone Numbers Instantly Enter a keyword and extract phone numbers from Pinterest pins, profiles & business listings including account name, phone number & source URL Perfect for brand outreach, local businesses, influencer marketing, lead generation & enriching your CRM"
Otomoto Listings Scraper,FalconScrape,https://apify.com/piotrv1001/otomoto-listings-scraper?fpr=youssef,email-finders,1,2,,0,"Scrape Otomoto.pl vehicle listings by filters or search URL: price, full specs, equipment, seller and location for cars, motorcycles, vans and trucks. Optional seller phone numbers, VIN, description and photos. No page cap, no duplicates"
Idealista Scraper - Spain Italy Portugal Property,kane liu,https://apify.com/lentic_clockss/idealista-scraper?fpr=youssef,brasil,1,2,,0,"Scrape Idealista.com /.it /.pt across homes, new builds, rooms, garages, commercial, land, and business transfers by location or URL. Extract prices, rooms, living space, agencies, and photos as an Idealista API alternative"
RemoteOK Jobs Scraper - Remote Job Feed,Adderley Data,https://apify.com/adderleydata/remoteok-jobs-scraper?fpr=youssef,jobs-hiring-signals,1,2,,0,"The latest remote jobs RemoteOK publishes, as structured data: title, company, tags, location with country where stated, employment type, RemoteOK salary figures, posted date, full text on request. One request per run. Incremental mode charges only for changes. No personal data"
Hacker News Who is Hiring Scraper - Developer Jobs,Andres Garcia-Baquero Leon,https://apify.com/angaba92/hacker-news-who-is-hiring-scraper?fpr=youssef,jobs-hiring-signals,1,2,,0,"Turn the monthly Ask HN Who is hiring thread into structured developer jobs: company, role, location, salary, remote policy, job type and tech stack. For recruiting, job boards and hiring research. Official HN API, no proxies. Export CSV, JSON, Excel or API"
France PagesJaunes Scraper | B2B Leads,HappiTap,https://apify.com/happitap/france-pagesjaunes-business-scraper?fpr=youssef,b2b-databases,1,2,,0,"Extract verified French businesses, real estate agencies, and local services from PagesJaunes.fr. Premium EU B2B leads"
Stack Overflow Question Scraper,electra bot,https://apify.com/electrabot.info/stackoverflow-question-scraper?fpr=youssef,other-lead-sources,1,2,,0,"Search Stack Overflow questions by keyword or tag. Get title, full body, score, views, answers, accepted-answer status as JSON/CSV. Official API, pay per result"
FBI Wanted Scraper - No Login,Petey Boy,https://apify.com/quarterly_jingo/fbi-wanted-scraper?fpr=youssef,other-lead-sources,1,2,,0,FBI Wanted Scraper. No login or cookies. MCP-ready for AI agents
FAB Product Info Scraper,GetDataForMe,https://apify.com/getdataforme/fab-productInfo-scraper?fpr=youssef,other-lead-sources,1,2,,0,"The Fab ProductInfo Scraper efficiently extracts detailed product data from Fab.com, including title, price, and availability. It offers high-quality, up-to-date data, handles multiple URLs, and supports JSON, CSV, and Excel outputs"
Dental & Healthcare Provider Google Maps Lead Generator,Clura,https://apify.com/clura/dental-google-maps-lead-generator?fpr=youssef,google-maps,1,2,,0,"Scrapes dentist, orthodontist, and healthcare provider leads from Google Maps by location, with email/services/social enrichment from each practice's website. Drives the real Clura Chrome extension headlessly"
Ungerboeck Exhibitor List Scraper: Any Event,GetAScraper,https://apify.com/getascraper/ungerboeck-exhibitor-directory-scraper?fpr=youssef,directories,1,2,5,1,"Scrape the exhibitor list and booth numbers from any event on the Ungerboeck (Momentus) platform. Paste your event's floor plan link and export every company name and booth to Excel, CSV, or JSON. No code needed"
Zonaprop Scraper - Argentina Real Estate,Ben,https://apify.com/benthepythondev/zonaprop-scraper?fpr=youssef,social-leads,1,2,,0,"Scrape Zonaprop Argentina property listings with prices, dimensions, location, coordinates, agency, phone, WhatsApp, images and lead scores"
French Company Registry Scraper,deriverge s.r.o,https://apify.com/deriverge/french-company-check?fpr=youssef,other-lead-sources,1,2,,0,"French companies by SIREN, SIRET or VAT number from the Sirene register, with collective proceedings from the BODACC gazette and a VIES check. An opening judgment in BODACC is flagged even while Sirene still lists the company as active"
SEEK Jobs Scraper: Australia and New Zealand Jobs,PulseData,https://apify.com/pulsedata/seek-jobs-scraper?fpr=youssef,jobs-hiring-signals,1,2,,0,"Scrape job listings from SEEK Australia and New Zealand by keyword, location, classification and work type. Returns salary, full description, applicant count, screening questions, contact details and company rating"
TED Tenders Scraper - EU Public Procurement,Tom Awake,https://apify.com/dataio/ted-eu-tenders-procurement?fpr=youssef,other-lead-sources,1,2,,0,"Scrape EU public tenders from TED (Tenders Electronic Daily): open notices with the days remaining to bid, buyer, CPV codes, estimated value and place of performance, or contract awards with the winner. Titles in a readable language. Filter by CPV, country, date"
Remote Job Listings & Salary Data - We Work Remotely,BowTiedRaccoon,https://apify.com/jungle_synthesizer/weworkremotely-scraper?fpr=youssef,jobs-hiring-signals,1,2,,0,"Remote job listings with salary data, from We Work Remotely. Returns job title, company, salary range and currency, category, job type, location restriction, tags and apply URL. Filter by category and job type. For remote job boards and recruiters"
Google Maps Businesses Without Website,Aiden Boudreau,https://apify.com/aiden_boudreau/google-maps-businesses-without-website?fpr=youssef,google-maps,1,2,,0,"Find local businesses on Google Maps that have no website, or only a dead, parked or Facebook-only one. Phone, address and rating included. Pay per business found"
X (twitter) Search Scraper,Datamagnet,https://apify.com/datamagnet/x-twitter-search-actor?fpr=youssef,social-leads,1,2,,0,"Search for posts or content matching a keyword and return the results in a simple, readable format"
Greensboro Building Permits - No Login,Peters Bugs,https://apify.com/velvety_bedbug/greensboro-building-permits?fpr=youssef,enrichment-verification,1,2,,0,"Greensboro Building Permits: extract permitNumber, permitType, applicationType, currentStatus, description, fullAddress, contractor, ownerName. For lead generation, data enrichment, and research. No login or cookies. MCP-ready for AI agents"
Workable Jobs Scraper - ATS Job Listings & Apply Links,ninhothedev,https://apify.com/ninhothedev/workable-jobs-scraper?fpr=youssef,jobs-hiring-signals,1,2,,0,"ATS jobs scraper! Pull ANY company's careers board - title, department, location, remote & link. No key. JSON, CSV, Excel or API in seconds. Perfect for recruiting & hiring intel"
LinkedIn Pharma & Biotech Jobs Scraper,Neuton Scripts,https://apify.com/neuton/linkedin-pharma-biotech-jobs-intelligence?fpr=youssef,linkedin,1,2,,0,"Scrape public LinkedIn pharma and biotech jobs without login. Export evidence-backed clinical research, drug discovery, regulatory, and bioinformatics demand"
Dr House Immo · Advisor Phones & Profiles,Corentin Robert,https://apify.com/corent1robert/drhouse-conseillers-scraper?fpr=youssef,email-finders,1,2,,0,"Export Dr House Immo advisors from the public directory. Name, phone, ratings, reviews and socials - one row per advisor. Emails are guessed from the name: verify before outreach. No login"
Lansfast.se Scraper,rainminer,https://apify.com/rainminer/lansfast-se-scraper?fpr=youssef,other-lead-sources,1,2,,0,"Extract property listings from lansfast.se (Länsförsäkringar Fastighetsförmedling). Capture prices, addresses, rooms, living area, tenure type, images, and brokers"
Himalayas Jobs Scraper - Salary & Ghost Job Filter,Dave Fergins,https://apify.com/rolescout/himalayas-remote-jobs-scraper-salary-data?fpr=youssef,jobs-hiring-signals,1,2,,0,"Scrape every remote job on Himalayas into a clean JSON or CSV job dataset. Parsed salary data, normalised hiring regions, numeric timezone restrictions, real expiry dates, and a ghost-job score that flags expired and stale job postings rather than guessing from age"
LinkedIn Jobs Scraper Pro,AutomateLab,https://apify.com/red.cars/linkedin-jobs-scraper-pro?fpr=youssef,linkedin,1,2,,0,"LinkedIn jobs with full description, applicant count, seniority and salary at a fl plan. Remote, job type, experience, Easy Apply and posted-within filters, plus company, title and applicant filters applied before billing"
YouTube Comments Scraper PRO (Keyword & Sentiment Filter),Aether,https://apify.com/aetherlabx/youtube-comments-scraper-pro?fpr=youssef,social-leads,1,2,,0,"Export YouTube comments to CSV/JSON. Filter by keywords, minimum length, and exclude spam. Built for B2B lead gen, sentiment analysis, and competitor research"
Tech Stack Detector - BuiltWith & Wappalyzer Alternative,Yukai Lin,https://apify.com/tidytools/website-tech-stack-detector?fpr=youssef,enrichment-verification,1,2,,0,"Tech stack detector and website technology lookup for site lists: CMS, e-commerce, JS frameworks, analytics, CDN, hosting, payments. 480+ technologies with evidence.; none found = free"
US Grants.gov Eligibility Changes Scraper,NexGen Watch,https://apify.com/nexgenwatch/us-grants-eligibility-change-watch?fpr=youssef,other-lead-sources,1,2,,0,"Scrape US Grants.gov applicant eligibility changes: opportunity, agency and eligibility before and after. Every run returns the current records as a dataset. Optional watch mode returns only what changed since your last run. Pay per result"
Workable Jobs Scraper & API - Any Workable Board,Blackcube,https://apify.com/vonsensey/workable-jobs-scraper-api?fpr=youssef,jobs-hiring-signals,1,2,,0,"Workable jobs API. Paste a Workable board slug, board URL or company domain and get every open role on that board, read live when you run it. One normalized schema with parsed salary, seniority, remote flag and direct apply URLs. Pay per job; boards we cannot reach are free"
ATS Job Listing Scraper - No Login,Petey Boy,https://apify.com/quarterly_jingo/ats-job-listing-scraper?fpr=youssef,jobs-hiring-signals,1,2,,0,ATS Job Listing Scraper. No login or cookies. MCP-ready for AI agents
Remote Jobs Aggregator,Ken Agland,https://apify.com/agentictools/remote-jobs-aggregator?fpr=youssef,jobs-hiring-signals,1,2,,0,"Aggregate remote jobs from multiple job boards into one clean, deduplicated feed. No API key"
"Job Postings API · Live, All ATS · Greenhouse, Lever, Ashby +3",Samuel Elsner,https://apify.com/samikok/job-postings-api-all-ats?fpr=youssef,jobs-hiring-signals,1,2,,0,"Live job postings from any company as clean JSON - fetched directly from the ATS, zero lag"
Domain RDAP / WHOIS Lookup,Britton Furness,https://apify.com/mahogany_songbird/domain-whois-lookup?fpr=youssef,enrichment-verification,1,2,,0,Registration and expiry dates via RDAP
Mastodon Scraper - No Login,Peters Bugs,https://apify.com/velvety_bedbug/mastodon-scraper?fpr=youssef,other-lead-sources,1,2,,0,Scrape public posts (toots) from any Mastodon instance. Supports public timeline and hashtag timelines. No login or cookies. MCP-ready for AI agents
Zillow Data Scraper,ReapX,https://apify.com/reapx/zillow-data-scraper?fpr=youssef,other-lead-sources,1,2,,0,"Compare Zillow property records and local-market facts. Start with Zillow URLs; each returned record keeps titles, authors, addresses, descriptions, and publication dates"
"Medicare Cost Report Data - Hospital, SNF & Home Health (HCRIS)",NexGen Signal,https://apify.com/nexgensignal/us-medicare-cost-report-records?fpr=youssef,other-lead-sources,1,2,,0,"CMS Medicare cost reports for hospitals, skilled nursing facilities and home health agencies: beds, days, discharges, costs, revenue, balance sheet and net income per facility per year. Part of NexGen Signal - official-source data products"
"LinkedIn Company Scraper - Company Data API, No Login",Raffy,https://apify.com/glasswing/linkedin-company-scraper?fpr=youssef,linkedin,1,2,,0,"Scrape public LinkedIn company pages without an account: name, website, industry, company size, headquarters, founded, specialties, followers, logo, locations, similar pages and open jobs. By URL, slug, id or company name. No people data"
Private Company Data API - Funding and Valuation,Nabeel Hassan,https://apify.com/nabeelbaghoor/private-company-data-api?fpr=youssef,b2b-databases,1,2,,0,"Search a private-market company intelligence database by industry, market, technology, geography, headcount, funding and valuation, and optionally attach every funding round. Pay per result. Bring your own API key"
WARN Layoff Monitor - New Mass-Layoff & Closure Alerts,Scrapers Delight,https://apify.com/scrapersdelight/warn-layoff-monitor?fpr=youssef,email-finders,1,2,,0,"Monitor public WARN Act filings for new mass-layoff & plant-closure notices across US states (TX, IN - more coming). Company, location, employees affected, notice & effective dates. A delta feed for recruiters, sales & M&A - alerts via Slack, email or webhook"
BestColleges Scraper,Crawler Bros,https://apify.com/crawlerbros/best-colleges-scraper?fpr=youssef,other-lead-sources,1,2,,0,"Scrape ranked US college programs and school profiles from BestColleges (bestcolleges.com). Fetch ranked schools with tuition, admission rates, retention, and earnings data; school profiles; or program pages from subject hubs"
AutoScout24 Cars Scraper - Used Listings DE AT IT,Noah Adler,https://apify.com/noahadler/autoscout24-cars?fpr=youssef,other-lead-sources,1,2,,0,"Scrape AutoScout24 used-car listings (DE/AT/IT) by make and model - BMW 3er, Golf, A4. Price EUR, mileage, year, fuel, dealer, detail URL. HTTP scraper; enable RESIDENTIAL proxy (DE/AT/IT) if you hit 403"
Government Contract Award Monitor Federal Grant Winners,Mamba Labs,https://apify.com/mambalabs/public-award-monitor?fpr=youssef,other-lead-sources,1,2,,0,"Finds the companies that won US federal contracts, US federal grants, NIH SBIR awards, or UK public contracts in the last N days. Returns one row per winning company with award count, total value, awarding body, award date, and a resolved company domain. Built for Clay and outbound"
"Shopify Store Intelligence: Apps, Markets, Tech",Ahmed Ibrahim,https://apify.com/launchgulf/shopify-store-intelligence?fpr=youssef,other-lead-sources,1,2,,0,"Analyze any Shopify store: installed apps, theme, currencies, languages, international markets, shipping countries, payment and buy-now-pay-later options, product count, prices and social links"
PitchPilot - Agency Prospect Scorer & Outreach Agent,Daniel Lozano,https://apify.com/orbitai/agency-prospect-qualification-scorer?fpr=youssef,other-lead-sources,1,2,,0,"Ranks business website prospects by reachable contact data, CTA gaps, website weakness, and improvement potential"
"DOL Prevailing-Wage Worksites (FY2026 Q3, quarter-to-date)",NexGen Watch,https://apify.com/nexgenwatch/dol-prevailing-wage-worksites?fpr=youssef,other-lead-sources,1,2,,0,Structured worksite-level prevailing-wage detail - the per-worksite companion to the OFLC prevailing-wage determinations - read directly from the official U.S
Workday Jobs Scraper,Dektion Studio,https://apify.com/dektionstudio/workday-jobs-scraper?fpr=youssef,jobs-hiring-signals,1,2,,0,"Open jobs from company career sites on Workday (myworkdayjobs.com): title, locations and time type, plus the full description and exact posting date when descriptions are on. Reads every page of big sites like NVIDIA with 2,000 jobs"
"npm Registry Intel: Packages, Releases & Maintainer Leads",Obsidian IT Consulting SRL,https://apify.com/obsidian937/npm-registry-intel?fpr=youssef,email-finders,1,2,,0,"Turn the npm registry into structured B2B data. Discover packages by keyword or scope, monitor releases of any package list, or build developer lead lists from maintainer emails. Official public npm API, no proxy, no auth. Delta mode for recurring monitoring"
GLEIF LEI Scraper - Legal Entity Identifier Records,DevilScrapes,https://apify.com/devilscrapes/gleif-lei-records-scraper?fpr=youssef,other-lead-sources,1,2,,0,"Export Legal Entity Identifier records from the GLEIF global register - LEI code, legal name, entity status, legal form, jurisdiction, registered address, BIC codes and registration dates - as clean JSON, CSV or Excel. Bulk LEI lookup for counterparty screening and KYC onboarding"
"Career Site Jobs API - Greenhouse, Lever, Ashby & 4 more ATS",Wellington Pereira Konkel,https://apify.com/srkonkel/career-site-jobs-ats?fpr=youssef,jobs-hiring-signals,1,2,,0,"Get job postings straight from company career sites through the official public job-board APIs of Greenhouse, Lever, Ashby, SmartRecruiters, Recruitee, Workable and Personio. One clean schema, filters, only-new-jobs mode"
LinkedIn Jobs Scraper,Murat Uzun,https://apify.com/webdatatools/linkedin-jobs-scraper?fpr=youssef,linkedin,1,2,,0,"LinkedIn Jobs Scraper returns public job listings from LinkedIn by keywords, location, and filters. Scrape job titles, companies, salaries, descriptions, and applicant counts from LinkedIn's public guest job search API"
"Impressum & Imprint Contact Scraper - Emails, Phones, Socials",Snow Leo Data,https://apify.com/snow_leo_data/website-contact-scraper?fpr=youssef,email-finders,1,2,,0,"Website contact scraper billed per website, not per page: one row covers up to 40 pages. Reading contact and imprint pages found email on 57 of 135 sites where the home page alone found 31 - 4.28 times as many addresses. Cloudflare-hidden addresses decoded. Website email extractor"
"DuckDuckGo Scraper - Local Business Data, Yelp, Apple Maps",Snow Leo Data,https://apify.com/snow_leo_data/duckduckgo-scraper?fpr=youssef,directories,1,2,,0,"Local businesses Google Maps misses: 82 of 164 businesses returned here were not in Google Maps at all, measured on 10 category and city pairs. Website filled for 97.9% of rows, 44 fields per business, from Yelp and Apple Maps data. DuckDuckGo local business data API, Yelp data scraper"
Fast Naukri & Gulf Jobs Market Scraper,David Sandor,https://apify.com/trusted_tech_spot/fast-naukri-jobs-scraper?fpr=youssef,jobs-hiring-signals,1,2,,0,"Scrapes job vacancies from Naukri.com (India) and NaukriGulf.com (Middle East): role title, company name, experience requirement, salary packages, location, and key skills"
LinkedIn Company & Employee Directory Scraper (No Cookies),David Sandor,https://apify.com/trusted_tech_spot/linkedin-company-employee-finder?fpr=youssef,linkedin,1,2,,0,"Extracts company profiles, employee directories, job titles, and predicted corporate email patterns from LinkedIn companies without requiring browser cookies or account login"
LinkedIn Company Scraper,Agnes Maina,https://apify.com/agnes.developer.queen/linkedin-company-scraper?fpr=youssef,linkedin,1,2,,0,"LinkedIn Company Scraper turns company URLs, slugs or plain names into company facts with no cookies or login: industry, size, employees on LinkedIn, HQ, founded, type, website, specialties and followers.; not-found and mismatched rows are free"
Greenhouse Jobs Scraper & Salary API,Aditya Sapra,https://apify.com/cyborg_cell/greenhouse-jobs-scraper?fpr=youssef,jobs-hiring-signals,1,2,,0,"Greenhouse jobs scraper and API. Get every open position from any Greenhouse job board as clean JSON: title, department, location, salary range when stated and full description. Paste a careers link or a company name. No proxies, pay per job"
Threads Account Finder - Leads & Contacts by Keyword,Alom Dev,https://apify.com/alom/threads-lead-finder?fpr=youssef,social-leads,1,2,,0,"Find Threads accounts by keyword: followers, bio, bio links, verification, plus e-mails and phone numbers when people list them in their bio. Optional e-mail-only filter. Look up usernames too. No login needed"
"Email Validator: Bulk MX, Disposable & Typo Check",Aditya Sapra,https://apify.com/cyborg_cell/email-validator?fpr=youssef,email-finders,1,2,,0,"Bulk email validator and email list cleaner: syntax check, domain and MX lookup, disposable and free-provider detection, role accounts and typo suggestions. Never contacts the mailbox, so your sender reputation stays safe"
"Email Validator: Bulk MX, Disposable and Role Check",Viktor Wiberg,https://apify.com/nightwave-owner/email-validator?fpr=youssef,email-finders,1,2,,0,"Returns a valid, risky or invalid verdict for each e-mail address, with syntax check, MX records, disposable domain and role account flags and typo suggestions (gmial.com to gmail.com). No SMTP probing, no mail sent"
Fiverr Full-Site Gig Scraper - Search & Categories,kane liu,https://apify.com/lentic_clockss/fiverr-programming-tech-gigs-scraper?fpr=youssef,other-lead-sources,1,2,,0,"Collect current Fiverr gig listings across the full site catalog or by search query. Export prices, seller signals, ratings, and listing URLs for sourcing and competitor research"
"EU Tenders: TED Public Procurement Notices, EU and EEA",Viktor Wiberg,https://apify.com/nightwave-owner/eu-public-procurement?fpr=youssef,other-lead-sources,1,2,,0,"Returns EU public tenders and procurement notices from the official TED API for all EU and EEA countries, one clean row per notice with buyer, value, currency, deadline and link. Filter by country, date, CPV code, keyword and notice type. Supports onlyNew for daily tender alerts"
"Glassdoor Jobs, Company Reviews & Salary Scraper",David Sandor,https://apify.com/trusted_tech_spot/fast-glassdoor-jobs-scraper?fpr=youssef,jobs-hiring-signals,1,2,,0,"Scrapes Glassdoor job postings, company review ratings (1-5 stars), salary benchmarks, easy-apply status, and employer culture highlights without account login"
CNPJ Lookup: Brazil Company Registry Data (Receita Federal),Viktor Wiberg,https://apify.com/nightwave-owner/brazil-cnpj-companies?fpr=youssef,brasil,1,2,,0,"Returns the official Receita Federal registration of Brazilian companies by CNPJ, one row per company with legal and trade name, status, opening date, legal nature, main and secondary CNAE activities, address, share capital and company size. No partners, no personal data"
Ashby Jobs Scraper & Salary API,Aditya Sapra,https://apify.com/cyborg_cell/ashby-jobs-scraper?fpr=youssef,jobs-hiring-signals,1,2,,0,"Ashby jobs scraper and API. Get every open position from any Ashby job board as clean JSON: title, department, team, location, workplace type, compensation range and full description. Paste a careers link or a company name. Pay per job"
Depop Sold Comps - Sold Items & Last Ask,Noah Adler,https://apify.com/noahadler/depop-sold-comps?fpr=youssef,other-lead-sources,1,2,,0,"Scrape depop sold items and depop sold comps: itemId, title, last ask, status sold or removed. For resellers who want depop shop sold in a spreadsheet - not a live listings dump. Last ask is not an invented hammer. RESIDENTIAL GB"
Domain WHOIS & IP Network Forensics,David Sandor,https://apify.com/trusted_tech_spot/dns-whois-ip-intelligence?fpr=youssef,enrichment-verification,1,2,,0,"Performs comprehensive RDAP/WHOIS domain registration lookups and IP network forensics: registrar info, expiration dates, nameservers, reverse DNS (PTR), and network CIDR blocks"
Bulk Email Validator & Email List Cleaner - Disposable Check,Yukai Lin,https://apify.com/tidytools/bulk-email-validator?fpr=youssef,email-finders,1,2,,0,"Email list cleaner without SMTP pings: bulk-check syntax, domain and MX records, disposable email, role and free-provider flags, and typos (gmial.com → gmail.com). CSV upload or another Actor's dataset. Failed lines are free"
"Wallapop Vendidos - Last Ask, Sold or Reserved",Noah Adler,https://apify.com/noahadler/wallapop-sold-comps?fpr=youssef,other-lead-sources,1,2,,0,"Scrape wallapop vendidos and reserved listings in Spain: itemId, title, last ask, sold or reserved status. Wallapop sold comps for resellers - not a live ads dump. Last ask only. RESIDENTIAL ES recommended"
Geo AI Audit Scraper,Canadesk Support,https://apify.com/canadesk/geo-ai-audit-scraper?fpr=youssef,other-lead-sources,1,2,,0,Analyze website readiness for Generative AI search engines and get instant insights
Meta Ad Library Scraper,Agnes Maina,https://apify.com/agnes.developer.queen/meta-ad-library-scraper?fpr=youssef,social-leads,1,2,,0,"Meta Ad Library Scraper returns every ad a brand runs on Facebook and Instagram: copy, picture or video, run dates and days running, and reach, targeting and payer for ads shown in the EU. No login.. Monitor mode reports new, 30/60/90-day and stopped ads"
CNPJ Validator & Formatter - Bulk Check (Free),Gangary,https://apify.com/gangary/cnpj-validator?fpr=youssef,brasil,1,2,,0,"Validate and format Brazilian CNPJs in bulk, for free: official check-digit verification, 00.000.000/0000-00 formatting, headquarters vs branch detection, duplicate flagging and a per-row reason for every invalid entry. Validar CNPJ em lote, gratis"
Brazil ESG Supply-Chain Monitor - Slave Labor + IBAMA by CNPJ,MoreLock,https://apify.com/paulovitor18/brazil-esg-supply-chain-monitor?fpr=youssef,brasil,1,2,,0,"Screen Brazilian suppliers by CNPJ for ESG red flags and get alerted when one appears. Cross-checks the government Dirty List (slave/forced labor, MTE) with IBAMA environmental infractions and embargoes - only what changed since the last run. For CSDDD supplier due diligence. Pay per result"
Monitor ESG BR por CNPJ - Lista Suja + IBAMA,MoreLock,https://apify.com/paulovitor18/esg-delta-monitor-br?fpr=youssef,brasil,1,2,,0,Monitore risco socioambiental por CNPJ e receba só o que mudou desde a última execução: cruza a Lista Suja do trabalho escravo (MTE) com autos e embargos ambientais do IBAMA. Ideal para due diligence contínua de fornecedores. Pague por resultado
Monitor de Sanções CEIS/CNEP - Empresas Punidas por CNPJ,MoreLock,https://apify.com/paulovitor18/ceis-cnep-delta-monitor-br?fpr=youssef,brasil,1,2,,0,"Monitora CEIS e CNEP por CNPJ e alerta quando um fornecedor entra, sai ou muda de status nos cadastros de sanção do governo federal. Descubra empresas inidôneas e impedidas de licitar. Delta entre execuções, dado oficial da CGU. Pague por resultado"
Brazil Sanctions & Debarment Check (CNPJ) - 5 Official Lists,Brazilayer,https://apify.com/brazilayer/cnpj-sanctions-check?fpr=youssef,brasil,1,2,,0,"Screen any Brazilian CNPJ against the 5 official integrity lists in one run: debarment (CEIS), corruption fines (CNEP), blocked nonprofits (CEPIM), slave labor (MTE) and leniency deals (CGU). A database check on government bulk data, not a scraper. One verdict per company: clean or flagged"
BrasilAPI CNPJ Company Scraper,Crawler Bros,https://apify.com/crawlerbros/brasil-api-cnpj-scraper?fpr=youssef,brasil,1,2,,0,"Look up Brazilian company data using the BrasilAPI CNPJ endpoint. Input CNPJ numbers to retrieve official Receita Federal data: company name, trade name, legal status, CNAE industry codes, address, partners (QSA), founding date, capital, and tax regime. Free, no authentication required"
Amazon Brasil Sellers com CNPJ - Leads B2B e Receita Federal,MoreLock,https://apify.com/paulovitor18/amazon-brasil-vendedores-cnpj?fpr=youssef,brasil,1,2,,0,"Descubra qual empresa está por trás de cada loja da Amazon Brasil. Informe termos de busca ou sellerIds e receba os vendedores parceiros com o CNPJ da ficha conferido na Receita Federal: razão social, situação, porte, CNAE, capital, sócios e endereço. Leads B2B para quem vende a lojista"
Brazil CNPJ Company Lookup - Receita Federal,Technical Dost Solutions,https://apify.com/technicaldost/brazil-cnpj-company-lookup?fpr=youssef,brasil,1,2,,0,"Look up Brazilian companies you already have a CNPJ for. Public RFB company record: legal name, CNAE, status, address, officer names. No CPF values. No key"
Brazil CNPJ Situação Change Monitor (honest monthly lag),Daniel Witney,https://apify.com/plym-actor-factory/brazil-cnpj-situacao-change-monitor?fpr=youssef,brasil,1,2,,0,"Watch a list of Brazilian CNPJs and emit typed situação cadastral / material change events from Receita Federal dados abertos (or equivalent open-data mirror). Honest monthly official lag - not a CNPJ dump, not paid Serasa"
CNPJ Lookup in Bulk - Brazil Company Data (Receita Federal),Cemal Atakli,https://apify.com/gazidev/brazil-cnpj-lookup?fpr=youssef,brasil,1,2,,0,"Bulk CNPJ lookup (consulta CNPJ em massa) from the Receita Federal open data: legal and trade name, status, opening date, CNAE, address, legal nature, share capital, Simples/MEI and partners (QSA). Check digits validated locally; invalid CNPJs are free"
Brazil E-commerce CNPJ Scraper - Online Seller Contacts,Scrapers Delight,https://apify.com/scrapersdelight/br-decreto7962-ecommerce-contact-scraper?fpr=youssef,brasil,1,2,,0,"Brazilian online-shop domains in, one seller per row out: razão social, check-digit-verified CNPJ, inscrição estadual, address, email, phone, WhatsApp and SAC, plus the Receita Federal register status. Billed only for rows with the seller's own CNPJ"
Certidão Negativa MPF por CNPJ - Ministério Público Federal,BrasilDados.org - API e Data as a Service,https://apify.com/brasildados/certidao-negativa-mpf-api?fpr=youssef,brasil,1,2,,0,"Emite a Certidão Negativa do Ministério Público Federal (MPF) por CNPJ. Retorna se há procedimento extrajudicial, nome, emissão, validade, código de validação e a certidão em PDF. USpor consulta"
Certidão Licitante Inidôneo TCU por CNPJ - API,BrasilDados.org - API e Data as a Service,https://apify.com/brasildados/certidao-licitante-inidoneo-tcu-api?fpr=youssef,brasil,1,2,,0,"Emite a Certidão Negativa de Licitante Inidôneo do TCU (Tribunal de Contas da União) por CNPJ. Somente empresas: CPF é ignorado. Retorna se há sanção, nome, emissão, validade, código de validação, as sanções e a certidão em PDF. USpor consulta"
"PII Masker - Redact CPF, CNPJ, Emails, Phones, Names (LGPD)",Leandro Zanatta,https://apify.com/adorable_partial/pii-masker?fpr=youssef,brasil,1,2,,0,"Find and mask personal data in texts, JSON or any Apify dataset: CPF, CNPJ (incl. alphanumeric), e-mails, phones, cards, IBAN, IPs and names. Redact, mask, partial or hash. Check-digit validated. LGPD/GDPR ready"
Brazil CNPJ Lookup & Company Registry Scraper,ParseBird,https://apify.com/parsebird/brazil-cnpj-scraper?fpr=youssef,brasil,1,2,,0,"Look up any Brazilian CNPJ or search the Receita Federal company registry by state, CNAE, city, legal form, or partner CPF. Get status, address, phones, CNAEs, capital, Simples/MEI, tax regime, and partners (QSA). Export JSON, CSV, Excel"
Brazil Local Business Leads with CNPJ (Google Maps),Jefferson Valandro,https://apify.com/jeffev/leads-locais-cnpj?fpr=youssef,brasil,1,2,,0,"Search Google Maps for any business type in a Brazilian city and get each place with its CNPJ, legal name, size, opening date, CNAE and tax regime from the official Receita Federal registry, in one step. Leads locais do Brasil com CNPJ, direto do Google Maps"
Bulk CNPJ Lookup Brazil (Consulta CNPJ em Lote),Jefferson Valandro,https://apify.com/jeffev/consulta-cnpj-lote?fpr=youssef,brasil,1,2,,0,"Look up thousands of Brazilian CNPJs at once: registration status (active, closed, unfit), legal name, address, CNAE, Simples/MEI with dates, contacts and partners. Supports the new alphanumeric CNPJ. Consulta CNPJ em lote com situação cadastral"
Google Maps to CNPJ Brazil (Encontrar CNPJ),Jefferson Valandro,https://apify.com/jeffev/encontrar-cnpj?fpr=youssef,brasil,1,2,,0,"Find the CNPJ (Brazilian company ID) of Google Maps places or any company list by matching name, phone and address with the official Receita Federal registry: legal name, size, opening date, CNAE, Simples/MEI. Descubra o CNPJ de lugares do Google Maps"
Domain to CNPJ Brazil (CNPJ por Domínio ou E-mail),Jefferson Valandro,https://apify.com/jeffev/cnpj-por-dominio?fpr=youssef,brasil,1,2,,0,"Find the Brazilian company (CNPJ) behind a website or corporate e-mail: legal name, size, opening date, CNAE, Simples/MEI and contacts, from the official Receita Federal registry. Descubra o CNPJ da empresa dona de um site ou e-mail"
Brazil CNPJ Company Lookup & Search (Receita Federal),Jack Sheward,https://apify.com/bigdavidson/brazil-cnpj-companies?fpr=youssef,brasil,1,2,,0,"Look up Brazilian companies by CNPJ or search by CNAE, UF, city and status. Receita Federal open data: razão social, CNAEs, address, phone, Simples/MEI, capital, partners (QSA)"
CNPJ Scraper,Aurenic,https://apify.com/aurenic/cnpj-scraper?fpr=youssef,brasil,1,2,,0,"Find Brazilian companies by CNAE + state + municipality and enrich with full Receita Federal data. 55M+ companies, municipality iteration past the 20-result cap, BrasilAPI/Minha Receita/OpenCNPJ failover. Keyless, no browser, no proxy"
Validador de CNPJ Alfanumérico - Lote e Migração,Johnn Mottin,https://apify.com/johnatan029/cnpj-alphanumeric-validator?fpr=youssef,brasil,1,2,,0,"Valide CNPJs numéricos e alfanuméricos em lote pela regra oficial da Receita Federal. Aceita lista, texto, JSON e CSV, calcula dígitos verificadores, aponta erros e duplicados e gera relatório de migração grátis. Validação estrutural determinística, sem consulta externa ou IA"
"Triagem de Sanções por CNPJ - CEIS, CNEP, CEPIM e Leniência",Johnn Mottin,https://apify.com/johnatan029/cnpj-sanctions-screening?fpr=youssef,brasil,1,2,,0,"Faça triagem de CNPJs contra CEIS, CNEP, CEPIM e Acordos de Leniência usando arquivos oficiais do Portal da Transparência. Receba veredito por CNPJ, ocorrências, processo, órgão, datas, fundamentação e versão dos dados. Em lote, sem chave de API e sem score de risco"
Brazil CNPJ Scraper - Receita Federal Company Data,Scrape Sage,https://apify.com/scrapesage/brazil-cnpj-scraper?fpr=youssef,brasil,1,2,,0,"Bulk-look up Brazilian companies by CNPJ, straight from Receita Federal open data: legal name, status, CNAE activities, full address, email, phone, capital, size, Simples/MEI status and partners (QSA). Filter by state, status or CNAE. No API key, no browser"
Monitor de Mudanças Cadastrais de CNPJ,Johnn Mottin,https://apify.com/johnatan029/cnpj-company-change-events?fpr=youssef,brasil,1,2,,0,"Acompanha o cadastro público de empresas brasileiras e informa apenas o que mudou: situação cadastral, endereço, CNAE, quadro societário ou razão social. Cada evento traz o valor anterior e o novo"
Certificado de Regularidade do FGTS por CNPJ ou CPF,BrasilDados.org - API e Data as a Service,https://apify.com/brasildados/certificado-devedor-fgts-api?fpr=youssef,brasil,1,2,,0,"Consulta o Certificado de Regularidade do FGTS por CNPJ ou CPF, em lote. Mesmo campo p/ os dois tipos. Retorna regularidade, dados cadastrais e histórico. Emite PDF opcional. | Check the FGTS Regularity Certificate by CNPJ or CPF, in bulk"
Quantidade e Distribuição de Processos Judiciais por CNPJ,BrasilDados.org - API e Data as a Service,https://apify.com/brasildados/processos-judiciais-cnpj-quantidade-api?fpr=youssef,brasil,1,2,,0,"Quantidade total e distribuição agregada de processos judiciais de empresas brasileiras por CNPJ: tipo, tribunal, situação, estado. 5 anos como réu. API em lote"
"Brazil Company Data - CNPJ, Partners (QSA) & CNAE Activity",Berkan Kaplan,https://apify.com/foxlabs/brazil-company-data?fpr=youssef,brasil,1,2,,0,"Official Brazilian company data by CNPJ: legal and trade name, CNAE activity, legal nature, share capital, status, partners (QSA) and registered address"
Brazilian Company Enrichment (CNPJ) - Official Data,Brazilayer,https://apify.com/brazilayer/brazilian-company-enrichment?fpr=youssef,brasil,1,2,,0,"Paste a list of CNPJs you already have and get the official Receita Federal record for each: legal name, status, size, industry (CNAE), address, phone and e-mail. A database lookup, not a scraper - no breakage, no rate limit. Charged only per company actually found"
Brazil CNPJ Lookup & Checker - Receita Federal ·,Ambolt,https://apify.com/ambolt/brazil-cnpj-lookup?fpr=youssef,brasil,1,2,,0,"Check a Brazilian CNPJ, numeric or alphanumeric, and get the official company record from Receita Federal open data: legal name, active or closed status, CNAE code, address, start date, size. Check digits validated first, up to 100 CNPJ per run. No partners or contacts. Failures are free"
Inteligência de Mercado por CNAE - Brasil,Johnn Mottin,https://apify.com/johnatan029/cnae-market-intelligence?fpr=youssef,brasil,1,2,,0,"Meça o tamanho de mercados brasileiros por CNAE e UF usando dados abertos oficiais da Receita Federal. Veja estabelecimentos totais e ativos, novas matrizes do mês, distribuição por UF e porte das entrantes. Aceita CNAE completo ou prefixo e declara o frescor mensal dos dados"
Feriados Brasil: National Holidays & Calendar,C Lima,https://apify.com/dignified_xanadu/feriados-brasil?fpr=youssef,brasil,1,2,,0,"Get all Brazilian national holidays for any year. Returns date, name, type (national/religious/optional), weekday. Powered by BrasilAPI (free, no key)"
BrasilAPI Scraper,Gio,https://apify.com/gio21/brasilapi-scraper?fpr=youssef,brasil,1,2,,0,"Scrape BrasilAPI public endpoints: CEP (8-digit lookup), bancos (all Brazilian banks), feriados nacionais por ano, DDD (city by phone area code), FIPE (vehicle brands/prices), CNPJ (company lookup), ISBN (book metadata). Free, no auth"
Distrito Brasil Research Reports Aggregator,BowTiedRaccoon,https://apify.com/jungle_synthesizer/distrito-brasil-research-reports-aggregator-scraper?fpr=youssef,brasil,1,2,5,1,"Scrape Distrito's research report catalogue - Brazil's most-cited startup-ecosystem research firm. Returns all reports with title, date, description, clean URL, topic tag, and gated flag from the official reports listing"
Caloi Bicicletas Brasil - Catalog Scraper,BowTiedRaccoon,https://apify.com/jungle_synthesizer/caloi-bicicletas-brasil-catalog-scraper?fpr=youssef,brasil,1,2,,0,"Scrapes the full Caloi bicycle catalog from caloi.com - Brazil's #1 bike brand. Extracts product names, categories, wheel sizes, frame materials, drivetrain specs, MSRP prices (BRL), color options, images, and technical specifications from the official sitemap"
OLX Brasil Scraper - Classified Listings,Noah Adler,https://apify.com/noahadler/olx-brasil?fpr=youssef,brasil,1,2,,0,"Scrape OLX Brasil (olx.com.br) classified search results: title, price BRL, city, UF, neighborhood, category, detail URL and image. Clean BR schema - no phone harvesting. HTTP-only; default RESIDENTIAL + BR"
OLX Brasil Scraper: New Listing & Price Alerts,Adrian Voss,https://apify.com/accountable_eel/olx-brasil-listing-lookup?fpr=youssef,brasil,1,2,,0,"OLX Brasil scraper by keyword: search Brazil's general classifieds marketplace, get one row per listing (title, price, category, city, link). Turn on monitoring for only new listings and price drops since your last run. No login required; empty searches and quiet runs are free"
ReBEC - Ensaios Clínicos Registrados no Brasil,Andre Guzik,https://apify.com/guzik_andre/rebec-ensaios-clinicos?fpr=youssef,brasil,1,2,,0,"Varre o Registro Brasileiro de Ensaios Clínicos (ReBEC/Fiocruz) e devolve título, patrocinador, condição de saúde e status de recrutamento de cada ensaio - inteligência competitiva pra indústria farmacêutica, CROs e pesquisa acadêmica"
Obras Públicas do Brasil API - Consulta por UF,BrasilDados.org - API e Data as a Service,https://apify.com/brasildados/obras-publicas-brasil-api?fpr=youssef,brasil,1,2,,0,"Consulte obras públicas e projetos de infraestrutura no Brasil por UF e situação. Encontre projetos em execução, paralisados ou concluídos, com município, órgão responsável, valores, datas, execução física e geolocalização. Retorno em JSON via Batch ou Standby"
BikeShop Brasil Bicicletas Catalog Scraper,Maxime Dupré,https://apify.com/maximedupre/bikeshop?fpr=youssef,brasil,1,2,,0,"Collect the current bicycle catalog from BikeShop.com.br. Get product links, IDs when available, brands, categories, BRL prices, stock status, images, specifications, installment offers when shown, and collection times"
Google Marcas e Patentes Scraper API Brasil,BrasilDados.org - API e Data as a Service,https://apify.com/brasildados/google-marcas-patentes-scraper-api?fpr=youssef,brasil,1,2,,0,"Pesquise no Google Patents patentes ligadas a marcas, empresas, inventores e tecnologias com foco no Brasil. Filtre por país, situação e tipo; exporte título, resumo, titular, inventor, número, datas, PDF e miniatura em JSON, CSV ou Excel para inovação, concorrência e pesquisa tecnológica"
Compras.gov Brazil Tenders & Bids Scraper,Latin America Data,https://apify.com/latinamericadata/compras-gov-brasil?fpr=youssef,brasil,1,2,,0,"Extraia licitações do Compras.gov por palavra-chave, estado, modalidade e período. Obtenha órgão, objeto, datas, valor estimado e links oficiais. Exporte em JSON, CSV ou Excel e integre por API, webhooks e automações"
AliExpress Brazil Product & Price Scraper,Latin America Data,https://apify.com/latinamericadata/aliexpress-brasil?fpr=youssef,brasil,1,2,,0,"Extraia produtos do AliExpress Brasil com IDs, SKUs, preços em BRL, descontos, avaliações, vendas, vendedores, imagens e links. Scraper e API para pesquisa de mercado, comparação de preços, catálogo e monitoramento de ecommerce"
Samsung Brazil Store Product & Price Scraper,Latin America Data,https://apify.com/latinamericadata/samsung-store-brasil?fpr=youssef,brasil,1,2,,0,"Extraia o catálogo oficial da Samsung Brasil com modelos, SKUs, preços, descontos, estoque, avaliações, categorias, imagens e links. Scraper e API para pesquisa de mercado, price intelligence e monitoramento de eletrônicos"
Netshoes Brazil Product & Price Scraper,Latin America Data,https://apify.com/latinamericadata/netshoes-brasil?fpr=youssef,brasil,1,2,,0,"Extraia produtos da Netshoes Brasil com precos, descontos, estoque, tamanhos, cores, marcas, avaliacoes, vendedores, imagens e URLs. Scraper e API para tenis, esportes e inteligencia de ecommerce"
Lojas Renner Brazil Product & Price Scraper,Latin America Data,https://apify.com/latinamericadata/lojas-renner-brasil?fpr=youssef,brasil,1,2,,0,"Extraia produtos da Lojas Renner Brasil com precos, descontos, estoque, tamanhos, cores, marcas, categorias, imagens e URLs. Scraper e API para monitoramento de moda, catalogo e inteligencia de ecommerce"
"OLX Brazil Scraper | Listings, Prices & Seller Data",João Pedro Rodrigues,https://apify.com/pedrocadev/olx-brazil-scraper?fpr=youssef,brasil,1,2,,0,"[ ] Scrape OLX Brazil listings at scale. Extract titles, prices, descriptions, photos, seller details, location and category data from Brazil's largest classifieds marketplace by keyword or URL. Premium flat rate, enrichment included"
Reclame Aqui Scraper - Complaints & Reputation,Dami's Studio,https://apify.com/dami_studio/reclame-aqui-scraper?fpr=youssef,brasil,1,2,,0,"Scrape Reclame Aqui, Brazil's consumer complaint site. One row per company: reputation score, index status, answer and resolution rates over five periods. One row per complaint: text, the company's reply, the consumer's 0 to 10 rating, city and date"
ReclameAqui Scraper [] | RA1000 | Complaints,Ahmed Jasarevic,https://apify.com/ahmed_jasarevic/reclameaqui-com-br-scraper?fpr=youssef,brasil,1,2,,0,"Brazilian company reputation data: ReclameAqui score, RA1000 status, response rates, CNPJ, segment rank and complaint threads with company replies - for CX research and monitoring"
Reclame Aqui Scraper - Company Reputation API,fernando karlen,https://apify.com/ing-karlen/reclame-aqui-company-reputation?fpr=youssef,brasil,1,2,,0,"Scrape Reclame Aqui company reputation: RA score, RA1000 status, complaints, response and solved rates, response time, 5 periods and top complaint topics. Benchmark competitors, vet vendors, qualify leads"
"Reclame Aqui Scraper - Complaints, Replies & RA Score",Scrapewise Data,https://apify.com/scrapewise/reclame-aqui-scraper?fpr=youssef,brasil,1,2,,0,"Scrape Reclame Aqui (reclameaqui.com.br), Brazil's consumer complaint site: company reputation score, RA1000 status and rates, complaints with full text, company reply and final evaluation, keyword search, segment rankings and only-new mode. No login. US"
VivaReal & ZAP Imóveis Scraper - Brazil Property Data,Dami's Studio,https://apify.com/dami_studio/vivareal-zap-imoveis-scraper?fpr=youssef,brasil,1,2,,0,"VivaReal and ZAP Imóveis scraper for Brazil. Name a city or neighbourhood and get one row per listing: price or rent, condo fee, IPTU, area, bedrooms, parking, address, amenities, advertiser, phone and WhatsApp, photos"
ZAP Imóveis Brazil Scraper - Rent & Sale Listings,Noah Adler,https://apify.com/noahadler/zap-imoveis?fpr=youssef,brasil,1,2,,0,"Scrape ZAP Imóveis (zapimoveis.com.br) rent and sale by city: price BRL, rooms, bathrooms, m², neighborhood and detail URL. HTTP-only; default RESIDENTIAL + BR (Cloudflare often blocks bare IPs). Clean Brazil property rows"
ZAP Imóveis Scraper,ParseBird,https://apify.com/parsebird/zap-imoveis-scraper?fpr=youssef,brasil,1,2,,0,"Scrape property listings from ZAP Imóveis and VivaReal: prices, condomínio, IPTU, bedrooms, area, location, amenities, lançamentos, and seller contacts. No browser required"
VivaReal & Leads,Azzouzana,https://apify.com/azzouzana/vivareal-scraper?fpr=youssef,brasil,1,2,,0,"VivaReal search URL, sale or rent, any city or neighborhood. Price, condo fee, IPTU, area, bedrooms, address, photo, and advertiser phone. Optional full details for comprehensive data. JSON, CSV, Excel, API. Built for market research and lead lists. AI-agent ready. Start now!"
VivaReal Scraper - Fast & Enterprise Grade,Thirdwatch,https://apify.com/thirdwatch/vivareal-scraper?fpr=youssef,brasil,1,2,,0,"Scrape VivaReal listings - Brazil's leading property portal. Prices, areas, beds/baths, addresses, coordinates. Built for property research, market analysis, and lead sourcing. No login, cookies, or API keys - clean JSON output and pay-per-result pricing"
"iFood Scraper - Anti-Block: Menus, Prices & Reviews",Scrape Pilot,https://apify.com/scrapepilot/ifood-scraper-anti-block-menus-prices-reviews?fpr=youssef,brasil,1,2,,0,"iFood scraper with URL enrichment and Google SERP discovery. Extract restaurants, menus with prices, reviews and ratings. Pass URLs directly OR search by city. Start FREE"
iFoodie (愛食記) Taiwan Restaurants Scraper,KF P,https://apify.com/ardent_fork/ifoodie-taiwan-restaurants?fpr=youssef,brasil,1,2,,0,"Restaurant listings from ifoodie.tw, Taiwan's largest restaurant review site: name, user and editorial rating, average price (TWD), price level, opening hours, address, coordinates, cuisine tags, phone, website, signature dishes. Filter by city, district, keyword and sort. No login, no API key"
GitHub BR Tech Jobs Scraper,BowTiedRaccoon,https://apify.com/jungle_synthesizer/frontendbr-vagas-github-tech-jobs-scraper?fpr=youssef,brasil,1,2,,0,"Scrapes Brazilian developer job boards from GitHub Issues (frontendbr/vagas, backend-br/vagas and more). Parses free-text bodies into structured records with location, stack, seniority and employment type"
Sólides Vagas Brazil Jobs Scraper,JP Open Data,https://apify.com/jpopendata/brazil-jobs-solides?fpr=youssef,brasil,1,2,,0,"Brazil job postings from Sólides Vagas (vagas.solides.com.br): title, employer, city/state, salary in BRL when shown, CLT/PJ/internship, on-site/remote/hybrid, seniority, area, posted date. Keyword and location filters. No personal data. Unofficial; not affiliated with Sólides"
"Gupy Jobs Scraper: Brazil vagas (city, remote filters, alerts)",Viktor Dubnytskiy,https://apify.com/datahamster/gupy-br-jobs?fpr=youssef,brasil,1,2,,0,"Gupy jobs scraper for Brazil: search vagas across the thousands of companies that use Gupy as their ATS. One row per posting with company, city and state, remote/hybrid, employment type, published date, deadline, skills and full description. Keyword and city filters, monitor mode alerts. No login"
Gupy Jobs Scraper / Vagas por Empresa e Termo,Scrapewise Data,https://apify.com/scrapewise/gupy-vagas?fpr=youssef,brasil,1,2,,0,"Open positions from any company's Gupy careers page: job title, city, work model (remote, hybrid, on-site), contract type, publication date and the apply URL. Point it at one or many company subdomains and filter by term, city or remote only. No login. US; failed items are free"
Catho Jobs Search Scraper,Jobs API,https://apify.com/jobsapi/catho-jobs-search-scraper?fpr=youssef,brasil,1,2,,0,"Extract job listings from Catho.com.br - Brazil's largest job platform. Collect job titles, companies, locations, salaries, and full descriptions. Perfect for job market analysis and recruitment research in Brazil"
Catho Jobs Scraper,Jobs Scraper,https://apify.com/jobscrawler/catho-jobs-scraper?fpr=youssef,brasil,1,2,,0,"Extract job listings from Catho, one of Brazil's largest online employment platforms"
"Brazil Economic Calendar: IBGE IPCA, GDP & Jobs Release Dates",Samat Makatov,https://apify.com/yadroo/ibge-release-calendar?fpr=youssef,brasil,1,2,,0,"Brazil's official statistics release schedule from the IBGE calendar service: IPCA, IPCA-15, INPC, GDP, unemployment, retail, services and industry releases with date, UTC moment, reference period, English indicator name and release type. A next-release mode answers when the next one lands"
Brazil CVM Quarterly Financials,NexGen Watch,https://apify.com/nexgenwatch/brazil-cvm-quarterly-financials?fpr=youssef,brasil,1,2,,0,"One structured financial_fact per statement account line from Brazil's official CVM quarterly financial statements (ITR) - keyless, logged-out, ODbL"
Brazil ANVISA Medicine Prices,NexGen Watch,https://apify.com/nexgenwatch/brazil-anvisa-medicine-prices?fpr=youssef,brasil,1,2,,0,"One structured medicine_price_record per presentation from the official ANVISA/CMED regulated price list - keyless, logged-out"
Brazil CVM Public Offerings,NexGen Watch,https://apify.com/nexgenwatch/brazil-cvm-public-offerings?fpr=youssef,brasil,1,2,,0,"One record per public offering from the official CVM ZIP, every record tagged schema_version (RCVM160 current-regime default, legacy optional), amendments preserved as distinct rows - not collapsed"
Brazil CVM Sanctioning Proceedings,NexGen Watch,https://apify.com/nexgenwatch/brazil-cvm-enforcement-cases?fpr=youssef,brasil,1,2,,0,"One accused-party row joined to its CVM proceeding by NUP - official procedural status, object, and phase. NO-GUILT POSTURE: every field is the official status reproduced verbatim; no characterization or guilt inference anywhere"
Brazil CVM Public Companies,NexGen Watch,https://apify.com/nexgenwatch/brazil-cvm-public-companies?fpr=youssef,brasil,1,2,,0,"One record per registered public-company issuer from the official CVM cad_cia_aberta.csv - CNPJ/CVM code, names, status, category, sector, IR contact, controller type, auditor"
Brazil BNDES Financing Operations Scraper,NexGen Watch,https://apify.com/nexgenwatch/brazil-bndes-financing-operations?fpr=youssef,brasil,1,2,,0,"BNDES non-automatic financing operations from the bank's open-data file: client, CNPJ, project, state, municipality, contract date, amounts contracted and disbursed (BRL), product, sector. Search by client, CNPJ or any field. Official source. No API key. Pay per record"
Brazil PNCP Price-Registration Minutes Scraper,NexGen Watch,https://apify.com/nexgenwatch/brazil-pncp-price-registration-minutes?fpr=youssef,brasil,1,2,,0,"One record per official price-registration minute (ata de registro de preço) from the keyless PNCP API - control number, agency, object, validity dates - over a bounded date window with the server total reconciled"
IBGE Brazil Statistics Scraper,Maxime Dupré,https://apify.com/maximedupre/ibge?fpr=youssef,brasil,1,2,,0,"Get public IBGE SIDRA catalogue entries, aggregate metadata, available periods, territorial references, and source-linked observations. Choose a focused workflow and download the records for research, reporting, or data pipelines"
Brazil CVM Insider Holdings,NexGen Watch,https://apify.com/nexgenwatch/brazil-cvm-insider-holdings?fpr=youssef,brasil,1,2,,0,"One structured insider_holding_record per insider position/movement from Brazil's official CVM VLMO filings (securities negotiated and held, art. 11 Instr. CVM 358) - keyless, logged-out, ODbL"
Atida Portugal Scraper - Portuguese Online Pharmacy,Studio Amba,https://apify.com/studio-amba/atida-pt-scraper?fpr=youssef,brasil,1,2,,0,"Scrape products, prices, brands, ratings and stock from Atida Portugal (atida.pt), a major Portuguese online pharmacy and parapharmacy in the Atida group. Extract vitamins, supplements, cosmetics and health products. No login required"
Imovirtual Portugal Real Estate Listings,Tim Zinin,https://apify.com/zinin/imovirtual-lisbon?fpr=youssef,brasil,1,2,,0,"Normalize authorized or licensed Lisbon property exports into provenance-linked review rows with stable identity, freshness, confidence gaps, human actions, and current-run settlement. Zero portal requests, verification, valuation, or automated property decisions"
Portugal Open Data Scraper - Government Datasets,Ben,https://apify.com/benthepythondev/portugal-open-data-scraper?fpr=youssef,brasil,1,2,,0,"Search Portugal's national open-data catalog and export titles, descriptions, organizations, tags, licenses, dates and links"
ITJobs.pt Scraper - Portugal IT Job Listings,Studio Amba,https://apify.com/studio-amba/itjobs-pt-scraper?fpr=youssef,brasil,1,2,,0,"Scrape IT and tech job listings from ITJobs.pt, Portugal's leading IT jobs board. Filter by technology category (Java,.NET, DevOps, React, and more). Extract job titles, companies, locations, work mode (remote/hybrid/on-site), employment type, and full descriptions. No login required"
Century 21 Portugal Property Scraper,Trove Vault,https://apify.com/trovevault/century21-portugal-property-scraper?fpr=youssef,brasil,1,2,,0,"Discover public Century 21 Portugal property listings by location, operation, and property type. Extract descriptions, prices, areas, rooms, features, images, agency names, and URLs"
Pingo Doce Portugal Scraper - Groceries & Prices,Studio Amba,https://apify.com/studio-amba/pingodoce-pt-scraper?fpr=youssef,brasil,1,2,,0,"Scrape the Pingo Doce Portugal supermarket by keyword: product names, brands, prices in EUR, unit prices, promotions and categories. No login or cookies"
Leroy Merlin Portugal Scraper - DIY & Home Improvement,Studio Amba,https://apify.com/studio-amba/leroymerlin-pt-scraper?fpr=youssef,brasil,1,2,,0,"Scrape products, prices, specifications, ratings, and availability from leroymerlin.pt, Portugal's Leroy Merlin DIY and home improvement store. Supports search queries and category browsing"
Portugal SNS Emergency Wait Times Tracker,Trove Vault,https://apify.com/trovevault/portugal-emergency-wait-times-tracker?fpr=youssef,brasil,1,2,,0,"Track SNS hospital emergency wait times in Portugal by district. Export normalized service waits, load levels, and patient-access guidance for dashboards or alerts"
Imovirtual Portugal Property Listings Scraper,BowTiedRaccoon,https://apify.com/jungle_synthesizer/imovirtual-portugal-property-listings-scraper?fpr=youssef,brasil,1,2,,0,"Portugal is a live, foreign-capital-heavy residential market and a hole in our Iberian coverage - we hold Spanish"
"Wallapop New Listings Alert (Spain, Italy, Portugal)",Superslow Sloth,https://apify.com/superslowsloth/wallapop-listings?fpr=youssef,brasil,1,2,,0,"Newest Wallapop listings for a keyword or category near a city in Spain, Italy or Portugal, one flat row each: title, price in EUR, previous price, location, shipping, photos, item URL - and whether each listing is new, cheaper or dearer than on the last run"
"Idealista Scraper - Spain, Italy, Portugal Listings",Nice Dev,https://apify.com/nice_dev/idealista-listings-scraper?fpr=youssef,brasil,1,2,,0,"Scrape Idealista property listings in Spain, Italy and Portugal: price, size, rooms, GPS, photos, agency name and phone, price drops. Sale, rent and rooms. Export to JSON, CSV or Excel"
Pingo Doce Portugal Prices Scraper,Trove Vault,https://apify.com/trovevault/pingo-doce-portugal-prices?fpr=youssef,brasil,1,2,,0,"Scrape current Pingo Doce Portugal product prices, promotions, brands, package sizes, unit prices, images, and URLs"
Auchan Portugal Prices Scraper,Trove Vault,https://apify.com/trovevault/auchan-portugal-prices?fpr=youssef,brasil,1,2,,0,"Scrape current Auchan Portugal product prices, promotions, brands, package sizes, unit prices, images, and URLs"
OLX Portugal Scraper,w3crawler,https://apify.com/w3crawler/olx-portugal-scraper?fpr=youssef,brasil,1,2,,0,Extracts non-empty public OLX Portugal search and listing fields from direct HTML and JSON-LD responses. Seller identity and contact data are excluded
"OLX Scraper - Poland, Romania, Ukraine, Bulgaria & Portugal",SR,https://apify.com/s-r/olx-scraper?fpr=youssef,brasil,1,2,,0,"Search OLX in Poland, Romania, Bulgaria, Ukraine and Portugal and get every ad as a row: title, asking price as a number, currency, the seller's town, new or used, and whether the price is negotiable. For price research, resellers and market monitoring"
Notino Portugal Scraper - Perfume & Cosmetics Prices,Studio Amba,https://apify.com/studio-amba/notino-pt-scraper?fpr=youssef,brasil,1,2,,0,"Scrape Notino Portugal (notino.pt): perfume and cosmetics product names, brands, EUR prices, size variants, ratings, reviews, stock, EAN/GTIN, categories and images. Search by brand or keyword, or pass product URLs. No login, no cookies"
"Idealista Scraper: Spain, Italy & Portugal Real Estate",Walid,https://apify.com/dltik/idealista-scraper?fpr=youssef,brasil,1,2,,0,"Scrape Idealista property listings (buy & rent) in Spain, Italy and Portugal: price, €/m², surface, bedrooms, floor, type, city, agency, tags and description. Passes DataDome with a stealth browser on a residential IP. Filter by location, transaction and price"
IEFPOnline Scraper - Portugal Job Listings Data,Studio Amba,https://apify.com/studio-amba/iefp-pt-scraper?fpr=youssef,brasil,1,2,,0,"Scrape job listings, locations, salaries, and posting dates from IEFPOnline, Portugal's national public employment service job board. Form-based search plus JSON-LD detail pages, no login"
Idealista [] Scraper | Spain Italy Portugal,Ahmed Jasarevic,https://apify.com/ahmed_jasarevic/idealista-property-scraper?fpr=youssef,brasil,1,2,,0,"Idealista scraper for price monitoring and real estate market research across Spain, Italy and Portugal. Extract price, price/m², GPS coordinates, energy rating, price history, photos and agency contact leads as JSON, CSV or Excel without an official API key"
Auchan Portugal Scraper - Grocery Products & Prices,Studio Amba,https://apify.com/studio-amba/auchan-pt-scraper?fpr=youssef,brasil,1,2,,0,"Scrape products, prices, brands, and stock status from Auchan Portugal (auchan.pt), the online successor to the discontinued Minipreço storefront. Export to JSON, CSV, or Excel"
Casa SAPO Scraper - Portugal Real Estate Listings,Studio Amba,https://apify.com/studio-amba/casa-sapo-pt-scraper?fpr=youssef,brasil,1,2,,0,"Scrape property listings from Casa SAPO (casa.sapo.pt), Portugal's national property portal. Extract prices, locations, areas, rooms, images, agencies, and geo-coordinates for apartments, houses, land, and commercial properties for sale or rent. No login or cookies required"
Emprego SAPO Scraper - Portugal Job Listings Data,Studio Amba,https://apify.com/studio-amba/emprego-sapo-pt-scraper?fpr=youssef,brasil,1,2,,0,"Scrape job listings from emprego.sapo.pt, the SAPO portal's jobs board in Portugal. Search by keyword, district, and category. Extract job titles, companies, locations, full descriptions, employment type, and posting dates. No login or cookies required"
Portugal Company Registry Scraper - RNPC / Registo Comercial,Walid,https://apify.com/dltik/portugal-company-registry-scraper?fpr=youssef,brasil,1,2,,0,"Look up Portugal companies by NIF and get identity + legal status (active, liquidation, insolvency, struck off) from the official RNPC / Registo Comercial (via VIES). Rich JSON: legal form, registered address, incorporation date, activity, VAT. Lookup by NIF, batch mode. No API key"
OLX Portugal Scraper,Gio,https://apify.com/gio21/olx-portugal-scraper?fpr=youssef,brasil,1,2,,0,"Scrape classified listings from olx.pt (Portugal). Title, price, location, photo"
Standvirtual Portugal Car Marketplace Scraper,BowTiedRaccoon,https://apify.com/jungle_synthesizer/standvirtual-portugal-car-marketplace-scraper?fpr=youssef,brasil,1,2,,0,"Extract detailed car listings from Standvirtual, Portugal's leading vehicle marketplace, covering cars, commercial vehicles and motorcycles. Get pricing, mileage, engine specs, seller identity, location and equipment details for every listing, ready for market analysis or lead generation"
CustoJusto.pt Scraper - Portugal Classified Ads & Prices,Logiover,https://apify.com/logiover/custojusto-pt-marketplace-scraper?fpr=youssef,brasil,1,2,,0,"Scrape CustoJusto.pt, Portugal's largest classifieds site, in bulk: title, description, price in EUR, district, county and parish, seller name, business-seller flag, photo count and post date as sortable columns. Category browse or keyword search. Keyless. JSON, CSV or Excel"
CustoJusto Scraper | Portugal Classified Ads & Prices,Roberto Kerber,https://apify.com/plum_spear/aztec-custojusto?fpr=youssef,brasil,1,2,,0,"Scrape CustoJusto classified ads across Portugal by keyword and region. Returns title, price in EUR, category, district, county, parish, images, publication date and the ad URL as clean structured data"
Emagister Portugal Course Scraper,Unfenced Group,https://apify.com/unfenced-group/emagister-pt-scraper?fpr=youssef,brasil,1,2,,0,"Scrape 6,000+ training courses from Emagister Portugal. Returns title, provider, price (EUR), duration, delivery mode (online/in-person), start date, location and course description. Filter by keyword, category and city"
DataJud Scraper - Brazil Court Cases & Processos (CNJ API),RecordsData,https://apify.com/recordsdata/datajud-scraper?fpr=youssef,brasil,1,2,,0,"Scrape Brazil's official DataJud (CNJ) API for judicial processes across 91 federal, state, labor, electoral and military courts. Look up by CNJ process number, class or judging unit, or pull recent activity with movement history. Export CSV, Excel, JSON. No login or API key"
QuintoAndar Scraper,Crawler Bros,https://apify.com/crawlerbros/quintoandar-scraper?fpr=youssef,brasil,1,2,,0,"Scrape QuintoAndar - Brazil's leading property rental and sales platform. Search residential properties for rent and sale across 15+ major Brazilian cities including São Paulo, Rio de Janeiro, Belo Horizonte, Curitiba. Returns price, bedrooms, bathrooms, area, address, neighborhood"
QuintoAndar Scraper - Brazil Rentals & Sales,Dami's Studio,https://apify.com/dami_studio/quintoandar-scraper?fpr=youssef,brasil,1,2,,0,"QuintoAndar scraper for Brazilian rentals and sales. Name a city or neighbourhood, or paste a URL, and get one row per listing: rent, sale price, condo fee and IPTU, total monthly cost, area, bedrooms, parking, amenities and photos"
"Brazil Real Estate OLX, QuintoAndar, ImovelWeb & Airbnb",Scrape Pilot,https://apify.com/scrapepilot/brazil-real-estate-olx-quintoandar-imovelweb-airbnb?fpr=youssef,brasil,1,2,,0,"Scrape real estate across Brazil from OLX, QuintoAndar, ImovelWeb & Airbnb. Get 100% genuine sales & rentals with prices, condo fees, IPTU, m² area, bedrooms, bathrooms, parking, ratings, reviews, coordinates & HD photos across all 27 Brazilian states. Fast & reliable"
QuintoAndar Property Scraper,ParseBird,https://apify.com/parsebird/quintoandar-property-scraper?fpr=youssef,brasil,1,2,,0,"Scrape QuintoAndar property listings across 80+ Brazilian cities. Extract prices, rooms, area, amenities, location, and photos for sale and rent listings. Export JSON, CSV, Excel via API"
QuintoAndar Scraper - Brazil Property Prices & Rental Yield,Logiover,https://apify.com/logiover/quintoandar-brazil-property-scraper?fpr=youssef,brasil,1,2,,0,"Scrape QuintoAndar, Brazil's largest rental and resale property platform. Extract sale price, monthly rent, total cost with condo fees and IPTU tax, area, bedrooms, bathrooms, parking, neighbourhood, city, amenities and the rental yield the site itself computes"
Quintoandar Rental Listings Extractor,Kawsar,https://apify.com/kawsar/quintoandar-rental-listings-extractor?fpr=youssef,brasil,1,2,,0,"QuintoAndar rental listings extractor that pulls rent, total cost, area, bedrooms, address, and photos from search results, so you can track prices and run property research without copying by hand"
QuintoAndar Scraper - Brazil Property Listings,hiper soft,https://apify.com/hipersoft/quintoandar-scraper?fpr=youssef,brasil,1,2,,0,"Scrape public real-estate listings from QuintoAndar, Brazil's largest rental & sale property portal. Pick a city or paste a search URL and export one clean row per property: price, rent, area, bedrooms, bathrooms, parking, address, neighbourhood, photos and listing URL - as JSON, CSV or Excel"
QuintoAndar Scraper - Brazil Rental & Sale Listings,Scrapewise Data,https://apify.com/scrapewise/quintoandar?fpr=youssef,brasil,1,2,,0,"Rental and sale listings from QuintoAndar for any Brazilian city: rent, condo+IPTU fee, total monthly cost, sale price, area, bedrooms, bathrooms, parking, property type, neighbourhood and furnished flag. No login. US; failed items are free"
OLX Brazil Listings Scraper,DevilScrapes,https://apify.com/devilscrapes/olx-brazil-scraper?fpr=youssef,brasil,1,2,,0,"Search OLX Brazil (olx.com.br) classifieds by keyword and collect structured listings -- titles, prices, locations, categories, and images -- across paginated results in one clean dataset per query, no manual city-by-city browsing"
"OLX Brazil Scraper | Listings, Prices & Photos",DataScraperES,https://apify.com/datascraperes/olx-brazil-listings-scraper?fpr=youssef,brasil,1,2,,0,"Scrape OLX Brazil listings by search URL or keyword. Get BRL prices, locations, attributes and photos, with optional listing details and seller profile enrichment. Export JSON, CSV or Excel. Pay per saved listing; profile enrichment is an optional extra charge"
"ImmoScout24 Scraper - Germany, Austria & Spain Property",kane liu,https://apify.com/lentic_clockss/immobilienscout24-scraper?fpr=youssef,other-lead-sources,1,1,,0,"Scrape ImmobilienScout24.de, ImmobilienScout24.at, Fotocasa, and Habitaclia homes for sale and to rent. Extract prices, rooms, living space, agents, and photos as an ImmoScout24 API alternative"
ASOS Product Scraper | Fashion Prices & SKUs,kane liu,https://apify.com/lentic_clockss/asos-scraper?fpr=youssef,other-lead-sources,1,1,,0,"Scrape ASOS.com fashion products - keyword search, category PLP & PDP. Extract prices, brands, colourWayId, sizes, images across global markets. Export Excel/CSV/JSON. Unofficial"
Bayut Scraper | UAE Saudi Egypt Bahrain Qatar,kane liu,https://apify.com/lentic_clockss/bayut-uae-scraper?fpr=youssef,other-lead-sources,1,1,,0,"Scrape Bayut UAE, Saudi Arabia, Egypt, Bahrain & Qatar listings for sale or rent. Extract prices, beds, agency & photos. Bayut API alternative"
App Store Scraper | Charts & Developer Sites,kane liu,https://apify.com/lentic_clockss/apple-app-store-scraper?fpr=youssef,email-finders,1,1,,0,"Scrape Apple App Store search, charts, reviews and developer pages. Extract adamId, ratings, seller/developer names, and Developer Website URLs. Guest pages only - App Store listings do not publish developer phone, email, or street address. 174 storefronts. Excel, CSV, JSON"
Otodom Scraper | Poland Real Estate Sale Rent,kane liu,https://apify.com/lentic_clockss/otodom-scraper?fpr=youssef,other-lead-sources,1,1,,0,"Scrape Otodom.pl Poland sale, rent & developer listings. Extract prices (PLN), rooms, size, agencies & URLs - Otodom API alternative"
e-Vergabe Germany Scraper - Federal Public Procurement Tenders,Studio Amba,https://apify.com/studio-amba/evergabe-scraper?fpr=youssef,other-lead-sources,1,1,,0,"Search and extract German federal public procurement tender notices from evergabe-online.de (e-Vergabe). Filter by keyword and publication date. Returns buyer info, deadlines, procedure type and place of performance. No API key, no login required"
Shopify Scraper - Stores & Products,Spool,https://apify.com/spool/shopify-store-products-scraper?fpr=youssef,other-lead-sources,1,1,,0,"Shopify store scraper and Shopify products scraper in one run: every product and variant with GTIN barcodes, plus store-level launch velocity, price positioning, discounting, brand model and the apps the store runs"
Shopify Store Finder - Discover Ecommerce Stores,Blackcube,https://apify.com/vonsensey/shopify-ecommerce-store-finder?fpr=youssef,email-finders,1,1,,0,"Find Shopify stores you do not already have URLs for, then qualify them in the same run. Filter by country, catalogue size, activity and keywords; every store that fails a filter is free. Each result carries contact details, store size, theme, apps, price band and currency"
Temu Product Scraper | Prices Sold Global,kane liu,https://apify.com/lentic_clockss/temu-scraper?fpr=youssef,other-lead-sources,1,1,,0,"Scrape Temu (www.temu.com) - keyword search, category & channel PLPs, home discover & PDP across US, UK, EU, Asia & more. Extract goodsId, prices, ratings, sold counts, images. Export Excel/CSV/JSON for e-commerce research & price monitoring"
Tech Stack Detector - Website Technology Lookup API,Kobkoon Janngam,https://apify.com/appdata-labs/tech-stack-detector?fpr=youssef,enrichment-verification,1,1,,0,"Find out what any website is built on. Detects frameworks, CDNs, ecommerce platforms, CMSs, analytics, support widgets and payment providers from one polite request - and reports the evidence behind every single detection, so you can check the answer instead of trusting it"
"UK Planning Applications Monitor: New, Pending & Decided",Zach Wallace,https://apify.com/registryfeeds/uk-planning-monitor?fpr=youssef,other-lead-sources,1,1,,0,"Track new, pending, and decided UK planning applications (extensions, new builds, change of use, solar) from planning.data.gov.uk. Covers Camden, Worthing, Adur, and Doncaster today, expanding as the register onboards councils. Deduplicated, with change detection and lead alerts"
"Job Board API - LinkedIn, Indeed, Glassdoor, Workday + 25 More",Spool,https://apify.com/spool/job-board-api?fpr=youssef,linkedin,1,1,,0,"Job board API across 32 sources: LinkedIn, Indeed, Glassdoor, Naukri, Amazon, Workday, Welcome to the Jungle, remote job feeds, SWE internships and new grad jobs, 14 employer ATS platforms. Deduplicated, salaries in USD, 190 technologies, a hiring profile per company, new-jobs monitor"
Skool Events Scraper - Community Calendar & Reminders,Scrapers Delight,https://apify.com/scrapersdelight/skool-events-scraper?fpr=youssef,email-finders,1,1,,0,"scrape any Skool community calendar - title, description, start/end time, timezone, recurring flag, host, location & link. Public communities need no login; bring your own Skool login for member-only data. Monitor mode alerts you to new events via Slack/email/webhook"
"Google Maps Business Scraper - Name, Rating, Address",Khandji Omar,https://apify.com/om_kh/google-maps-business-scraper?fpr=youssef,google-maps,1,1,,0,"Scrape Google Maps businesses for any search and location: name, address, phone, website, category, rating, review count and coordinates. Export to JSON, CSV or Excel, or call it from the API, n8n or Make. No login or Google API key needed. For lead generation and local-market research"
Bug Bounty Finder: HackerOne and Bugcrowd Programs as Flat Data,GetAScraper,https://apify.com/getascraper/bug-bounty-finder?fpr=youssef,other-lead-sources,1,1,,0,"Find every public bug bounty program for a company on HackerOne and Bugcrowd, plus its published security.txt contact, in one run. Returns one flat row per program or contact: bounty range, currency, resolved reports, program link. No program found still returns a security contact"
Trulia Scraper,ONE API,https://apify.com/one-api/trulia-scraper?fpr=youssef,other-lead-sources,1,1,,0,"Scrape Trulia listings, full property details, similar homes, local amenities, and location autocomplete. Search by location, ZIP, coordinates, or Trulia URL with price, beds, baths, sqft and property-type filters. One flat row per result plus full raw JSON"
"Contact Details Scraper: Pay Per Site, Not Page",Pradio Actors,https://apify.com/pradio/website-email-phone?fpr=youssef,email-finders,1,1,,0,"Extract website emails and contact details, and pay once per site with contacts, not per page read: phones, social profiles, company name, address, contact form and the page each value came from, one row per site. A site with no contacts comes back free and says why"
"Etsy Product Research Tool - Demand, Price & Tag Data",Blackcube,https://apify.com/vonsensey/etsy-product-research-tool?fpr=youssef,other-lead-sources,1,1,,0,"Find what sells on Etsy before you list. One search term sweeps a whole niche through Etsy's own ranked suggestions and returns every product with favourites, price in USD with its option range, and all 13 SEO tags. Pay per product, no run-start fee"
Brazil CNPJ Lookup - Company Data from Receita Federal,WebData Labs,https://apify.com/webdata_labs/brazil-cnpj-lookup?fpr=youssef,brasil,1,1,,0,"[ ] Clean English firmographics for any Brazil CNPJ: legal/trade name, status, size tier, CNAE sector, age, tax regime, partners, phone & address - decoded from the raw Receita Federal codes and mojibake, not a Portuguese dump"
Brazil CNPJ Scraper - Company Data from Receita Federal,hiper soft,https://apify.com/hipersoft/brazil-cnpj-scraper?fpr=youssef,brasil,1,1,,0,"Look up Brazilian companies by CNPJ and get the full official record: legal name, address, industry (CNAE), partners/shareholders (QSA), tax regime, and status. Fast, reliable, and cheap"
API de Cadastro Nacional de Obras Civis (CNO) por CNPJ,BrasilDados.org - API e Data as a Service,https://apify.com/brasildados/cno-cadastro-nacional-de-obras-api?fpr=youssef,brasil,1,1,,0,Consulte obras civis vinculadas a empresas pelo CNPJ
Consulta CNPJ em Lote - Enriquecimento de Empresas,BrasilDados.org - API e Data as a Service,https://apify.com/brasildados/enriquecimento-lista-empresas-por-cnpj?fpr=youssef,brasil,1,1,,0,"Faça consulta CNPJ em lote e enriqueça até 1.000 empresas brasileiras de uma vez. Receba razão social, nome fantasia, situação cadastral, atividades CNAE, contatos, endereço protegido e quadro societário. Aceita CNPJ com ou sem pontuação e exporta em JSON, CSV ou Excel via Batch ou Standby"
"Consulta Sanções CPF/CNPJ - CEIS, CNEP, CEPIM, CEAF e Leniência",BrasilDados.org - API e Data as a Service,https://apify.com/brasildados/consulta-sancoes-cpf-cnpj-ceis-cnep-cepim-ceaf?fpr=youssef,brasil,1,1,,0,"Consulte sanções oficiais de pessoas e empresas no Brasil por CPF ou CNPJ no CEIS, CNEP, CEPIM, CEAF e Acordos de Leniência. Retorne punições, órgãos, processos, datas, fundamentos e situação em JSON pela API em lote, com CPF mascarado e cobrança apenas por sanção encontrada"
Hotéis e Pousadas no Booking Brasil - Leads com E-mail e CNPJ,MoreLock,https://apify.com/paulovitor18/booking-brasil-hoteis?fpr=youssef,brasil,1,1,,0,"Pare de ligar para a recepção atrás do e-mail do gerente. Receba hotéis, pousadas e hostels de uma cidade brasileira com e-mail e telefone comerciais, razão social, endereço fiscal e CNPJ conferido na Receita Federal. Prospecção pronta para quem vende para hotelaria. Pague só pelo lead com contato"
"Licitações Brasil (PNCP) | Editais, Atas & Contratos",João Pedro Rodrigues,https://apify.com/pedrocadev/licitacoes-brasil-pncp?fpr=youssef,brasil,1,1,,0,"[ ] Monitore licitações públicas do Brasil inteiro via PNCP. Busque editais abertos, atas e contratos por palavra-chave, estado e modalidade. Dados oficiais do Portal Nacional de Contratações Públicas"
"InfoJobs Brasil Scraper - Jobs, Salaries, Vagas & Empregos BR",Scrapers Lat,https://apify.com/scrapers_lat/infojobs-br-scraper?fpr=youssef,brasil,1,1,,0,"Scrape InfoJobs Brasil job postings and vagas de emprego across every Brazilian state. Get title, company, salary range (BRL), CLT/PJ contract, work model (remoto, hibrido, presencial), skills, benefits, education, seniority, dates and full description. Export JSON, CSV, Excel, XML"
BikeShop Brasil Bicicletas Catalog Scraper,BowTiedRaccoon,https://apify.com/jungle_synthesizer/bikeshop-com-br-bicicletas-catalog-scraper?fpr=youssef,brasil,1,1,,0,"Scrapes the full bicycle product catalog from BikeShop.com.br - Brazil's dedicated bike e-commerce retailer. Returns MSRP, sale price, parcelamento (installments), stock status, brand, and category for all SKUs including Oggi, Nathor, and more"
O Boticario Brazil Product & Price Scraper,Latin America Data,https://apify.com/latinamericadata/o-boticario-brasil?fpr=youssef,brasil,1,1,,0,"Extraia perfumes e cosmeticos do O Boticario Brasil com precos, promocoes, estoque, avaliacoes, kits, marcas, imagens e URLs. Scraper e API para beleza e inteligencia de ecommerce"
Catho Jobs Scraper / Vagas por Termo,Scrapewise Data,https://apify.com/scrapewise/catho-vagas?fpr=youssef,brasil,1,1,,0,"Search Catho.com.br, one of Brazil's largest job boards, by term and city: job title, hiring company, salary when the ad shows it, city and the listing URL. Blocked pages come back with the reason, not with a wrong answer. No login. US; failed items are free"
Portugal Corporate Acts Scraper - Publicações,getregdata,https://apify.com/regdata/portugal-corporate-acts-scraper?fpr=youssef,brasil,1,1,,0,"Search the official Portuguese Ministry of Justice register of published corporate acts by NIF or entity name. Returns act date, entity, municipality and act type for companies, associations and foundations"
PaiPt Scraper - Portugal Business Directory (Paginas Amarelas),Crawler Bros,https://apify.com/crawlerbros/paipt-scraper?fpr=youssef,brasil,1,1,,0,"Scrape pai.pt (Portugal's Yellow Pages / Paginas Amarelas business directory) listings. Search by category and location (concelho), or fetch full business profiles by URL. Get names, addresses, phone numbers, emails, websites, categories, opening hours, and coordinates"
Portugal Property Auctions API - e-leiloes Judicial Auctions,WebData Labs,https://apify.com/webdata_labs/portugal-e-leiloes-auctions-api?fpr=youssef,brasil,1,1,,0,"[ ] Official Portugal e-leiloes judicial auctions in a clean English schema: minimum bid, appraisal discount, court case, debtor signals, location, and enforcement-agent contact for property, vehicle, and equipment auction sourcing"
RE/MAX Portugal Scraper - Real Estate Listings,Studio Amba,https://apify.com/studio-amba/remax-pt-scraper?fpr=youssef,brasil,1,1,,0,"Scrape property listings from RE/MAX Portugal (remax.pt), Portugal's largest real estate agency network. Extract prices, areas, energy labels, and agent details for apartments, houses, land, and commercial properties for sale or rent across every district. No login required"
"Standvirtual Scraper: Used Cars Portugal, Prices & Mileage Data",GetAScraper,https://apify.com/getascraper/standvirtual-cars-scraper?fpr=youssef,brasil,1,1,,0,"Scrape Standvirtual.com used car listings from Portugal: price, year, mileage, make, model, fuel type, transmission, location, and seller type. Filter by make, price, year, and mileage. Export JSON or CSV for Sheets, Make, and Zapier. No login needed. Pay per listing"
Imovirtual Scraper - Portuguese Real Estate,Ben,https://apify.com/benthepythondev/imovirtual-scraper?fpr=youssef,brasil,1,1,,0,"Scrape Imovirtual.com (Portugal's largest real-estate portal): title, price, price per m2, area, rooms, floor, full address, agency vs private, images and URL, to buy or to rent. Reliable via Imovirtual's data. For real-estate research and lead generation"
OLX Brazil Scraper API,Dami's Studio,https://apify.com/dami_studio/olx-brazil-scraper?fpr=youssef,brasil,1,1,,0,"Scrape classified ads from olx.com.br by Portuguese search term, state or category, or a pasted results page. Each row has the title, price in reais, category, city and state, publish date, photos, private or business seller, the ad's specs and link"
"OLX Brazil Scraper - Any Category, Any Keyword",reventadata,https://apify.com/reventadata/olx-scraper?fpr=youssef,brasil,1,1,,0,"Searches any category on olx.com.br - real estate, cars, electronics, anything - and returns priced listings with structured attributes (area, bedrooms, mileage, color, engine) parsed from the site's own detail chips. No seller identity is ever collected"
OLX Brazil Scraper,Trevor Ortega,https://apify.com/tortuga/olx-brazil-scraper?fpr=youssef,brasil,1,1,,0,"Scrape OLX Brazil (olx.com.br) listings from any search URL: price, location, rooms, area, condo fee, mileage, photos, listing date, seller type. Real estate, cars and all categories"
